symbol,as_of,sessions,short_history,prior_52w_high,prior_52w_high_date,prior_52w_low,prior_52w_low_date,prev_close,avg_vol_20,close_ref,source
20MICRONS.NS,2026-10-08,252.0000,False,237.4000,2025-12-26,129.6100,2026-03-30,194.8100,116792.2500,219.2800,yfinance
21STCENMGM.NS,2026-10-08,252.0000,False,53.7900,2025-12-29,28.2500,2026-04-06,41.0700,4337.7000,38.5900,yfinance
360ONE.NS,2026-10-08,252.0000,False,1236.2000,2026-01-16,906.0500,2026-04-07,1041.1000,963490.1500,1110.0000,yfinance
3IINFOLTD.NS,2026-10-08,252.0000,False,27.8000,2026-08-12,12.6800,2026-03-09,23.0000,304204.2500,22.3200,yfinance
3MINDIA.NS,2026-10-08,252.0000,False,38030.0000,2026-02-10,28730.0000,2026-04-02,30025.0000,6129.2000,33145.0000,yfinance
3PLAND.NS,2026-10-08,252.0000,False,45.1000,2025-10-01,28.5100,2026-03-16,30.7700,7025.4000,32.4000,yfinance
5PAISA.NS,2026-10-08,252.0000,False,416.9500,2026-08-19,245.5000,2026-03-30,338.2000,145325.6500,337.4000,yfinance
63MOONS.NS,2026-10-08,252.0000,False,957.9500,2026-08-03,467.0000,2026-03-30,761.5500,419822.3500,868.2500,yfinance
A2ZINFRA.NS,2026-10-08,252.0000,False,19.3900,2025-11-11,12.0000,2026-07-23,13.7200,199591.1500,15.8000,yfinance
AAATECH.NS,2026-10-08,252.0000,False,136.0000,2025-10-07,78.7100,2025-09-30,103.4400,189892.8000,92.6400,yfinance
AADHARHFC.NS,2026-10-08,252.0000,False,563.0000,2026-07-06,427.3000,2026-09-29,450.5500,369610.7500,479.6500,yfinance
AAKASH.NS,2026-10-08,252.0000,False,13.4000,2026-03-06,6.8600,2026-10-06,8.2000,139233.1500,8.4900,yfinance
AAREYDRUGS.NS,2026-10-08,252.0000,False,110.0000,2026-10-07,50.3100,2026-03-30,103.8900,277211.3500,98.0300,yfinance
AARNAV.NS,2026-10-08,152.0000,True,38.0000,2026-10-06,21.0000,2026-03-30,35.5400,21153.9000,31.5900,yfinance
AARON.NS,2026-10-08,252.0000,False,228.0000,2025-10-28,106.8000,2026-03-30,121.0500,16328.1500,125.0100,yfinance
AARTECH.NS,2026-10-08,252.0000,False,64.7500,2025-10-24,33.5100,2026-03-30,47.6900,35791.2000,51.3800,yfinance
AARTIDRUGS.NS,2026-10-08,252.0000,False,534.0000,2025-11-10,318.9500,2026-03-30,414.0000,202167.1000,421.5000,yfinance
AARTIIND.NS,2026-10-08,252.0000,False,551.7500,2026-08-25,338.0500,2026-01-21,478.0500,526966.7500,503.7000,yfinance
AARTIPHARM.NS,2026-10-08,252.0000,False,1002.4000,2026-09-30,585.0000,2026-03-30,879.0500,902314.8000,867.0000,yfinance
AARTISURF.NS,2026-10-08,252.0000,False,677.7000,2026-08-14,316.0000,2026-03-30,485.8000,14056.6000,538.7500,yfinance
AARVI.NS,2026-10-08,252.0000,False,168.4000,2026-07-10,115.9900,2025-11-10,138.2600,8498.8500,142.1600,yfinance
AASTHA.NS,2026-10-08,67.0000,True,70.0050,2026-07-22,28.6200,2026-10-08,28.6800,2084313.9000,38.4250,yfinance
AAVAS.NS,2026-10-08,252.0000,False,1771.9000,2025-11-13,1060.4000,2026-03-23,1190.5000,94069.3000,1293.5000,yfinance
ABAN.NS,2026-10-08,252.0000,False,42.7900,2025-10-01,12.8900,2026-07-10,18.6400,42181.8000,14.5500,yfinance
ABB.NS,2026-10-08,252.0000,False,7924.5000,2026-07-16,4637.5000,2026-01-21,6770.0000,187424.1000,7387.0000,yfinance
ABBOTINDIA.NS,2026-10-08,252.0000,False,30655.0000,2025-11-25,25135.0000,2026-09-11,25580.0000,8863.8500,25555.0000,yfinance
ABCAPITAL.NS,2026-10-08,252.0000,False,430.7000,2026-08-03,286.5000,2025-10-01,368.6500,2989623.3500,396.9500,yfinance
ABCOTS.NS,2026-10-08,252.0000,False,474.9000,2025-10-07,181.7300,2026-10-01,190.6700,15644.2500,207.9900,yfinance
ABDL.NS,2026-10-08,252.0000,False,753.8000,2026-09-25,382.1000,2026-03-23,693.4500,1216938.9000,594.5000,yfinance
ABFRL.NS,2026-10-08,252.0000,False,88.9900,2025-10-03,43.0500,2026-10-08,43.1800,4858865.5000,52.2400,yfinance
ABINFRA.NS,2026-10-08,252.0000,False,23.5600,2026-02-23,8.8200,2026-06-11,12.1900,275965.4000,11.5100,yfinance
ABLBL.NS,2026-10-08,252.0000,False,150.7900,2025-10-06,71.1000,2026-10-08,71.9500,3209477.7000,84.5200,yfinance
ABMINTLLTD.NS,2026-10-08,252.0000,False,72.8000,2026-08-14,34.0000,2026-02-02,40.9600,405.3000,54.7500,yfinance
ABREL.NS,2026-10-08,252.0000,False,1914.0000,2025-11-03,1011.6000,2026-10-08,1018.0000,218294.2000,1372.1000,yfinance
ABSLAMC.NS,2026-10-08,252.0000,False,1224.9000,2026-06-22,708.0000,2025-11-25,1004.9000,220136.7000,1037.8000,yfinance
ACC.NS,2026-10-08,252.0000,False,1987.0000,2025-11-24,1125.1000,2026-10-08,1130.1000,145137.0500,1262.8000,yfinance
ACCELYA.NS,2026-10-08,252.0000,False,1527.0000,2025-10-21,1012.4000,2026-03-30,1094.4000,17130.3000,1124.4000,yfinance
ACCURACY.NS,2026-10-08,252.0000,False,7.1400,2025-10-01,3.4000,2026-03-27,4.1200,62491.2000,4.2900,yfinance
ACE.NS,2026-10-08,252.0000,False,1268.0000,2026-09-21,745.1000,2026-03-30,1179.8000,366003.9500,1121.2000,yfinance
ACEINTEG.NS,2026-10-08,252.0000,False,27.2900,2025-10-15,14.2000,2026-03-27,16.4500,2199.8000,17.3700,yfinance
ACI.NS,2026-10-08,252.0000,False,704.2500,2025-10-03,446.0000,2026-09-16,462.2000,270153.3500,484.7000,yfinance
ACL.NS,2026-10-08,252.0000,False,85.5700,2025-10-09,38.4000,2026-09-29,38.9700,13726.0000,42.2900,yfinance
ACMESOLAR.NS,2026-10-08,252.0000,False,476.9000,2026-09-22,195.9000,2026-01-27,420.4000,2466779.3500,412.6000,yfinance
ACUTAAS.NS,2026-10-08,252.0000,False,3740.0000,2026-07-06,1302.0000,2025-10-01,3056.7000,382549.0500,3182.1001,yfinance
ADANIENSOL.NS,2026-10-08,252.0000,False,1789.0000,2026-07-21,803.1000,2026-01-23,1251.5000,1871494.4500,1407.7000,yfinance
ADANIENT.NS,2026-10-08,252.0000,False,3245.0000,2026-07-06,1753.0000,2026-03-30,2596.0000,1797359.3000,2953.1001,yfinance
ADANIGREEN.NS,2026-10-08,252.0000,False,1631.5000,2026-07-14,765.0000,2026-01-23,1235.7000,2169072.2000,1292.0000,yfinance
ADANIPORTS.NS,2026-10-08,252.0000,False,1891.1000,2026-07-03,1292.0000,2026-01-23,1708.0000,2214753.8500,1710.0000,yfinance
ADANIPOWER.NS,2026-10-08,252.0000,False,254.2000,2026-05-29,128.1000,2026-01-23,188.0000,20749990.2000,208.4000,yfinance
ADFFOODS.NS,2026-10-08,252.0000,False,346.9500,2026-07-02,153.1000,2026-03-27,288.3000,129360.6500,273.7000,yfinance
ADL.NS,2026-10-08,252.0000,False,109.9000,2025-10-10,50.2600,2026-03-30,73.6400,1145.8500,74.6900,yfinance
ADOR.NS,2026-10-08,252.0000,False,1766.4000,2026-08-31,848.0000,2026-04-07,1486.1000,30212.5000,1626.2000,yfinance
ADROITINFO.NS,2026-10-08,252.0000,False,15.8400,2026-09-30,7.5500,2026-03-30,11.5600,244638.9000,10.6300,yfinance
ADSL.NS,2026-10-08,252.0000,False,204.6500,2025-10-06,86.2700,2026-03-30,98.4200,533994.4000,101.2300,yfinance
ADVAIT.NS,2026-10-08,177.0000,True,2485.0000,2026-06-17,1351.0000,2026-01-27,1871.6000,35577.0500,2153.8999,yfinance
ADVANCE.NS,2026-10-08,248.0000,True,154.0000,2025-10-27,84.1000,2026-03-30,113.8500,239332.0000,115.5300,yfinance
ADVANIHOTR.NS,2026-10-08,252.0000,False,65.5000,2026-01-23,46.7500,2026-09-16,47.2300,19888.8000,49.1400,yfinance
ADVENTHTL.NS,2026-10-08,224.0000,True,345.0500,2025-11-14,116.8000,2026-10-08,118.4500,142581.2500,132.7800,yfinance
ADVENZYMES.NS,2026-10-08,252.0000,False,419.0000,2026-05-11,251.9500,2026-03-30,264.9000,214337.8500,298.8500,yfinance
AEGISLOG.NS,2026-10-08,252.0000,False,1528.7000,2026-09-22,576.1000,2026-03-23,1382.3000,1081875.0500,1268.1000,yfinance
AEGISVOPAK.NS,2026-10-08,252.0000,False,320.9500,2026-09-21,158.0000,2026-03-30,285.2000,1926035.7500,290.6500,yfinance
AEPL.NS,2026-10-08,142.0000,True,20.2500,2026-04-10,13.2500,2026-03-30,14.8500,33763.3500,18.1100,yfinance
AEQUS.NS,2026-10-08,205.0000,True,294.7000,2026-10-06,113.3000,2026-03-16,268.0000,5341424.8000,231.9000,yfinance
AEROENTER.NS,2026-10-08,252.0000,False,159.6000,2026-09-08,62.2000,2026-03-23,125.4500,817603.9000,152.6500,yfinance
AEROFLEX.NS,2026-10-08,252.0000,False,584.1500,2026-09-08,158.0000,2026-01-23,529.0000,1376067.5500,573.5000,yfinance
AERONEU.NS,2026-10-08,252.0000,False,105.5000,2026-06-30,63.2100,2026-03-19,68.4000,58569.0000,74.1300,yfinance
AEROPLANE.NS,2026-10-08,129.0000,True,220.8900,2026-10-08,117.0200,2026-04-15,216.0900,1023407.3500,199.3100,yfinance
AETHER.NS,2026-10-08,252.0000,False,1814.1000,2026-10-06,728.0000,2025-11-11,1744.1000,376607.3500,1642.9000,yfinance
AFCONS.NS,2026-10-08,252.0000,False,479.4000,2025-10-10,225.3500,2026-09-16,242.1100,2853972.3500,280.2500,yfinance
AFFLE.NS,2026-10-08,252.0000,False,1993.7000,2025-10-10,1251.3000,2026-03-23,1401.4000,142938.7500,1609.4000,yfinance
AFFORDABLE.NS,2026-10-08,252.0000,False,297.0000,2025-10-16,119.7100,2026-03-30,158.2800,21408.6500,164.2300,yfinance
AFIL.NS,2026-10-08,252.0000,False,11.1000,2026-06-22,3.9200,2026-02-02,7.5800,543269.5500,9.0700,yfinance
AFSL.NS,2026-10-08,252.0000,False,227.0000,2025-11-12,194.4100,2025-10-13,201.0000,7491.8000,201.1600,yfinance
AGARIND.NS,2026-10-08,252.0000,False,951.0000,2025-10-01,360.0000,2026-04-30,369.1500,35473.8000,440.9000,yfinance
AGARWALEYE.NS,2026-10-08,252.0000,False,568.0000,2025-10-16,401.0000,2026-03-30,471.0000,262073.9000,519.7000,yfinance
AGASTYAEN.NS,2026-10-08,252.0000,False,76.8900,2026-09-24,9.2600,2025-12-04,64.1700,67929.7500,61.9000,yfinance
AGI.NS,2026-10-08,252.0000,False,896.1500,2025-10-14,465.0000,2026-03-23,782.6000,191049.7000,783.8000,yfinance
AGIIL.NS,2026-10-08,252.0000,False,434.4000,2026-05-04,224.7000,2025-10-15,250.0500,1670958.2000,271.6500,yfinance
AGL.NS,2026-10-08,68.0000,True,22.0000,2026-07-03,12.0300,2026-07-17,12.1500,2128564.3000,16.0200,yfinance
AGRITECH.NS,2026-10-08,252.0000,False,187.1900,2025-12-17,85.5500,2026-10-06,92.9900,3433.6500,99.7500,yfinance
AGROPHOS.NS,2026-10-08,252.0000,False,45.8900,2025-10-06,21.0000,2026-09-09,21.8900,27567.8500,23.4400,yfinance
AHCL.NS,2026-10-08,252.0000,False,37.2400,2026-09-30,10.3710,2026-03-02,26.7800,56869810.9500,15.6100,yfinance
AHLADA.NS,2026-10-08,252.0000,False,66.4400,2026-01-08,31.2200,2026-03-30,36.7800,13478.3000,36.3000,yfinance
AHLEAST.NS,2026-10-08,252.0000,False,175.3000,2026-04-23,127.2500,2026-01-21,132.7800,1247.7500,135.3800,yfinance
AHLUCONT.NS,2026-10-08,252.0000,False,1077.9500,2025-11-18,540.5500,2026-10-01,554.0500,67683.7500,607.1500,yfinance
AHLWEST.NS,2026-10-08,252.0000,False,751.4000,2026-05-22,137.0000,2026-04-06,550.0000,728.9500,515.5000,yfinance
AIAENG.NS,2026-10-08,252.0000,False,5180.0000,2026-06-30,3045.0000,2025-09-30,3742.8999,57151.9500,4259.0000,yfinance
AIIL.NS,2026-10-08,252.0000,False,683.0000,2026-01-13,400.0000,2026-03-09,550.1000,472886.8000,526.2000,yfinance
AIRAN.NS,2026-10-08,252.0000,False,26.5900,2025-10-01,12.6300,2026-03-30,14.9500,110068.4000,17.1500,yfinance
AIROLAM.NS,2026-10-08,252.0000,False,117.5000,2025-10-09,78.0000,2026-06-04,86.5200,5393.2000,88.6700,yfinance
AJANTPHARM.NS,2026-10-08,252.0000,False,3796.0000,2026-08-18,2329.8999,2025-09-30,3435.6001,97467.1500,3579.3000,yfinance
AJAXENGG.NS,2026-10-08,252.0000,False,678.0000,2025-11-17,394.8000,2026-03-30,571.2500,163174.5500,594.1000,yfinance
AJMERA.NS,2026-10-08,252.0000,False,221.4000,2025-11-03,98.0300,2026-03-30,115.7700,323361.9500,118.1000,yfinance
AJOONI.NS,2026-10-08,252.0000,False,5.5000,2026-02-09,2.9500,2026-10-07,3.0100,346695.5000,3.4400,yfinance
AKASH.NS,2026-10-08,252.0000,False,34.7400,2026-01-09,22.8000,2026-03-30,24.4500,3788.8000,25.0900,yfinance
AKG.NS,2026-10-08,252.0000,False,15.0700,2025-10-13,8.0600,2026-08-05,9.4000,24500.8500,9.8300,yfinance
AKI.NS,2026-10-08,252.0000,False,9.4900,2025-10-08,3.8000,2026-03-25,6.1300,131382.0500,7.1500,yfinance
AKSHAR.NS,2026-10-08,252.0000,False,0.7600,2025-10-10,0.3600,2026-03-09,0.4200,942258.7000,0.4200,yfinance
AKSHARCHEM.NS,2026-10-08,252.0000,False,472.0000,2026-09-08,141.3000,2026-03-30,367.8500,11584.7500,452.5000,yfinance
AKSHOPTFBR.NS,2026-10-08,252.0000,False,9.0100,2026-09-10,3.8200,2026-03-30,7.3900,392442.7000,8.1900,yfinance
AKUMS.NS,2026-10-08,252.0000,False,838.8000,2026-09-23,409.3000,2026-01-21,786.7000,278410.0500,736.6000,yfinance
ALANKIT.NS,2026-10-08,252.0000,False,13.3800,2025-09-30,6.8000,2026-03-30,7.6000,129657.8500,7.9900,yfinance
ALBERTDAVD.NS,2026-10-08,252.0000,False,931.8500,2026-08-31,579.9000,2026-03-30,793.9000,4561.0500,844.0500,yfinance
ALEMBICLTD.NS,2026-10-08,252.0000,False,117.7200,2026-09-03,70.4600,2026-03-30,99.7200,804758.9500,109.7300,yfinance
ALGOQUANT.NS,2026-10-08,186.0000,True,76.2000,2026-09-18,47.8000,2026-03-23,67.5000,1594689.6000,63.7000,yfinance
ALICON.NS,2026-10-08,252.0000,False,1022.0000,2025-10-27,580.0000,2026-03-30,859.0000,138378.0000,695.4500,yfinance
ALIVUS.NS,2026-10-08,252.0000,False,1493.8000,2026-08-31,819.0000,2026-01-22,1337.2000,126093.8500,1372.0000,yfinance
ALKALI.NS,2026-10-08,252.0000,False,107.3800,2025-10-09,46.8000,2026-03-30,89.1500,75182.9000,87.3400,yfinance
ALKEM.NS,2026-10-08,252.0000,False,5933.5000,2026-01-13,5051.0000,2026-09-11,5249.5000,172837.9000,5181.0000,yfinance
ALKYLAMINE.NS,2026-10-08,252.0000,False,2115.0000,2026-08-24,1212.0000,2026-03-17,1827.3000,206383.6500,1970.7000,yfinance
ALLCARGO.NS,2026-10-08,252.0000,False,36.5500,2025-10-15,7.1100,2026-03-30,9.9900,7897408.6000,13.0200,yfinance
ALLDIGI.NS,2026-10-08,252.0000,False,1000.0000,2026-02-03,700.0000,2026-03-30,782.7500,5342.3500,804.9000,yfinance
ALLTIME.NS,2026-10-08,252.0000,False,314.7000,2025-11-04,174.3000,2026-10-08,175.4300,113898.1500,211.4600,yfinance
ALMONDZ.NS,2026-10-08,252.0000,False,21.9200,2026-09-28,10.6800,2026-03-30,18.8300,325867.2000,19.6100,yfinance
ALOKINDS.NS,2026-10-08,252.0000,False,18.4500,2025-10-16,6.9200,2026-10-01,9.0000,28738298.8500,7.4600,yfinance
ALPA.NS,2026-10-08,252.0000,False,93.8500,2025-10-13,46.1000,2026-03-30,56.3800,23322.7500,63.1700,yfinance
ALPHAGEO.NS,2026-10-08,252.0000,False,368.0000,2026-08-18,164.8000,2026-03-30,250.7000,6293.1000,323.1000,yfinance
AMAGI.NS,2026-10-08,176.0000,True,727.4000,2026-08-13,310.2000,2026-04-07,555.3000,352156.8000,576.1500,yfinance
AMANTA.NS,2026-10-08,252.0000,False,209.9500,2026-09-10,92.0000,2026-03-16,196.7600,44483.8000,201.8600,yfinance
AMBALALSA.NS,2026-10-08,117.0000,True,49.9800,2026-08-10,30.1500,2026-07-23,40.2700,43575.0500,42.0500,yfinance
AMBER.NS,2026-10-08,252.0000,False,8974.0000,2026-05-07,5400.5000,2026-01-27,6555.0000,129842.6500,7308.0000,yfinance
AMBICAAGAR.NS,2026-10-08,252.0000,False,29.6800,2025-11-17,20.0000,2026-03-23,23.3100,22999.0000,25.4400,yfinance
AMBIKCO.NS,2026-10-08,252.0000,False,1931.0000,2026-08-07,1101.0000,2026-01-21,1483.3000,7858.9000,1631.9000,yfinance
AMBUJACEM.NS,2026-10-08,252.0000,False,588.7500,2025-11-04,341.0000,2026-10-08,341.0000,1775108.0000,398.3000,yfinance
AMDIND.NS,2026-10-08,252.0000,False,74.3900,2026-09-15,33.7700,2026-04-02,50.6400,146049.1000,60.0200,yfinance
AMJLAND.NS,2026-10-08,252.0000,False,57.3900,2025-10-29,30.3000,2026-03-30,36.6600,8898.3000,39.0500,yfinance
AMNPLST.NS,2026-10-08,252.0000,False,250.0000,2025-10-23,127.0000,2026-03-30,165.8700,32700.4500,167.8200,yfinance
AMRUTANJAN.NS,2026-10-08,252.0000,False,760.1500,2025-10-29,476.5000,2026-09-16,503.0500,42685.5000,500.4500,yfinance
ANANDRATHI.NS,2026-10-08,252.0000,False,2268.3999,2026-09-18,1353.8500,2026-01-27,2138.8999,440401.3500,2229.5000,yfinance
ANANTRAJ.NS,2026-10-08,252.0000,False,743.6500,2025-10-07,403.0000,2026-03-30,582.5000,1651070.3000,625.8500,yfinance
ANDHRAPAP.NS,2026-10-08,252.0000,False,86.8900,2025-10-06,58.0000,2026-03-30,67.4500,918622.7000,72.0900,yfinance
ANDHRSUGAR.NS,2026-10-08,252.0000,False,107.2300,2026-05-06,66.5000,2026-01-21,89.8300,304867.3500,98.7900,yfinance
ANGELONE.NS,2026-10-08,252.0000,False,360.4500,2026-06-19,208.6300,2026-03-13,295.0000,4763856.6000,298.0000,yfinance
ANIKINDS.NS,2026-10-08,252.0000,False,83.4000,2025-10-17,32.5000,2026-03-30,42.2000,10243.9500,45.2100,yfinance
ANMOL.NS,2026-10-08,252.0000,False,18.5500,2026-09-15,8.4000,2026-04-01,12.6700,375822.5500,11.3800,yfinance
ANNAPURNA.NS,2026-10-08,252.0000,False,287.0000,2025-11-11,120.7500,2026-07-29,124.0000,37801.6000,139.9000,yfinance
ANTELOPUS.NS,2026-10-08,252.0000,False,1290.9000,2026-09-25,357.0000,2026-01-13,1105.8000,2131792.6500,1099.1500,yfinance
ANTGRAPHIC.NS,2026-10-08,252.0000,False,1.1700,2026-01-01,0.6400,2026-03-30,0.6900,197482.4500,0.7200,yfinance
ANTHEM.NS,2026-10-08,252.0000,False,977.5500,2026-09-09,579.1500,2026-02-02,872.5500,788901.9000,957.8000,yfinance
ANUHPHR.NS,2026-10-08,252.0000,False,99.5000,2026-09-08,67.0000,2026-03-30,81.7900,166776.9500,95.5300,yfinance
ANUP.NS,2026-10-08,252.0000,False,2524.0000,2025-10-06,1422.3000,2026-03-09,1498.2000,25806.6500,1725.6000,yfinance
ANURAS.NS,2026-10-08,252.0000,False,1415.0000,2026-05-07,1047.9000,2025-10-20,1097.7000,616087.6000,1233.4000,yfinance
APARINDS.NS,2026-10-08,252.0000,False,19265.0000,2026-09-22,6801.0000,2026-01-21,17816.0000,133754.9500,17635.0000,yfinance
APCL.NS,2026-10-08,252.0000,False,148.7800,2026-02-03,90.5500,2026-10-08,92.8700,5700.5000,100.3200,yfinance
APCOTEXIND.NS,2026-10-08,252.0000,False,712.0000,2026-07-30,310.4500,2026-03-30,576.9000,83922.1500,612.1500,yfinance
APEX.NS,2026-10-08,252.0000,False,514.5000,2026-04-21,219.8600,2025-10-09,330.6000,92769.7000,384.2000,yfinance
APLAPOLLO.NS,2026-10-08,252.0000,False,2301.3999,2026-02-12,1685.3000,2025-10-01,2040.0000,567644.3000,2185.0000,yfinance
APLLTD.NS,2026-10-08,252.0000,False,998.0000,2025-11-04,635.8000,2026-03-23,800.5000,240295.2500,808.5000,yfinance
APOLLO.NS,2026-10-08,252.0000,False,466.5000,2026-07-03,179.5000,2026-03-30,395.1500,7549806.5000,417.9000,yfinance
APOLLOHOSP.NS,2026-10-08,252.0000,False,9070.5000,2026-09-23,6696.5000,2026-01-23,7666.0000,562905.1000,8837.5000,yfinance
APOLLOPIPE.NS,2026-10-08,252.0000,False,668.8000,2026-08-25,252.1000,2026-01-21,506.9000,211323.7000,591.2000,yfinance
APOLLOTYRE.NS,2026-10-08,252.0000,False,540.5000,2025-11-14,365.3000,2026-05-20,401.7000,919058.5500,411.5000,yfinance
APOLSINHOT.NS,2026-10-08,252.0000,False,1440.0000,2026-07-15,950.0000,2026-03-27,1159.1000,752.2000,1209.1000,yfinance
APTECHT.NS,2026-10-08,252.0000,False,128.4800,2026-06-16,69.1000,2026-03-30,85.0500,71363.3500,89.6900,yfinance
APTUS.NS,2026-10-08,252.0000,False,332.0000,2025-10-03,193.0300,2026-03-30,216.9200,1846286.5500,256.9600,yfinance
AQYLON.NS,2026-10-08,252.0000,False,1714.9000,2025-12-15,14.6900,2026-10-05,15.7700,2655970.5000,23.1000,yfinance
ARCHIDPLY.NS,2026-10-08,252.0000,False,124.7800,2026-08-25,60.0000,2026-03-30,101.0000,17648.9000,103.7700,yfinance
ARCHIES.NS,2026-10-08,252.0000,False,21.5000,2025-10-06,10.8600,2026-03-30,12.0100,26037.7500,13.1400,yfinance
ARE&M.NS,2026-10-08,252.0000,False,1023.0000,2025-10-31,670.0000,2026-03-30,720.3000,429116.2000,837.8000,yfinance
ARENTERP.NS,2026-10-08,252.0000,False,60.7900,2025-12-01,27.6000,2026-09-22,32.8700,1082.8500,33.3400,yfinance
ARFIN.NS,2026-10-08,252.0000,False,112.6900,2026-10-08,45.1600,2025-10-01,107.5200,2947043.6000,91.3600,yfinance
ARIES.NS,2026-10-08,252.0000,False,524.7500,2026-09-07,285.3500,2026-01-20,472.7000,16888.1500,483.1500,yfinance
ARIHANT.NS,2026-10-08,123.0000,True,1225.0000,2026-07-29,39.6500,2026-04-13,939.7500,2366.8500,919.5500,yfinance
ARIHANTCAP.NS,2026-10-08,252.0000,False,120.0000,2025-10-24,56.9700,2026-03-30,95.6200,1289232.2000,78.5400,yfinance
ARIHANTSUP.NS,2026-10-08,252.0000,False,465.0000,2025-10-07,188.8000,2026-03-30,219.5100,6648.7000,232.6000,yfinance
ARIS.NS,2026-10-08,252.0000,False,178.3000,2025-10-23,82.1800,2026-02-09,136.4200,1862965.3000,127.2200,yfinance
ARKADE.NS,2026-10-08,252.0000,False,180.0000,2025-10-16,92.6200,2026-03-30,117.6700,180578.8500,123.0900,yfinance
ARMANFIN.NS,2026-10-08,252.0000,False,2158.6001,2026-08-13,1301.0000,2026-03-09,1703.9000,38587.8000,2037.5000,yfinance
AROGRANITE.NS,2026-10-08,252.0000,False,40.0000,2025-10-03,18.6700,2026-03-30,22.7600,4982.6500,24.1000,yfinance
ARROWGREEN.NS,2026-10-08,252.0000,False,952.7500,2026-09-16,341.9500,2026-03-16,847.4500,66713.5000,800.7000,yfinance
ARSSBL.NS,2026-10-08,252.0000,False,794.8500,2025-11-18,416.0000,2026-03-30,537.5500,230266.1500,513.6500,yfinance
ARTEMISMED.NS,2026-10-08,252.0000,False,378.8000,2026-09-25,203.3500,2026-03-30,308.4500,1459732.5500,342.0500,yfinance
ARTNIRMAN.NS,2026-10-08,252.0000,False,66.9700,2025-10-27,29.3900,2026-03-30,38.0000,1177.5000,40.4100,yfinance
ARVEE.NS,2026-10-08,252.0000,False,290.7800,2025-12-19,129.1100,2026-03-30,212.0800,34015.4000,193.7400,yfinance
ARVIND.NS,2026-10-08,252.0000,False,607.1500,2026-09-09,277.9000,2025-10-13,510.5000,659832.3000,581.3500,yfinance
ARVINDFASN.NS,2026-10-08,252.0000,False,569.0000,2025-11-03,366.2000,2026-03-30,392.1000,237135.0000,440.3500,yfinance
ARVSMART.NS,2026-10-08,252.0000,False,707.8500,2026-08-24,486.8000,2026-03-09,608.5000,419927.0000,629.6500,yfinance
ASAHIINDIA.NS,2026-10-08,252.0000,False,1074.0000,2025-11-24,775.1000,2026-03-24,938.8000,134210.0500,955.6000,yfinance
ASAHISONG.NS,2026-10-08,252.0000,False,413.9500,2026-08-03,179.6400,2026-03-13,364.1000,11477.7000,385.3500,yfinance
ASAL.NS,2026-10-08,252.0000,False,612.0000,2025-10-07,374.5000,2026-03-30,395.5500,11400.1500,468.4500,yfinance
ASALCBR.NS,2026-10-08,252.0000,False,1277.0000,2025-11-03,567.0000,2026-10-08,573.2000,39821.3000,696.1500,yfinance
ASHAPURMIN.NS,2026-10-08,252.0000,False,924.9000,2026-01-07,455.1000,2026-03-30,469.3500,341035.0500,549.3500,yfinance
ASHIANA.NS,2026-10-08,252.0000,False,435.9000,2026-07-21,269.4500,2025-11-11,372.2500,88565.6000,346.3000,yfinance
ASHIMASYN.NS,2026-10-08,252.0000,False,23.5000,2025-10-17,11.5000,2026-03-27,14.0800,93187.6000,17.3600,yfinance
ASHOKA.NS,2026-10-08,252.0000,False,214.5000,2025-11-04,101.0000,2026-03-30,101.4000,573229.6000,114.2700,yfinance
ASHOKAMET.NS,2026-10-08,252.0000,False,19.4000,2026-09-15,12.1300,2026-03-30,14.6000,175328.8500,14.4400,yfinance
ASHOKLEY.NS,2026-10-08,252.0000,False,215.4200,2026-02-11,134.2100,2025-10-17,145.0200,12444262.8500,169.0000,yfinance
ASIANENE.NS,2026-10-08,252.0000,False,565.7000,2026-09-08,230.0000,2026-01-22,459.4500,315835.4500,553.5500,yfinance
ASIANHOTNR.NS,2026-10-08,252.0000,False,423.8000,2026-09-08,247.5000,2026-02-13,329.5000,20063.6500,405.7500,yfinance
ASIANPAINT.NS,2026-10-08,252.0000,False,2985.7000,2025-12-04,2115.0000,2026-03-23,2311.6001,605972.1000,2481.6001,yfinance
ASIANTILES.NS,2026-10-08,252.0000,False,79.0600,2026-04-21,42.5000,2026-07-22,45.7900,2130264.5500,50.0400,yfinance
ASKAUTOLTD.NS,2026-10-08,252.0000,False,687.7000,2026-08-06,375.3000,2026-03-09,594.6000,315620.1500,610.1500,yfinance
ASMS.NS,2026-10-08,252.0000,False,16.7000,2026-02-06,5.1000,2026-09-29,5.8100,215687.3500,6.9200,yfinance
ASPINWALL.NS,2026-10-08,252.0000,False,299.8000,2026-01-01,200.2500,2026-03-23,241.5200,3421.8000,254.1500,yfinance
ASTEC.NS,2026-10-08,252.0000,False,941.7500,2025-11-26,513.4000,2026-03-23,714.7500,578460.2500,662.8000,yfinance
ASTERDM.NS,2026-10-08,252.0000,False,891.3000,2026-08-10,519.1000,2026-02-04,677.1500,1298782.7500,790.3500,yfinance
ASTRAL.NS,2026-10-08,252.0000,False,1768.7000,2026-03-11,1311.6000,2026-07-09,1408.5000,553715.3000,1500.8000,yfinance
ASTRAMICRO.NS,2026-10-08,252.0000,False,1960.0000,2026-07-31,851.0000,2026-03-30,1630.8000,304547.6500,1757.3000,yfinance
ASTRAZEN.NS,2026-10-08,252.0000,False,9849.5000,2025-11-03,5675.0000,2026-10-08,5719.5000,9270.3500,6875.5000,yfinance
ATALREAL.NS,2026-10-08,252.0000,False,36.7000,2026-08-14,11.5200,2026-10-08,11.6300,5606950.4500,21.2000,yfinance
ATAM.NS,2026-10-08,252.0000,False,111.0000,2025-11-03,48.5000,2026-03-25,54.9100,18296.2500,55.3400,yfinance
ATGL.NS,2026-10-08,252.0000,False,859.8500,2026-05-29,462.8000,2026-03-09,562.2000,2739980.7000,609.4000,yfinance
ATHERENERG.NS,2026-10-08,252.0000,False,1744.0000,2026-09-01,565.4500,2025-10-01,1406.0000,3868930.4000,1578.0000,yfinance
ATL.NS,2026-10-08,252.0000,False,40.4000,2025-10-03,18.2000,2026-03-30,25.1800,204998.8500,25.8200,yfinance
ATLANTAA.NS,2026-10-08,252.0000,False,73.3900,2025-10-07,31.5200,2026-03-30,35.1500,67517.8000,38.3000,yfinance
ATLANTAELE.NS,2026-10-08,252.0000,False,2152.6001,2026-06-04,707.6000,2026-01-27,1806.6000,155941.6000,1922.3000,yfinance
ATLASCYCLE.NS,2026-10-08,252.0000,False,123.6700,2026-04-13,76.1500,2026-03-23,91.5300,37473.5500,113.0300,yfinance
ATUL.NS,2026-10-08,252.0000,False,7180.0000,2026-05-07,5560.5000,2026-01-21,5923.0000,31766.6500,6314.5000,yfinance
ATULAUTO.NS,2026-10-08,252.0000,False,596.5500,2026-08-05,380.0500,2026-03-30,410.3500,94118.0000,458.9000,yfinance
AUBANK.NS,2026-10-08,252.0000,False,1144.1000,2026-08-25,719.0500,2025-10-01,975.0000,1520745.6000,1073.7000,yfinance
AURIONPRO.NS,2026-10-08,252.0000,False,1240.0000,2025-11-04,593.3500,2026-10-01,596.5500,143631.8000,672.1000,yfinance
AUROPHARMA.NS,2026-10-08,252.0000,False,1740.0000,2026-09-24,1066.8000,2025-10-08,1645.0000,793302.8500,1692.0000,yfinance
AURUM.NS,2026-10-08,252.0000,False,264.6400,2026-07-15,151.9000,2026-03-30,227.3900,115845.0000,227.2600,yfinance
AURUS.NS,2026-10-08,252.0000,False,6.9500,2025-10-08,4.0600,2026-10-05,4.2900,26885.5500,4.7800,yfinance
AUSOMENT.NS,2026-10-08,252.0000,False,178.0000,2026-01-19,93.0000,2025-10-07,143.2900,5230.5500,155.8600,yfinance
AUTOAXLES.NS,2026-10-08,252.0000,False,2115.0000,2026-02-04,1540.2000,2026-03-30,1608.8000,6271.2500,1664.4000,yfinance
AUTOIND.NS,2026-10-08,252.0000,False,104.0000,2026-08-13,48.3500,2026-03-30,80.0600,191973.8500,87.0300,yfinance
AVADHSUGAR.NS,2026-10-08,252.0000,False,978.8000,2026-10-08,306.0500,2026-01-21,939.5500,201339.1000,836.2500,yfinance
AVALON.NS,2026-10-08,252.0000,False,2618.0000,2026-09-18,777.3000,2026-01-29,2302.0000,674548.7000,2290.3000,yfinance
AVANTEL.NS,2026-10-08,252.0000,False,215.0000,2025-10-10,117.0500,2026-03-23,145.3100,2004465.0500,156.4400,yfinance
AVANTIFEED.NS,2026-10-08,252.0000,False,1593.8000,2026-04-21,632.4500,2025-09-30,698.6500,260064.3000,837.1500,yfinance
AVG.NS,2026-10-08,252.0000,False,264.4300,2025-10-08,116.6600,2026-04-02,161.9800,14053.1500,165.5700,yfinance
AVL.NS,2026-10-08,252.0000,False,705.0000,2026-06-25,436.5500,2026-03-16,604.4500,207953.5500,614.6000,yfinance
AVONMORE.NS,2026-10-08,252.0000,False,20.3900,2026-01-07,9.0500,2026-07-28,12.4300,218334.6500,14.0600,yfinance
AVROIND.NS,2026-10-08,252.0000,False,15.8700,2026-01-16,5.6100,2026-10-08,5.8700,320979.4000,8.5800,yfinance
AVTNPL.NS,2026-10-08,252.0000,False,102.0000,2026-09-23,53.5000,2026-03-30,85.4500,533867.0000,90.3500,yfinance
AWFIS.NS,2026-10-08,252.0000,False,639.4000,2025-11-11,229.0500,2026-03-30,238.1200,1836040.2000,253.0000,yfinance
AWHCL.NS,2026-10-08,252.0000,False,605.0000,2026-01-30,335.2500,2026-10-08,339.2500,457229.1500,365.7500,yfinance
AWL.NS,2026-10-08,252.0000,False,282.9000,2025-11-21,171.1900,2026-03-16,182.8100,2161730.5000,187.5200,yfinance
AXISBANK.NS,2026-10-08,252.0000,False,1418.3000,2026-02-03,1131.0000,2025-10-01,1245.0000,6035697.7500,1244.9000,yfinance
AXISCADES.NS,2026-10-08,252.0000,False,2360.0000,2026-10-05,1063.3000,2026-01-22,2077.6001,321372.4000,1848.6000,yfinance
AXITA.NS,2026-10-08,252.0000,False,12.2000,2025-12-31,6.5700,2026-06-10,7.4100,656843.7000,7.9900,yfinance
AYE.NS,2026-10-08,159.0000,True,197.2900,2026-07-21,88.2200,2026-04-02,160.7900,846470.8000,184.7800,yfinance
AYMSYNTEX.NS,2026-10-08,252.0000,False,330.0000,2026-09-08,141.5300,2026-01-20,271.7500,95579.2500,320.1000,yfinance
AZAD.NS,2026-10-08,252.0000,False,3127.8999,2026-09-30,1360.0000,2026-03-23,2883.7000,1029583.1500,2822.1001,yfinance
BAFNAPH.NS,2026-10-08,252.0000,False,409.8500,2026-10-08,94.7700,2026-03-16,409.8500,3943.2500,307.7500,yfinance
BAGFILMS.NS,2026-10-08,252.0000,False,8.0000,2025-10-23,3.6100,2026-03-30,4.0700,67566.0000,4.7000,yfinance
BAIDFIN.NS,2026-10-08,252.0000,False,12.9800,2025-12-16,8.8000,2026-03-30,10.1700,114627.7000,12.0500,yfinance
BAJAJ-AUTO.NS,2026-10-08,252.0000,False,12470.0000,2026-09-01,8491.5000,2025-10-03,9637.0000,289380.5000,11880.0000,yfinance
BAJAJCON.NS,2026-10-08,252.0000,False,692.0000,2026-07-13,233.1400,2025-10-01,489.1500,600367.9500,514.1000,yfinance
BAJAJELEC.NS,2026-10-08,252.0000,False,560.9500,2025-10-16,289.0500,2026-10-08,290.0500,115624.8000,339.9500,yfinance
BAJAJFINSV.NS,2026-10-08,252.0000,False,2195.0000,2025-10-23,1597.0000,2026-04-02,1708.0000,863263.6500,1938.1000,yfinance
BAJAJHCARE.NS,2026-10-08,252.0000,False,506.4500,2025-10-06,272.3500,2026-05-18,314.8500,124724.3000,336.7000,yfinance
BAJAJHFL.NS,2026-10-08,252.0000,False,113.4500,2025-10-06,72.6500,2026-03-30,82.1400,3347220.9000,84.0100,yfinance
BAJAJHIND.NS,2026-10-08,252.0000,False,26.0000,2026-08-24,14.8500,2026-02-25,20.0400,17540412.0000,22.6600,yfinance
BAJAJHLDNG.NS,2026-10-08,252.0000,False,13250.0000,2025-11-06,8588.0000,2026-04-02,10600.0000,42465.7000,11046.0000,yfinance
BAJAJINDEF.NS,2026-10-08,252.0000,False,442.6000,2025-10-08,197.5000,2026-10-08,199.2400,22037.3000,220.9500,yfinance
BAJEL.NS,2026-10-08,252.0000,False,219.6400,2025-10-06,135.1000,2026-03-30,156.6300,136704.6000,183.6200,yfinance
BAJFINANCE.NS,2026-10-08,252.0000,False,1176.4000,2026-08-03,787.9000,2026-03-23,955.9500,7213722.9000,1054.1000,yfinance
BALAJEE.NS,2026-10-08,252.0000,False,54.4800,2025-10-10,21.1000,2026-03-30,23.7700,32092.4000,25.4600,yfinance
BALAJITELE.NS,2026-10-08,252.0000,False,133.2300,2025-10-09,69.5200,2026-03-30,86.0800,212708.2500,93.4200,yfinance
BALAMINES.NS,2026-10-08,252.0000,False,2629.8000,2026-09-07,968.1000,2026-03-30,2085.5000,316956.8500,2475.3999,yfinance
BALAXI.NS,2026-10-08,252.0000,False,45.3400,2025-10-03,15.2000,2026-03-27,22.0900,30194.3000,23.3400,yfinance
BALKRISHNA.NS,2026-10-08,252.0000,False,25.3300,2025-10-03,12.0000,2026-03-10,15.7300,7741.1000,17.0300,yfinance
BALKRISIND.NS,2026-10-08,252.0000,False,2775.0000,2026-02-10,1970.0000,2026-06-11,1996.9000,204109.9500,2258.0000,yfinance
BALMLAWRIE.NS,2026-10-08,252.0000,False,212.7000,2025-10-01,148.3600,2026-03-30,156.0800,146456.4500,176.3800,yfinance
BALPHARMA.NS,2026-10-08,252.0000,False,124.6000,2026-09-10,60.0000,2026-03-30,96.2100,145866.1500,95.3800,yfinance
BALRAMCHIN.NS,2026-10-08,252.0000,False,780.9500,2026-08-20,393.5500,2026-01-21,689.4500,1350082.2000,711.4500,yfinance
BALUFORGE.NS,2026-10-08,252.0000,False,678.0000,2025-10-10,341.0500,2026-01-29,489.4500,631407.0500,541.6500,yfinance
BANARBEADS.NS,2026-10-08,252.0000,False,164.7000,2025-10-30,96.0500,2026-06-10,110.2800,4143.0000,109.9900,yfinance
BANARISUG.NS,2026-10-08,252.0000,False,4338.0000,2026-08-20,3105.2000,2025-10-06,3300.0000,1174.9000,3743.6001,yfinance
BANCOINDIA.NS,2026-10-08,252.0000,False,879.8000,2025-10-06,502.0000,2026-03-30,588.9000,86297.6500,628.3000,yfinance
BANDHANBNK.NS,2026-10-08,252.0000,False,220.7600,2026-07-15,134.2500,2025-12-09,155.5400,14896341.1000,171.5800,yfinance
BANG.NS,2026-10-08,252.0000,False,62.0700,2025-11-18,25.8400,2026-06-29,33.7000,47347.6000,33.5200,yfinance
BANKA.NS,2026-10-08,252.0000,False,96.5800,2026-07-03,41.0000,2026-03-30,68.3500,4020.8000,79.1000,yfinance
BANKBARODA.NS,2026-10-08,252.0000,False,325.5000,2026-02-26,223.8200,2026-09-29,234.0000,7351639.7000,236.6000,yfinance
BANKINDIA.NS,2026-10-08,252.0000,False,178.3600,2026-02-27,122.2000,2025-10-17,132.3500,5864378.5500,140.8600,yfinance
BANSALWIRE.NS,2026-10-08,252.0000,False,370.0000,2026-07-03,222.5000,2026-03-30,313.2000,115777.0000,314.9000,yfinance
BANSWRAS.NS,2026-10-08,252.0000,False,144.0000,2026-06-19,93.7300,2026-03-30,102.1600,25305.9000,115.0000,yfinance
BASF.NS,2026-10-08,252.0000,False,4829.8999,2025-10-03,3122.2000,2026-03-23,3346.8000,18048.7000,3788.8000,yfinance
BASML.NS,2026-10-08,252.0000,False,31.9000,2025-11-27,17.0500,2026-03-30,20.7400,73346.1500,24.4600,yfinance
BATAINDIA.NS,2026-10-08,252.0000,False,1238.0000,2025-10-07,601.0000,2026-10-08,603.3500,153801.7000,663.8500,yfinance
BATLIBOI.NS,2026-10-08,122.0000,True,106.5000,2026-08-06,15.7000,2026-04-15,93.9800,52411.7500,87.6300,yfinance
BAYERCROP.NS,2026-10-08,252.0000,False,5149.8999,2025-10-17,3366.3000,2026-10-08,3381.6001,37561.3000,3984.8999,yfinance
BBL.NS,2026-10-08,252.0000,False,3411.0000,2025-10-16,2009.0000,2026-10-08,2075.3000,19240.4500,2240.1001,yfinance
BBOX.NS,2026-10-08,252.0000,False,1103.0000,2026-06-05,444.3000,2026-03-30,856.5500,890975.0000,770.9000,yfinance
BBTC.NS,2026-10-08,252.0000,False,2135.0000,2025-10-23,1215.1000,2026-10-08,1224.6000,185150.2500,1477.5000,yfinance
BBTCL.NS,2026-10-08,252.0000,False,262.0000,2026-08-17,156.0000,2026-04-01,225.5400,5328.5500,229.8900,yfinance
BCG.NS,2026-10-08,252.0000,False,15.1100,2025-10-08,7.7000,2026-07-31,8.9900,7038647.4500,10.5700,yfinance
BCLIND.NS,2026-10-08,252.0000,False,42.0800,2025-10-03,25.5300,2026-03-23,29.8800,522145.5500,36.0000,yfinance
BCONCEPTS.NS,2026-10-08,252.0000,False,380.0000,2025-12-30,136.5000,2026-09-30,142.4700,11837.9500,166.3300,yfinance
BCPL.NS,2026-10-08,132.0000,True,92.0000,2026-05-04,60.0000,2026-03-27,64.9100,12316.2500,71.0400,yfinance
BDL.NS,2026-10-08,252.0000,False,1633.4000,2025-11-14,1047.7000,2026-10-08,1050.5000,1024449.1000,1242.5000,yfinance
BEARDSELL.NS,2026-10-08,252.0000,False,37.3700,2025-10-28,20.0200,2026-04-01,21.7700,30862.5000,24.7700,yfinance
BECTORFOOD.NS,2026-10-08,252.0000,False,279.9000,2025-12-12,165.0000,2026-07-15,205.6400,1102132.4500,230.3500,yfinance
BEDMUTHA.NS,2026-10-08,252.0000,False,144.0000,2026-02-16,94.5500,2026-04-01,108.5000,6030.8000,108.0000,yfinance
BEL.NS,2026-10-08,252.0000,False,473.4500,2026-03-06,366.2000,2026-10-08,367.3000,10197085.9500,410.5500,yfinance
BELLACASA.NS,2026-10-08,252.0000,False,497.3500,2025-10-15,214.6800,2026-08-14,246.2700,15978.1500,241.1800,yfinance
BELRISE.NS,2026-10-08,252.0000,False,268.2000,2026-08-12,142.5900,2025-11-04,234.8000,2980145.4000,227.1700,yfinance
BEML.NS,2026-10-08,252.0000,False,2275.7500,2025-10-24,1355.0000,2026-03-30,1911.2000,300350.4500,2105.6001,yfinance
BEPL.NS,2026-10-08,252.0000,False,138.5000,2026-07-21,74.2000,2026-03-09,123.4400,1154176.1500,133.8400,yfinance
BERGEPAINT.NS,2026-10-08,252.0000,False,594.5500,2025-11-21,391.1000,2026-03-16,467.9500,440243.7000,479.4500,yfinance
BESTAGRO.NS,2026-10-08,252.0000,False,34.4000,2026-01-16,12.3000,2026-03-30,16.8800,538612.4500,19.6000,yfinance
BETA.NS,2026-10-08,252.0000,False,2807.8999,2026-08-12,990.1000,2026-02-25,1898.0000,15317.9000,2139.8000,yfinance
BFINVEST.NS,2026-10-08,252.0000,False,584.7000,2026-07-13,315.0000,2026-03-30,426.0000,16146.7000,451.1500,yfinance
BFUTILITIE.NS,2026-10-08,252.0000,False,834.0000,2025-10-08,368.7000,2026-03-30,471.0500,86369.8500,526.5500,yfinance
BGRENERGY.NS,2026-10-08,252.0000,False,490.8000,2025-10-24,218.0000,2026-09-16,259.4600,70343.4000,257.0600,yfinance
BHAGCHEM.NS,2026-10-08,252.0000,False,316.9000,2026-08-03,170.6000,2026-03-30,222.8700,104429.4000,259.0500,yfinance
BHAGERIA.NS,2026-10-08,252.0000,False,415.8000,2026-10-01,127.5100,2026-03-30,367.0000,252855.7500,335.8000,yfinance
BHAGYANGR.NS,2026-10-08,252.0000,False,467.9000,2026-09-18,39.0000,2026-10-08,41.4000,236554.2500,392.0500,yfinance
BHANDARI.NS,2026-10-08,252.0000,False,5.1300,2025-10-24,2.0000,2026-03-30,2.7600,119507.7500,3.0100,yfinance
BHARATCOAL.NS,2026-10-08,178.0000,True,45.0900,2026-01-19,29.7400,2026-03-30,31.3100,4744658.9500,33.5100,yfinance
BHARATFORG.NS,2026-10-08,252.0000,False,2295.0000,2026-08-10,1179.4000,2025-10-09,1790.6000,770049.1000,2003.7000,yfinance
BHARATGEAR.NS,2026-10-08,252.0000,False,141.3300,2026-06-23,83.8000,2026-03-30,105.7300,12944.3000,102.7800,yfinance
BHARATRAS.NS,2026-10-08,252.0000,False,2987.5000,2025-10-24,958.0000,2026-10-08,966.8000,19945.9000,1159.5000,yfinance
BHARATSE.NS,2026-10-08,252.0000,False,263.1800,2026-07-13,133.6000,2026-01-27,200.8400,124449.8000,226.8500,yfinance
BHARATWIRE.NS,2026-10-08,252.0000,False,262.0000,2026-05-11,148.0100,2026-03-30,165.7300,169262.6500,176.1900,yfinance
BHARTIARTL.NS,2026-10-08,252.0000,False,2174.5000,2025-11-21,1726.3000,2026-10-01,1804.6000,6396454.5500,1844.0000,yfinance
BHARTIHEXA.NS,2026-10-08,252.0000,False,1955.6000,2025-10-29,1359.2000,2026-10-06,1500.7000,215163.7500,1549.3000,yfinance
BHEL.NS,2026-10-08,252.0000,False,455.9500,2026-10-07,229.5400,2025-10-24,429.6000,8537475.1000,422.1500,yfinance
BIGBLOC.NS,2026-10-08,252.0000,False,80.0000,2026-01-01,34.4600,2026-10-08,34.6300,42185.1500,41.1900,yfinance
BIKAJI.NS,2026-10-08,252.0000,False,768.5000,2025-12-29,466.7500,2026-10-08,468.6500,466904.7500,583.7000,yfinance
BIL.NS,2026-10-08,252.0000,False,1150.0000,2026-09-10,602.0000,2026-01-21,1048.5500,23120.4000,936.8500,yfinance
BILVYAPAR.NS,2026-10-08,252.0000,False,13.8000,2025-10-07,3.8000,2026-07-24,4.1500,6391.5000,4.1000,yfinance
BIMETAL.NS,2026-10-08,122.0000,True,750.7500,2026-07-13,470.9000,2026-04-15,638.0000,570.2500,612.5000,yfinance
BIOCON.NS,2026-10-08,252.0000,False,447.1500,2026-07-16,337.7000,2026-04-07,350.0000,3477803.0000,392.3000,yfinance
BIOFILCHEM.NS,2026-10-08,252.0000,False,46.3400,2026-02-03,25.6000,2026-03-30,29.5200,53955.8000,31.5200,yfinance
BIRLACABLE.NS,2026-10-08,252.0000,False,418.8000,2026-09-18,104.0000,2026-03-30,366.9000,573366.7500,339.9000,yfinance
BIRLACORPN.NS,2026-10-08,252.0000,False,1346.1000,2025-10-06,769.6000,2026-03-16,794.8500,58247.7500,854.3000,yfinance
BIRLAMONEY.NS,2026-10-08,252.0000,False,179.8500,2025-10-10,95.0000,2026-03-30,113.1400,29192.9500,124.8500,yfinance
BIRLANU.NS,2026-10-08,252.0000,False,1999.0000,2025-10-03,1190.1000,2026-03-30,1284.7000,15551.5500,1433.2000,yfinance
BLACKBUCK.NS,2026-10-08,252.0000,False,748.0000,2025-10-21,496.0000,2026-05-22,587.6000,933511.8000,573.4000,yfinance
BLAL.NS,2026-10-08,252.0000,False,221.2100,2025-10-03,153.5000,2026-10-05,156.1600,17562.2000,161.9200,yfinance
BLBLIMITED.NS,2026-10-08,252.0000,False,22.4700,2026-02-23,12.0000,2026-01-13,16.6900,156943.0000,16.8800,yfinance
BLISSGVS.NS,2026-10-08,252.0000,False,739.9000,2026-09-28,118.0000,2025-11-10,667.7000,370611.4000,722.3000,yfinance
BLKASHYAP.NS,2026-10-08,252.0000,False,63.7900,2025-10-23,40.3200,2026-03-30,52.1400,500727.6500,56.8000,yfinance
BLS.NS,2026-10-08,252.0000,False,359.0000,2025-10-08,212.0000,2026-10-01,215.0800,749832.2000,237.7000,yfinance
BLSE.NS,2026-10-08,252.0000,False,169.9000,2026-09-22,62.1500,2026-03-09,157.5500,738206.7500,161.0250,yfinance
BLUECOAST.NS,2026-10-08,252.0000,False,66.8100,2025-10-01,18.5700,2026-03-30,20.6300,1724.1500,22.1000,yfinance
BLUEDART.NS,2026-10-08,252.0000,False,7036.0000,2025-10-30,4458.1001,2026-10-05,4557.0000,13866.9000,4987.2002,yfinance
BLUEJET.NS,2026-10-08,252.0000,False,692.9000,2025-10-10,325.0000,2026-03-30,518.5500,417307.8500,581.5000,yfinance
BLUESTARCO.NS,2026-10-08,252.0000,False,2032.9000,2025-10-24,1432.3000,2026-09-09,1519.0000,680577.2000,1460.9000,yfinance
BLUESTONE.NS,2026-10-08,252.0000,False,969.9000,2026-09-23,399.8000,2026-02-17,799.2500,1790481.7500,868.7000,yfinance
BLUSPRING.NS,2026-10-08,252.0000,False,152.5000,2026-09-29,43.9800,2026-03-23,135.7900,447880.8000,123.6100,yfinance
BMWVENTLTD.NS,2026-10-08,252.0000,False,78.0000,2025-10-01,48.0000,2026-03-30,49.7200,124945.3500,54.8000,yfinance
BODALCHEM.NS,2026-10-08,252.0000,False,207.7000,2026-09-28,42.8100,2026-03-16,174.9500,1983536.9000,184.0500,yfinance
BOHRAIND.NS,2026-10-08,252.0000,False,23.8900,2025-09-30,11.6000,2026-09-03,14.2300,17577.3000,13.0000,yfinance
BOMDYEING.NS,2026-10-08,252.0000,False,180.7500,2025-10-06,92.0000,2026-03-30,97.7300,442527.0000,114.2700,yfinance
BONLON.NS,2026-10-08,154.0000,True,57.0000,2026-05-11,34.5100,2026-03-30,39.3300,12994.3000,40.8800,yfinance
BORANA.NS,2026-10-08,252.0000,False,420.0000,2026-02-26,215.3500,2025-09-30,259.8000,31042.4000,319.9500,yfinance
BOROLTD.NS,2026-10-08,252.0000,False,363.4000,2025-11-04,213.7300,2026-03-23,269.1500,424528.7500,255.5400,yfinance
BORORENEW.NS,2026-10-08,252.0000,False,721.0000,2025-11-12,374.4000,2026-03-30,430.1000,440102.4500,503.3500,yfinance
BOROSCI.NS,2026-10-08,252.0000,False,180.8000,2026-06-29,96.6400,2026-03-30,108.1100,93009.8500,129.6300,yfinance
BOSCH-HCIL.NS,2026-10-08,252.0000,False,2037.0000,2026-10-08,1021.3000,2026-03-30,1943.8000,58943.0500,1794.0000,yfinance
BOSCHLTD.NS,2026-10-08,252.0000,False,50000.0000,2026-08-31,28610.0000,2026-03-30,43155.0000,23978.3500,48785.0000,yfinance
BPCL.NS,2026-10-08,252.0000,False,391.6500,2026-02-05,266.6000,2026-04-02,286.2500,4981247.4500,303.8500,yfinance
BPL.NS,2026-10-08,252.0000,False,82.7000,2025-10-03,37.6100,2026-03-30,42.5000,50473.5000,48.6500,yfinance
BRIGADE.NS,2026-10-08,252.0000,False,802.0125,2025-10-31,450.7500,2026-03-23,547.2000,285132.3000,687.0000,yfinance
BRIGHOTEL.NS,2026-10-08,252.0000,False,87.7900,2025-10-27,54.3600,2026-03-30,55.6000,99096.2500,57.1400,yfinance
BRITANNIA.NS,2026-10-08,252.0000,False,6271.0000,2026-01-07,4734.1001,2026-10-05,4745.6001,257743.4500,5064.0000,yfinance
BRNL.NS,2026-10-08,252.0000,False,26.5000,2025-11-24,15.4000,2026-10-08,15.6000,25100.0000,17.1200,yfinance
BROOKS.NS,2026-10-08,252.0000,False,139.1900,2025-09-30,36.3000,2026-03-30,69.4600,118063.7500,63.3000,yfinance
BSE.NS,2026-10-08,252.0000,False,4446.7998,2026-05-27,2038.0000,2025-10-01,3334.8000,5834881.5000,3394.0000,yfinance
BSHSL.NS,2026-10-08,252.0000,False,130.0000,2025-10-03,59.1600,2026-03-30,78.3600,6485.1000,91.1700,yfinance
BSL.NS,2026-10-08,252.0000,False,205.0000,2025-11-11,98.0000,2026-03-30,119.5700,3031.5000,123.3300,yfinance
BSOFT.NS,2026-10-08,252.0000,False,474.0000,2026-02-11,267.0500,2026-10-01,271.8000,1709150.8500,281.6500,yfinance
BTML.NS,2026-10-08,252.0000,False,10.1200,2025-11-28,5.0600,2026-03-27,6.8800,437918.3500,8.0200,yfinance
BTTL.NS,2026-10-08,117.0000,True,58.2300,2026-07-14,30.0000,2026-05-27,39.0000,4923.2500,42.3600,yfinance
BUILDPRO.NS,2026-10-08,184.0000,True,276.0000,2026-08-04,127.2000,2026-01-27,250.2000,394359.1500,260.2200,yfinance
BURNPUR.NS,2026-10-08,252.0000,False,33.0000,2025-10-01,11.1300,2026-08-26,13.6600,35247.3500,19.4700,yfinance
BUTTERFLY.NS,2026-10-08,252.0000,False,823.8500,2025-11-06,522.2500,2026-10-01,538.3000,20716.7500,614.5500,yfinance
BVCL.NS,2026-10-08,252.0000,False,54.9000,2026-02-05,31.2000,2026-03-30,41.1500,27694.0000,42.6800,yfinance
BYKE.NS,2026-10-08,252.0000,False,73.0600,2025-10-09,26.2500,2026-03-27,29.5000,29874.2500,31.9000,yfinance
CALSOFT.NS,2026-10-08,252.0000,False,43.1300,2026-09-03,10.9000,2026-04-06,34.2500,209699.3500,37.0000,yfinance
CAMLINFINE.NS,2026-10-08,252.0000,False,211.9500,2025-10-08,88.2600,2026-10-08,88.8400,626071.8000,104.1500,yfinance
CAMPUS.NS,2026-10-08,252.0000,False,287.8000,2025-10-16,197.0000,2026-10-08,199.0000,367037.2500,216.8100,yfinance
CAMS.NS,2026-10-08,252.0000,False,844.9000,2026-05-08,611.4000,2026-03-23,662.5000,1266598.5500,729.5000,yfinance
CANBK.NS,2026-10-08,252.0000,False,162.8900,2026-02-26,116.5100,2026-10-01,117.3500,13292038.0500,124.6800,yfinance
CANFINHOME.NS,2026-10-08,252.0000,False,971.5000,2025-12-26,700.0000,2026-10-01,723.7500,280403.7500,797.6000,yfinance
CANHLIFE.NS,2026-10-08,241.0000,True,166.6900,2026-07-21,106.0000,2025-10-17,145.5600,930564.6500,154.1600,yfinance
CANTABIL.NS,2026-10-08,252.0000,False,321.5000,2026-02-06,208.5000,2026-05-29,232.7600,122354.3500,236.8700,yfinance
CAPACITE.NS,2026-10-08,252.0000,False,314.2500,2025-11-17,175.9900,2026-10-05,177.1900,281679.2000,199.7200,yfinance
CAPILLARY.NS,2026-10-08,218.0000,True,798.9500,2025-11-26,438.1500,2026-09-09,553.8000,467531.4000,460.5500,yfinance
CAPITALSFB.NS,2026-10-08,252.0000,False,323.7000,2026-05-08,206.5500,2026-03-30,268.9500,40388.2500,277.0000,yfinance
CAPLIPOINT.NS,2026-10-08,252.0000,False,2990.0000,2026-09-24,1500.3000,2026-03-30,2548.8000,196090.0000,2770.1001,yfinance
CAPTRUST.NS,2026-10-08,252.0000,False,40.9500,2025-09-30,10.9800,2026-03-30,23.0800,39192.5000,19.4700,yfinance
CARBORUNIV.NS,2026-10-08,252.0000,False,1368.9000,2026-09-24,735.2000,2026-03-23,1209.4000,649752.9500,1095.9000,yfinance
CARERATING.NS,2026-10-08,252.0000,False,1838.0000,2026-05-15,1392.7000,2026-03-23,1542.3000,42038.4000,1721.1000,yfinance
CARRARO.NS,2026-10-08,252.0000,False,667.5500,2026-04-16,416.0000,2026-03-23,509.8000,120937.9500,538.8500,yfinance
CARTRADE.NS,2026-10-08,252.0000,False,3290.5000,2025-11-17,1600.0000,2026-04-30,2837.8999,264047.1000,3176.7000,yfinance
CARYSIL.NS,2026-10-08,252.0000,False,1280.9000,2026-07-15,732.1000,2026-01-21,1011.8000,102758.0000,1155.0000,yfinance
CASTROLIND.NS,2026-10-08,252.0000,False,207.2000,2025-10-15,170.1000,2026-03-24,196.0800,3838956.5000,189.4600,yfinance
CCAVENUE.NS,2026-10-08,252.0000,False,20.5000,2025-11-19,12.9200,2026-03-30,15.0200,14235809.4500,15.3600,yfinance
CCCL.NS,2026-10-08,252.0000,False,27.6000,2025-09-30,12.7000,2026-10-08,12.7900,199568.7000,14.0900,yfinance
CCHHL.NS,2026-10-08,252.0000,False,18.0000,2025-10-28,10.0300,2026-03-30,12.3000,25724.2000,12.6900,yfinance
CCL.NS,2026-10-08,252.0000,False,1242.2000,2026-07-13,815.5000,2025-10-09,1050.6000,147555.4000,1130.6000,yfinance
CDSL.NS,2026-10-08,252.0000,False,1673.7000,2025-11-20,1116.3000,2026-03-30,1258.0000,1082643.8000,1400.0000,yfinance
CEATLTD.NS,2026-10-08,252.0000,False,4438.0000,2025-10-23,3061.2000,2026-06-11,3226.2000,50152.9000,3313.2000,yfinance
CEIGALL.NS,2026-10-08,252.0000,False,405.7000,2026-06-30,222.6100,2025-12-09,374.1000,356863.5000,374.8500,yfinance
CEINSYS.NS,2026-10-08,156.0000,True,1249.9000,2026-04-20,634.9500,2026-10-01,666.4500,82586.5000,702.2000,yfinance
CELEBRITY.NS,2026-10-08,252.0000,False,11.7900,2025-09-30,5.6500,2026-03-30,6.0000,22817.6500,6.7400,yfinance
CELLO.NS,2026-10-08,252.0000,False,673.8000,2025-10-30,314.0000,2026-10-01,375.7000,1973431.8500,343.9500,yfinance
CEMPRO.NS,2026-10-08,252.0000,False,1649.2000,2026-07-21,503.3000,2026-03-23,1140.8000,227312.3000,1285.1000,yfinance
CENTENKA.NS,2026-10-08,252.0000,False,671.6500,2026-07-29,371.2000,2026-03-30,555.5500,42984.1500,589.2000,yfinance
CENTEXT.NS,2026-10-08,252.0000,False,34.7500,2025-10-10,15.6700,2026-03-30,18.6000,304654.7000,19.4681,yfinance
CENTRALBK.NS,2026-10-08,252.0000,False,40.9200,2026-02-26,29.3200,2026-06-02,29.9900,7002191.5500,30.9600,yfinance
CENTRUM.NS,2026-10-08,252.0000,False,35.9000,2025-11-10,18.7100,2026-10-01,19.4400,302157.0000,22.5700,yfinance
CENTUM.NS,2026-10-08,252.0000,False,4999.5000,2026-09-23,2044.2000,2026-01-12,4142.1001,110667.4500,4287.3999,yfinance
CENTURYPLY.NS,2026-10-08,252.0000,False,859.0000,2026-02-03,618.5000,2026-03-23,659.8500,104109.4500,744.1000,yfinance
CERA.NS,2026-10-08,252.0000,False,6740.0000,2026-06-22,4461.1001,2026-03-16,4949.5000,8377.5000,5761.5000,yfinance
CESC.NS,2026-10-08,252.0000,False,204.5000,2026-05-04,128.3100,2026-10-08,128.7300,2047983.3000,146.0500,yfinance
CEWATER.NS,2026-10-08,252.0000,False,516.5000,2025-10-06,235.0000,2026-03-16,254.8000,138185.7500,267.0000,yfinance
CGCL.NS,2026-10-08,252.0000,False,287.4500,2026-09-07,151.1000,2026-03-04,241.5400,2954718.4500,270.7500,yfinance
CGPOWER.NS,2026-10-08,252.0000,False,980.9000,2026-07-02,525.5000,2026-01-27,862.0500,2285190.9000,910.7000,yfinance
CHALET.NS,2026-10-08,252.0000,False,993.0000,2025-10-01,691.3500,2026-03-30,825.5500,175417.5000,897.7500,yfinance
CHAMBLFERT.NS,2026-10-08,252.0000,False,522.0000,2025-10-06,376.1000,2026-10-08,378.6500,462219.5500,418.6500,yfinance
CHEMBOND.NS,2026-10-08,252.0000,False,236.8000,2026-09-09,105.1500,2026-03-30,181.7600,29473.4000,197.7200,yfinance
CHEMBONDCH.NS,2026-10-08,252.0000,False,290.0000,2026-08-21,104.8500,2026-03-30,219.3100,8750.2000,259.9500,yfinance
CHEMCON.NS,2026-10-08,252.0000,False,288.3000,2025-10-06,125.0000,2026-03-30,215.1200,57568.5500,209.5300,yfinance
CHEMFAB.NS,2026-10-08,252.0000,False,703.0000,2025-09-30,290.3500,2026-03-30,327.6000,5158.2000,354.9000,yfinance
CHEMPLASTS.NS,2026-10-08,252.0000,False,412.6500,2025-10-28,161.0000,2026-09-16,212.3800,1072015.6500,180.7600,yfinance
CHENNPETRO.NS,2026-10-08,252.0000,False,1677.5000,2026-09-11,716.8000,2025-10-20,1531.0000,3251724.0000,1457.8000,yfinance
CHEVIOT.NS,2026-10-08,252.0000,False,1370.5000,2026-05-07,898.0000,2026-03-30,1138.0000,1169.8000,1214.6000,yfinance
CHOICEIN.NS,2026-10-08,252.0000,False,860.5000,2026-01-05,568.7000,2026-03-23,710.6500,439816.1500,753.4500,yfinance
CHOLAFIN.NS,2026-10-08,252.0000,False,1952.5000,2026-08-06,1299.4000,2026-04-02,1544.0000,1682951.4000,1823.4000,yfinance
CHOLAHLDNG.NS,2026-10-08,252.0000,False,2064.0000,2025-11-06,1305.0000,2026-03-23,1370.4000,182682.8000,1526.2000,yfinance
CIEINDIA.NS,2026-10-08,252.0000,False,526.0000,2026-02-23,366.9000,2026-09-16,371.6500,247900.4000,383.4000,yfinance
CIFL.NS,2026-10-08,252.0000,False,39.6900,2026-01-14,18.5600,2026-09-16,20.1700,188048.5500,20.1600,yfinance
CINELINE.NS,2026-10-08,252.0000,False,104.4000,2026-09-07,73.3500,2026-03-30,90.7500,25252.8000,95.3900,yfinance
CINEVISTA.NS,2026-10-08,252.0000,False,20.9000,2025-10-17,12.1600,2026-03-30,14.6000,35005.0000,14.2100,yfinance
CIPLA.NS,2026-10-08,252.0000,False,1673.0000,2025-10-23,1165.7000,2026-04-02,1306.8000,993843.9000,1384.0000,yfinance
CLEAN.NS,2026-10-08,252.0000,False,1108.0000,2025-10-03,652.0000,2026-03-30,796.8000,311432.4500,830.2500,yfinance
CLEANMAX.NS,2026-10-08,149.0000,True,1536.0000,2026-06-24,727.1000,2026-03-30,1348.3000,1196034.6000,1399.2000,yfinance
CLEDUCATE.NS,2026-10-08,252.0000,False,94.8800,2025-10-03,35.4800,2026-03-02,49.8400,19435.0000,59.1100,yfinance
CLSEL.NS,2026-10-08,252.0000,False,324.8000,2026-08-25,203.7500,2026-03-30,289.2500,57523.5500,305.6500,yfinance
CMPDI.NS,2026-10-08,131.0000,True,283.6900,2026-07-03,150.1600,2026-04-07,206.6500,1597216.4000,236.8500,yfinance
CMRGREEN.NS,2026-10-08,84.0000,True,268.9600,2026-06-10,205.2500,2026-08-19,217.2200,463853.4000,222.1600,yfinance
CMSINFO.NS,2026-10-08,252.0000,False,393.3000,2025-10-17,213.8600,2026-10-08,214.3500,940541.6500,236.5800,yfinance
CNL.NS,2026-10-08,252.0000,False,1328.0000,2026-08-31,525.0000,2026-03-30,1060.2000,16816.0000,1149.2000,yfinance
COALINDIA.NS,2026-10-08,252.0000,False,491.2500,2026-04-30,369.6000,2025-11-25,409.3500,7459856.9500,420.2500,yfinance
COASTCORP.NS,2026-10-08,252.0000,False,66.7000,2026-05-15,34.0000,2026-10-08,34.2500,71682.3000,40.6900,yfinance
COCHINSHIP.NS,2026-10-08,252.0000,False,1929.9000,2025-10-01,1187.0000,2026-03-30,1200.0000,1208269.0000,1528.2000,yfinance
COCKERILL.NS,2026-10-08,117.0000,True,10871.5000,2026-06-10,5015.2500,2026-04-24,7727.5000,5823.8000,8325.5000,yfinance
COFFEEDAY.NS,2026-10-08,252.0000,False,44.8000,2025-10-10,21.0000,2026-03-30,30.5300,1067363.5500,34.2400,yfinance
COFORGE.NS,2026-10-08,252.0000,False,2021.2000,2026-08-31,1008.1000,2026-03-17,1814.3000,2639532.4500,1950.0000,yfinance
COHANCE.NS,2026-10-08,252.0000,False,917.8500,2025-10-21,266.7000,2026-03-09,442.4000,1223959.9500,451.6000,yfinance
COLPAL.NS,2026-10-08,252.0000,False,2329.8999,2025-10-17,1716.1000,2026-10-01,1735.7000,426767.4500,1819.9000,yfinance
COMPUSOFT.NS,2026-10-08,252.0000,False,20.5000,2025-10-03,12.0000,2026-03-11,12.9000,33700.2500,13.1500,yfinance
COMSYN.NS,2026-10-08,252.0000,False,315.4000,2026-09-21,136.4400,2025-11-12,256.5000,660183.5000,301.8500,yfinance
CONCOR.NS,2026-10-08,252.0000,False,557.0000,2025-10-30,421.4500,2026-03-23,434.0000,1210966.9500,502.0000,yfinance
CONCORDBIO.NS,2026-10-08,252.0000,False,1667.6000,2025-10-01,987.0000,2026-04-02,1330.8000,161665.3000,1470.5000,yfinance
CONFIPET.NS,2026-10-08,252.0000,False,93.2000,2026-09-21,28.0600,2026-03-09,84.9000,3694224.3000,82.4900,yfinance
CONSOFINVT.NS,2026-10-08,252.0000,False,320.0000,2026-08-06,152.0000,2025-12-09,282.0500,6660.0500,317.4500,yfinance
CONTROLPR.NS,2026-10-08,252.0000,False,829.7000,2025-10-03,517.0000,2026-03-30,613.4000,31301.2500,593.3000,yfinance
CORALFINAC.NS,2026-10-08,252.0000,False,47.1900,2025-10-06,25.0100,2026-03-30,30.2600,27313.8000,32.5800,yfinance
CORDELIA.NS,2026-10-08,70.0000,True,118.5300,2026-09-21,62.3100,2026-07-01,102.9000,1621939.7000,106.7200,yfinance
CORDSCABLE.NS,2026-10-08,252.0000,False,406.9500,2026-09-23,127.0100,2026-03-30,301.3000,236873.7000,372.7500,yfinance
COROMANDEL.NS,2026-10-08,252.0000,False,2499.0000,2025-12-19,1662.2000,2026-10-08,1673.7000,185336.8000,1951.1000,yfinance
CORONA.NS,2026-10-08,202.0000,True,2292.3999,2026-09-15,1336.6000,2025-12-23,1993.5000,60318.2000,2093.2000,yfinance
COSMOFIRST.NS,2026-10-08,252.0000,False,996.0000,2026-09-01,560.8000,2026-02-02,812.7000,40125.2000,909.1500,yfinance
COUNCODOS.NS,2026-10-08,252.0000,False,7.8500,2026-07-15,3.7100,2026-03-25,6.3100,47075.6500,6.5100,yfinance
CPCAP.NS,2026-10-08,252.0000,False,162.0000,2026-10-07,73.5100,2026-03-30,152.1700,75463.9000,137.3600,yfinance
CPEDU.NS,2026-10-08,252.0000,False,338.7500,2025-10-29,141.0000,2026-03-30,178.8200,4190.0500,191.3500,yfinance
CPPLUS.NS,2026-10-08,252.0000,False,4188.8999,2026-10-06,1300.0000,2025-10-01,3972.2000,284041.2500,3828.8000,yfinance
CRAFTSMAN.NS,2026-10-08,252.0000,False,11999.0000,2026-09-09,6324.0000,2025-10-29,10038.0000,55587.0000,11406.0000,yfinance
CRAMC.NS,2026-10-08,242.0000,True,353.4000,2025-10-27,214.2000,2026-03-09,220.7900,369148.9000,242.2500,yfinance
CREATIVEYE.NS,2026-10-08,252.0000,False,8.8200,2025-10-21,5.1600,2026-09-10,6.0000,29134.0000,6.0900,yfinance
CREDITACC.NS,2026-10-08,252.0000,False,1634.0000,2026-07-31,1113.0000,2026-03-23,1263.4000,183942.5000,1417.1000,yfinance
CREST.NS,2026-10-08,252.0000,False,418.0000,2025-11-28,298.1500,2026-03-30,351.8000,3506.5500,362.3500,yfinance
CRESTO.NS,2026-10-08,252.0000,False,28.4500,2025-11-06,14.3500,2026-09-11,20.0000,88574.2000,16.2900,yfinance
CRISIL.NS,2026-10-08,252.0000,False,5064.8999,2025-10-28,3686.0000,2026-04-02,4404.0000,41150.7500,4754.5000,yfinance
CRIZAC.NS,2026-10-08,252.0000,False,333.0000,2025-10-27,159.0200,2026-10-08,159.9700,267038.3500,171.9400,yfinance
CROMPTON.NS,2026-10-08,252.0000,False,310.5000,2026-05-15,201.1000,2026-10-01,204.3400,2422695.6500,231.9000,yfinance
CROWN.NS,2026-10-08,252.0000,False,163.8600,2025-10-06,100.1100,2026-08-31,108.1100,34798.9000,115.5800,yfinance
CSBBANK.NS,2026-10-08,252.0000,False,574.4000,2026-01-05,295.0000,2026-09-15,301.7500,920880.5000,312.8500,yfinance
CSLFINANCE.NS,2026-10-08,252.0000,False,324.7000,2025-12-23,199.9900,2026-10-08,202.5300,39079.1000,241.8500,yfinance
CSM.NS,2026-10-08,69.0000,True,114.9000,2026-09-18,76.2600,2026-09-11,90.3500,1272192.8000,94.1300,yfinance
CTE.NS,2026-10-08,252.0000,False,59.9300,2025-10-31,20.5100,2026-03-24,36.5100,8899.1000,41.7700,yfinance
CUB.NS,2026-10-08,252.0000,False,248.8500,2026-09-07,156.9750,2025-10-01,220.0700,2379855.2500,232.9700,yfinance
CUBEXTUB.NS,2026-10-08,252.0000,False,184.0000,2026-09-30,73.1000,2026-03-30,165.2700,460049.7000,78.8800,yfinance
CUMMINSIND.NS,2026-10-08,252.0000,False,6100.0000,2026-05-29,3833.0000,2025-10-03,4740.8999,449844.6000,5040.0000,yfinance
CUPID.NS,2026-10-08,252.0000,False,357.0000,2026-10-08,41.8160,2025-10-08,356.6500,27245637.8000,274.8000,yfinance
CURAA.NS,2026-10-08,252.0000,False,217.1000,2025-09-30,60.0000,2026-09-04,69.3800,267.3500,78.0000,yfinance
CYBERMEDIA.NS,2026-10-08,252.0000,False,28.9900,2026-09-07,11.3000,2026-03-30,17.7800,21894.3000,23.9200,yfinance
CYBERTECH.NS,2026-10-08,252.0000,False,274.8000,2025-10-03,95.3000,2026-03-09,132.2500,30839.7500,139.2600,yfinance
CYIENT.NS,2026-10-08,252.0000,False,1222.0000,2025-10-23,750.3000,2026-03-30,1084.7000,564336.9500,1086.3000,yfinance
CYIENTDLM.NS,2026-10-08,252.0000,False,1014.6500,2026-10-07,265.2000,2026-03-30,981.3000,523857.5500,976.2500,yfinance
DABUR.NS,2026-10-08,252.0000,False,534.0000,2026-01-05,368.0500,2026-09-09,376.8000,2383242.9500,375.0000,yfinance
DALBHARAT.NS,2026-10-08,252.0000,False,2319.8999,2025-10-17,1585.1000,2026-10-08,1592.9000,82919.0500,1700.5000,yfinance
DALMIASUG.NS,2026-10-08,252.0000,False,520.0000,2026-08-24,261.4000,2026-01-21,428.9500,316973.4000,450.3500,yfinance
DAMCAPITAL.NS,2026-10-08,252.0000,False,286.0000,2025-11-07,119.2200,2026-03-16,141.3800,1338283.1500,145.2900,yfinance
DAMODARIND.NS,2026-10-08,252.0000,False,37.2000,2025-10-23,20.0000,2026-03-30,26.5800,4053.5500,29.1100,yfinance
DANGEE.NS,2026-10-08,252.0000,False,5.0800,2025-10-13,2.5400,2026-03-30,3.1300,508755.6500,2.8800,yfinance
DATAMATICS.NS,2026-10-08,252.0000,False,1010.0000,2025-10-31,632.0000,2026-03-30,744.8000,161738.9000,739.0000,yfinance
DATAPATTNS.NS,2026-10-08,252.0000,False,5000.0000,2026-08-21,2131.0000,2026-01-27,4097.1001,469685.6000,4932.2998,yfinance
DAVANGERE.NS,2026-10-08,252.0000,False,5.5000,2026-01-22,1.7400,2026-09-09,2.2800,22293980.5500,1.9300,yfinance
DBCORP.NS,2026-10-08,252.0000,False,280.5500,2025-10-27,166.1000,2026-10-08,167.3900,80697.2000,195.3000,yfinance
DBEIL.NS,2026-10-08,252.0000,False,17.8200,2025-10-06,5.1510,2026-03-30,6.3900,366643.0000,7.2600,yfinance
DBL.NS,2026-10-08,252.0000,False,538.2000,2025-10-07,381.5500,2026-07-24,397.4000,544273.7500,393.5500,yfinance
DBOL.NS,2026-10-08,252.0000,False,143.0900,2026-10-08,69.0000,2025-11-19,140.4300,292601.2500,126.1200,yfinance
DBREALTY.NS,2026-10-08,252.0000,False,164.6000,2025-10-03,83.5000,2026-03-30,84.7200,1068426.9000,101.1900,yfinance
DBSTOCKBRO.NS,2026-10-08,252.0000,False,48.5000,2026-07-08,23.1500,2026-02-19,31.9100,7251.0000,28.4100,yfinance
DCAL.NS,2026-10-08,252.0000,False,306.0000,2025-10-08,128.5000,2026-03-30,146.6600,222395.2500,173.9800,yfinance
DCBBANK.NS,2026-10-08,252.0000,False,234.8000,2026-09-08,125.7300,2025-10-01,196.5600,1253952.4000,229.5500,yfinance
DCI.NS,2026-10-08,252.0000,False,475.0000,2026-04-08,208.9800,2026-01-27,345.2000,484909.2500,300.7500,yfinance
DCM.NS,2026-10-08,252.0000,False,104.3000,2026-06-05,55.0000,2026-03-30,69.8400,10871.6500,75.0600,yfinance
DCMFINSERV.NS,2026-10-08,252.0000,False,8.5500,2026-03-17,3.7000,2026-03-09,4.8800,14951.7000,5.1100,yfinance
DCMNVL.NS,2026-10-08,252.0000,False,198.5800,2026-08-27,95.6000,2026-03-30,167.9400,10269.6000,180.4400,yfinance
DCMSHRIRAM.NS,2026-10-08,252.0000,False,1409.0000,2025-10-29,886.3000,2026-10-01,955.7500,132862.9000,1008.2000,yfinance
DCMSIL.NS,2026-10-08,158.0000,True,105.2700,2026-03-19,49.5000,2026-02-17,75.7200,141009.1000,69.0900,yfinance
DCMSRIND.NS,2026-10-08,252.0000,False,181.9000,2025-10-01,31.9000,2026-03-24,38.4200,658892.0500,43.7800,yfinance
DCW.NS,2026-10-08,252.0000,False,72.3000,2025-11-13,37.1100,2026-03-30,44.3000,1705408.0000,47.6500,yfinance
DCXINDIA.NS,2026-10-08,252.0000,False,252.0100,2025-10-06,152.0000,2026-10-08,153.5100,324190.9500,174.0900,yfinance
DDEVPLSTIK.NS,2026-10-08,252.0000,False,360.0000,2025-10-06,185.1500,2026-03-30,244.1500,91040.2000,269.4500,yfinance
DECCANCE.NS,2026-10-08,252.0000,False,1128.3000,2025-09-30,525.0000,2026-08-12,532.9500,34842.5000,567.7500,yfinance
DEEDEV.NS,2026-10-08,252.0000,False,760.0000,2026-06-17,183.0000,2026-01-27,608.6000,203082.5500,701.6000,yfinance
DEEPAKFERT.NS,2026-10-08,252.0000,False,1681.0000,2026-08-04,866.4000,2026-03-23,1390.2000,262212.6500,1345.9000,yfinance
DEEPAKNTR.NS,2026-10-08,252.0000,False,1897.9000,2026-05-12,1280.0000,2026-03-30,1584.1000,225770.7500,1647.8000,yfinance
DEEPINDS.NS,2026-10-08,252.0000,False,825.0000,2026-09-09,330.0000,2026-03-13,777.6000,358173.3000,818.7000,yfinance
DELHIVERY.NS,2026-10-08,252.0000,False,524.0000,2026-07-10,374.4500,2026-01-21,397.0000,2839385.0000,454.9000,yfinance
DELPHIFX.NS,2026-10-08,252.0000,False,18.2500,2026-02-13,4.7200,2026-09-21,7.4500,172759.0000,5.9500,yfinance
DELTACORP.NS,2026-10-08,252.0000,False,88.6000,2026-10-06,48.3000,2026-03-30,78.3200,21170361.6000,55.4400,yfinance
DELTAMAGNT.NS,2026-10-08,252.0000,False,86.0000,2025-10-14,45.5100,2026-03-30,56.6300,3445.5000,58.4400,yfinance
DEN.NS,2026-10-08,252.0000,False,35.9500,2025-10-13,22.5200,2026-03-30,25.1000,265036.5000,27.1800,yfinance
DENORA.NS,2026-10-08,252.0000,False,960.3500,2026-06-24,560.2500,2026-01-21,717.3500,5349.8500,805.9500,yfinance
DENTA.NS,2026-10-08,252.0000,False,479.6000,2025-10-07,222.0000,2026-03-09,258.7000,101114.3500,279.6500,yfinance
DEVIT.NS,2026-10-08,252.0000,False,44.4400,2025-10-20,19.1100,2026-10-08,19.4700,48421.2500,23.9900,yfinance
DEVX.NS,2026-10-08,252.0000,False,54.0000,2025-10-07,29.9500,2026-03-30,39.0200,136958.0000,33.7500,yfinance
DEVYANI.NS,2026-10-08,252.0000,False,172.7400,2025-10-01,91.5500,2026-04-02,123.2300,1627281.2500,137.9900,yfinance
DGCONTENT.NS,2026-10-08,252.0000,False,39.5700,2025-11-04,21.6100,2026-03-30,23.6800,23354.7000,24.5400,yfinance
DHAMPURSUG.NS,2026-10-08,252.0000,False,199.9200,2026-08-24,110.0000,2026-01-21,182.9100,894483.7000,168.8800,yfinance
DHANBANK.NS,2026-10-08,252.0000,False,36.8500,2026-07-07,19.4500,2026-03-30,32.6500,2060051.9000,31.1100,yfinance
DHANUKA.NS,2026-10-08,252.0000,False,1568.8000,2025-10-03,885.5500,2026-10-08,893.3500,22910.5000,994.0500,yfinance
DHARMAJ.NS,2026-10-08,252.0000,False,325.0500,2025-10-03,210.6500,2026-01-27,263.1000,57512.9500,269.7500,yfinance
DHRUV.NS,2026-10-08,252.0000,False,56.9900,2025-12-18,18.7600,2026-10-05,20.9400,7770.8500,23.4000,yfinance
DHUNINV.NS,2026-10-08,252.0000,False,1573.1000,2025-10-17,667.1000,2026-03-30,933.3500,438.8000,1014.5000,yfinance
DIACABS.NS,2026-10-08,252.0000,False,404.0000,2026-09-16,115.5700,2026-02-02,371.9000,884101.6000,336.2500,yfinance
DIAMINESQ.NS,2026-10-08,252.0000,False,339.3000,2025-09-30,208.0100,2026-03-24,235.7300,5716.0000,245.0700,yfinance
DIAMONDYD.NS,2026-10-08,252.0000,False,1245.0000,2026-08-11,858.9000,2026-03-27,1044.7000,19736.2500,1129.3000,yfinance
DICIND.NS,2026-10-08,252.0000,False,675.0000,2026-09-24,450.5000,2026-01-19,600.7500,4772.0500,622.8500,yfinance
DIFFNKG.NS,2026-10-08,252.0000,False,519.9000,2026-09-04,216.8000,2026-03-19,427.2500,162431.5000,442.5000,yfinance
DIGIDRIVE.NS,2026-10-08,252.0000,False,31.5000,2025-11-07,16.1000,2026-03-27,17.5100,17508.8500,17.7300,yfinance
DIGISPICE.NS,2026-10-08,252.0000,False,28.9800,2025-10-06,14.4000,2026-10-01,15.0200,115212.3000,16.9100,yfinance
DIGITIDE.NS,2026-10-08,252.0000,False,185.9200,2025-10-06,69.9000,2026-03-23,71.6500,253462.2000,93.4200,yfinance
DIGJAMLMTD.NS,2026-10-08,252.0000,False,73.1900,2026-09-11,36.0300,2026-03-24,47.5500,114539.3000,51.7800,yfinance
DISAQ.NS,2026-10-08,118.0000,True,12864.0000,2026-06-29,10851.0000,2026-06-08,11359.0000,158.4000,11926.0000,yfinance
DISHTV.NS,2026-10-08,252.0000,False,5.0300,2025-10-06,1.8200,2026-03-30,2.0300,2412501.8000,2.5400,yfinance
DIVGIITTS.NS,2026-10-08,252.0000,False,1329.8000,2026-09-01,573.7000,2025-12-04,1025.6000,123630.3500,1189.3000,yfinance
DIVISLAB.NS,2026-10-08,252.0000,False,9740.0000,2026-09-24,5647.5000,2026-04-02,9361.0000,492722.6500,9575.0000,yfinance
DIXON.NS,2026-10-08,252.0000,False,17505.0000,2025-10-10,9600.0000,2026-03-30,12650.0000,321970.8000,14100.0000,yfinance
DJML.NS,2026-10-08,252.0000,False,124.8000,2026-07-03,52.0000,2025-12-11,71.7600,100646.8500,76.0800,yfinance
DLF.NS,2026-10-08,252.0000,False,786.5000,2025-10-29,489.4000,2026-04-02,636.9500,4448303.4500,675.1000,yfinance
DLINKINDIA.NS,2026-10-08,252.0000,False,549.2000,2026-07-09,367.6500,2026-01-23,406.7000,49921.0500,443.0000,yfinance
DMART.NS,2026-10-08,252.0000,False,4644.0000,2026-04-17,3521.0000,2026-10-06,3585.0000,605062.5000,3720.2000,yfinance
DMCC.NS,2026-10-08,252.0000,False,374.1500,2026-10-06,191.3500,2026-03-30,337.1000,288864.5000,290.4000,yfinance
DNAMEDIA.NS,2026-10-08,252.0000,False,5.0900,2026-01-16,2.1700,2026-09-17,2.4400,45290.2500,2.6100,yfinance
DODLA.NS,2026-10-08,252.0000,False,1400.0000,2025-10-06,964.1000,2026-03-16,997.5000,21923.3500,1081.7000,yfinance
DOLATALGO.NS,2026-10-08,252.0000,False,95.7600,2026-01-05,59.2500,2026-10-08,59.7200,106582.7500,70.7000,yfinance
DOLLAR.NS,2026-10-08,252.0000,False,385.0000,2025-11-14,220.5000,2026-03-30,279.5500,104436.2000,264.7500,yfinance
DOLLEX.NS,2026-10-08,252.0000,False,42.9500,2025-10-31,26.0000,2026-03-27,37.2100,49153.3500,38.1000,yfinance
DOLPHIN.NS,2026-10-08,252.0000,False,749.5000,2026-09-23,322.0000,2025-12-10,620.0500,59700.8500,687.7500,yfinance
DOMS.NS,2026-10-08,252.0000,False,2755.0000,2026-02-05,2020.0000,2026-09-29,2057.3999,29832.0000,2191.3999,yfinance
DONEAR.NS,2026-10-08,252.0000,False,116.5100,2025-11-27,77.6000,2026-01-27,79.9500,11239.3500,86.7900,yfinance
DPABHUSHAN.NS,2026-10-08,252.0000,False,2344.5000,2026-10-07,866.1000,2026-05-20,2258.8999,240933.2000,1411.6000,yfinance
DPSCLTD.NS,2026-10-08,252.0000,False,12.4400,2025-10-01,6.1300,2026-10-08,6.3700,88411.0000,7.2400,yfinance
DPWIRES.NS,2026-10-08,252.0000,False,251.9000,2025-10-27,125.0200,2026-03-30,215.6400,173079.1000,152.7700,yfinance
DRCSYSTEMS.NS,2026-10-08,252.0000,False,21.4900,2025-10-03,11.5000,2026-03-16,12.5700,55588.0500,12.9000,yfinance
DREAMFOLKS.NS,2026-10-08,252.0000,False,160.0000,2025-10-14,56.0000,2026-03-30,59.4100,52794.0000,65.1400,yfinance
DREDGECORP.NS,2026-10-08,252.0000,False,1286.0000,2026-06-04,538.0000,2025-10-15,905.0500,92062.6000,1049.1000,yfinance
DRREDDY.NS,2026-10-08,252.0000,False,1414.9000,2026-06-29,1101.0000,2026-07-23,1180.0000,2286161.5000,1151.0000,yfinance
DSFCL.NS,2026-10-08,158.0000,True,52.5000,2026-02-17,17.2800,2026-03-30,28.7600,80307.3000,26.7400,yfinance
DSKULKARNI.NS,2026-10-08,252.0000,False,28.2100,2026-10-08,8.6000,2026-08-03,28.2100,179.0500,20.1900,yfinance
DSSL.NS,2026-10-08,252.0000,False,1924.8000,2026-05-25,781.0000,2026-03-30,1030.1000,41269.8500,1061.7000,yfinance
DTIL.NS,2026-10-08,252.0000,False,193.7900,2026-08-27,102.0000,2026-03-30,151.1600,5642.7000,142.0800,yfinance
DUCON.NS,2026-10-08,252.0000,False,5.7700,2025-10-24,1.1500,2026-09-18,1.4400,4096936.8500,1.8000,yfinance
DVL.NS,2026-10-08,252.0000,False,375.9000,2025-10-06,186.9900,2026-03-30,270.2500,10454.9000,292.0500,yfinance
DWARKESH.NS,2026-10-08,252.0000,False,59.9000,2026-08-24,32.1300,2026-01-21,44.0000,2597503.6500,47.9600,yfinance
DYCL.NS,2026-10-08,252.0000,False,560.0000,2026-09-01,236.8000,2026-03-30,423.9000,389320.8000,460.6000,yfinance
DYNAMATECH.NS,2026-10-08,252.0000,False,14409.0000,2026-10-06,6765.0000,2025-10-08,13391.0000,30725.3000,11584.0000,yfinance
DYNPRO.NS,2026-10-08,252.0000,False,367.0000,2025-09-30,190.8000,2026-03-30,223.2300,9746.2000,233.2800,yfinance
E2E.NS,2026-10-08,252.0000,False,753.3500,2026-10-08,183.3600,2026-01-12,714.1500,655737.4000,617.6000,yfinance
EASEMYTRIP.NS,2026-10-08,252.0000,False,10.6000,2026-02-18,5.7100,2026-09-17,5.7800,14522327.2500,5.9400,yfinance
EASTSILK.NS,2026-10-08,252.0000,False,99.2500,2025-12-08,45.1800,2025-10-01,69.7500,1718.5000,57.0000,yfinance
EBGNG.NS,2026-10-08,252.0000,False,740.4000,2026-10-08,239.0000,2026-01-27,692.1500,853211.8500,665.1500,yfinance
ECLERX.NS,2026-10-08,252.0000,False,2497.5000,2026-02-03,1320.0000,2026-06-30,1846.8000,145968.0500,1945.1000,yfinance
ECOSMOBLTY.NS,2026-10-08,252.0000,False,260.0500,2025-11-17,102.0000,2026-10-01,107.4300,53531.7500,111.8700,yfinance
EDELWEISS.NS,2026-10-08,252.0000,False,146.0000,2026-09-23,98.0000,2025-12-09,127.7100,7893068.3000,138.8000,yfinance
EFCIL.NS,2026-10-08,252.0000,False,335.8500,2025-10-09,165.9400,2026-10-06,167.0700,192841.1500,186.5300,yfinance
EICHERMOT.NS,2026-10-08,252.0000,False,8230.0000,2026-02-27,6442.0000,2026-04-07,6767.5000,358185.6000,7747.5000,yfinance
EIDPARRY.NS,2026-10-08,252.0000,False,1118.0000,2025-10-28,672.3000,2026-10-01,677.1500,320935.6500,763.7000,yfinance
EIEL.NS,2026-10-08,252.0000,False,257.6600,2025-10-30,134.7100,2026-03-09,180.9600,1586566.2000,196.2000,yfinance
EIFFL.NS,2026-10-08,252.0000,False,381.9600,2026-06-22,204.9800,2025-12-09,261.8500,2043.3500,265.0000,yfinance
EIHAHOTELS.NS,2026-10-08,252.0000,False,403.4500,2025-10-15,266.6500,2026-03-30,291.0500,16189.5500,295.7000,yfinance
EIHOTEL.NS,2026-10-08,252.0000,False,413.9500,2025-10-03,271.1500,2026-04-02,291.2000,373710.3000,295.7500,yfinance
EIMCOELECO.NS,2026-10-08,252.0000,False,2448.3999,2026-10-07,1405.5000,2026-03-30,2234.2000,32627.6500,2258.2000,yfinance
EKC.NS,2026-10-08,252.0000,False,154.5500,2025-10-27,90.2500,2026-03-30,101.6700,1405384.3000,103.1400,yfinance
ELANTAS.NS,2026-10-08,117.0000,True,15150.0000,2026-09-22,8900.0000,2026-05-18,13597.0000,4144.0500,13891.0000,yfinance
ELCIDIN.NS,2026-10-08,119.0000,True,137000.0000,2026-04-20,98005.0000,2026-10-06,99260.0000,9.8500,106500.0000,yfinance
ELDEHSG.NS,2026-10-08,252.0000,False,1044.1000,2026-01-01,701.5500,2026-08-06,762.9500,540.3500,795.7000,yfinance
ELECON.NS,2026-10-08,252.0000,False,626.0000,2025-10-07,352.0000,2026-03-30,416.9500,2345783.2500,421.1500,yfinance
ELECTCAST.NS,2026-10-08,252.0000,False,99.0000,2025-10-17,60.1500,2026-03-09,74.2600,4329786.5500,79.9000,yfinance
ELECTHERM.NS,2026-10-08,252.0000,False,1277.0000,2026-07-06,551.0000,2026-03-30,683.7500,29909.2000,964.6000,yfinance
ELGIEQUIP.NS,2026-10-08,252.0000,False,653.4000,2026-09-07,408.2500,2026-01-21,579.0000,329592.6500,638.2000,yfinance
ELGIRUBCO.NS,2026-10-08,252.0000,False,70.0000,2025-10-07,32.7200,2026-03-30,54.2400,74541.7000,59.1200,yfinance
ELIN.NS,2026-10-08,252.0000,False,222.9900,2025-11-10,74.0000,2026-10-08,75.5600,141342.5500,98.4200,yfinance
ELLEN.NS,2026-10-08,252.0000,False,480.0000,2025-10-03,175.0000,2026-03-17,350.4000,1645176.0500,322.8000,yfinance
ELPROINTL.NS,2026-10-08,117.0000,True,180.8900,2026-08-07,102.0000,2026-04-22,174.5300,8957.0500,174.1700,yfinance
EMAMILTD.NS,2026-10-08,252.0000,False,560.0000,2025-10-06,361.1500,2026-09-01,367.2500,2825047.5000,363.6500,yfinance
EMAMIPAP.NS,2026-10-08,252.0000,False,133.7000,2026-07-23,55.0000,2026-03-30,113.1600,27299.1500,119.6800,yfinance
EMAMIREAL.NS,2026-10-08,252.0000,False,115.3000,2026-05-08,48.2000,2026-03-23,67.7600,12586.3000,66.1800,yfinance
EMBDL.NS,2026-10-08,252.0000,False,99.2100,2025-10-03,39.4600,2026-03-30,56.2600,2725296.5000,58.1200,yfinance
EMCURE.NS,2026-10-08,252.0000,False,2100.7000,2026-09-18,1260.0000,2025-10-01,1851.5000,210346.1500,1925.8000,yfinance
EMIL.NS,2026-10-08,252.0000,False,212.6400,2026-10-07,84.9000,2026-01-27,193.3100,5295798.9000,186.0200,yfinance
EMKAY.NS,2026-10-08,252.0000,False,370.9000,2025-10-20,186.0000,2026-03-30,265.6500,61300.6000,260.7000,yfinance
EMMBI.NS,2026-10-08,252.0000,False,116.9000,2025-11-17,60.3000,2026-03-30,85.3200,8511.8500,89.9400,yfinance
EMMVEE.NS,2026-10-08,221.0000,True,371.5500,2026-07-16,171.5100,2025-12-18,302.0000,2745515.2500,331.2500,yfinance
EMSLIMITED.NS,2026-10-08,252.0000,False,576.9000,2025-10-06,256.0500,2026-03-10,321.7000,200287.3500,378.4000,yfinance
EMUDHRA.NS,2026-10-08,252.0000,False,688.3500,2025-10-21,364.5500,2026-03-30,569.9000,2411303.1000,509.1000,yfinance
ENDURANCE.NS,2026-10-08,252.0000,False,3072.0000,2026-08-21,2142.8000,2026-04-02,2433.5000,92121.2500,2735.3000,yfinance
ENERGYDEV.NS,2026-10-08,252.0000,False,29.6900,2025-11-19,13.1500,2026-03-30,14.1400,23159.6500,15.3300,yfinance
ENGINERSIN.NS,2026-10-08,252.0000,False,321.4000,2026-09-28,163.5500,2026-01-27,289.0000,6894965.4000,279.2000,yfinance
ENIL.NS,2026-10-08,252.0000,False,160.9000,2025-10-01,91.1000,2026-10-05,91.5100,13730.7500,100.2100,yfinance
ENRIN.NS,2026-10-08,252.0000,False,3968.0000,2026-05-29,2115.0000,2026-01-23,3180.0000,439771.2000,3200.1001,yfinance
ENTERO.NS,2026-10-08,252.0000,False,1920.0000,2026-09-07,944.0000,2025-12-29,1688.8000,206544.5000,1851.8000,yfinance
EPACK.NS,2026-10-08,252.0000,False,360.0000,2025-10-03,163.1000,2026-10-08,165.1600,301777.4000,187.3800,yfinance
EPACKPEB.NS,2026-10-08,250.0000,True,344.0000,2025-11-07,132.1700,2026-03-30,256.3300,886999.3000,234.0000,yfinance
EPIGRAL.NS,2026-10-08,252.0000,False,1771.0000,2025-10-03,807.0000,2026-03-30,1012.2000,36815.2000,1189.8000,yfinance
EPL.NS,2026-10-08,252.0000,False,274.0300,2026-08-21,176.4000,2026-03-16,232.0300,1920704.0500,248.1000,yfinance
EQUIPPP.NS,2026-10-08,252.0000,False,25.8900,2026-07-28,13.8500,2026-05-20,21.3100,14528.7500,23.8000,yfinance
EQUITASBNK.NS,2026-10-08,252.0000,False,83.9000,2026-07-15,51.2500,2026-03-30,66.4400,1884597.0000,72.5400,yfinance
ERIS.NS,2026-10-08,252.0000,False,1740.0000,2025-12-09,1141.0000,2026-10-07,1155.1000,121387.2000,1324.7000,yfinance
ESABINDIA.NS,2026-10-08,252.0000,False,7319.5000,2026-05-07,4710.0000,2025-11-07,5360.5000,3664.4500,6067.0000,yfinance
ESAFSFB.NS,2026-10-08,252.0000,False,46.0000,2026-09-30,19.7800,2026-03-30,42.1700,678145.9000,41.4700,yfinance
ESCORTS.NS,2026-10-08,252.0000,False,3987.8000,2026-01-06,2550.1001,2026-10-01,2773.6001,91534.0500,3013.2000,yfinance
ESSARSHPNG.NS,2026-10-08,252.0000,False,43.2600,2025-10-30,15.4300,2026-09-22,16.0600,602298.7500,16.0500,yfinance
ESSENTIA.NS,2026-10-08,252.0000,False,2.0800,2025-10-30,1.0000,2026-09-29,1.0000,1788920.4000,1.0500,yfinance
ESTER.NS,2026-10-08,252.0000,False,132.4500,2025-10-07,68.5500,2026-03-30,94.6700,280132.4000,91.4300,yfinance
ETERNAL.NS,2026-10-08,252.0000,False,368.4500,2025-10-16,212.6000,2026-03-16,319.0500,21962778.6500,321.6000,yfinance
ETHOSLTD.NS,2026-10-08,252.0000,False,3245.8999,2025-11-27,1919.4000,2026-03-16,2600.3000,54260.0500,2761.5000,yfinance
EUREKAFORB.NS,2026-10-08,252.0000,False,668.3000,2025-11-28,338.0000,2026-10-08,339.7500,214914.0500,408.5500,yfinance
EUROBOND.NS,2026-10-08,252.0000,False,225.8900,2025-10-10,126.3000,2026-03-30,134.5400,2718.6500,154.6300,yfinance
EUROPRATIK.NS,2026-10-08,252.0000,False,390.0000,2025-11-17,170.3500,2026-10-08,173.9800,242230.0000,256.9500,yfinance
EUROTEXIND.NS,2026-10-08,252.0000,False,23.8000,2026-06-11,11.0700,2026-09-24,15.3200,6742.2500,13.4600,yfinance
EVEREADY.NS,2026-10-08,252.0000,False,397.8000,2025-09-30,259.6500,2026-03-30,318.6000,125614.0000,348.8500,yfinance
EVERESTIND.NS,2026-10-08,252.0000,False,724.0000,2025-10-03,284.9000,2026-03-30,480.3000,17833.5000,426.3000,yfinance
EXCELINDUS.NS,2026-10-08,252.0000,False,1168.0000,2025-10-10,800.0500,2026-03-30,918.7000,12299.0500,993.0000,yfinance
EXCELSOFT.NS,2026-10-08,215.0000,True,142.5900,2025-11-26,66.4000,2026-03-30,80.9900,2326430.8000,69.0600,yfinance
EXICOM.NS,2026-10-08,252.0000,False,189.1700,2026-09-08,75.6000,2026-03-30,147.1300,1046421.1500,181.6500,yfinance
EXIDEIND.NS,2026-10-08,252.0000,False,496.4000,2026-08-11,287.0000,2026-03-30,394.9000,2053667.0000,418.1500,yfinance
EXPLEOSOL.NS,2026-10-08,252.0000,False,1175.1000,2025-11-14,640.0000,2026-03-30,851.8000,17500.3500,887.9500,yfinance
EXXARO.NS,2026-10-08,252.0000,False,10.3300,2025-11-07,5.9900,2026-08-03,6.1200,383622.2500,6.5100,yfinance
FABTECH.NS,2026-10-08,249.0000,True,262.8000,2025-10-28,132.7000,2026-03-23,138.9800,67323.7500,146.9100,yfinance
FACT.NS,2026-10-08,252.0000,False,1058.6000,2026-06-16,652.1000,2026-03-09,717.7500,186981.8000,791.2000,yfinance
FAIRCHEMOR.NS,2026-10-08,252.0000,False,846.8000,2026-07-28,428.0500,2026-03-30,720.9000,26310.6000,629.7000,yfinance
FAZE3Q.NS,2026-10-08,252.0000,False,650.0500,2026-06-25,322.1000,2026-01-09,424.1000,40351.0000,497.3000,yfinance
FCL.NS,2026-10-08,252.0000,False,62.4000,2026-09-09,19.1000,2026-03-30,55.9900,27106644.2000,58.4400,yfinance
FCSSOFT.NS,2026-10-08,252.0000,False,2.5300,2025-10-23,1.0500,2026-03-30,1.3700,1823688.7000,1.4200,yfinance
FDC.NS,2026-10-08,252.0000,False,476.4000,2025-10-06,312.9500,2026-03-30,324.0500,146338.2000,345.9500,yfinance
FEDERALBNK.NS,2026-10-08,252.0000,False,371.7000,2026-08-03,191.6000,2025-10-01,321.0000,6502299.1000,344.1500,yfinance
FEDFINA.NS,2026-10-08,252.0000,False,178.4800,2026-01-14,119.0700,2026-03-09,145.3100,841850.7500,162.3000,yfinance
FIBERWEB.NS,2026-10-08,252.0000,False,46.9500,2025-09-30,25.0700,2026-09-16,25.6300,16642.0500,26.0300,yfinance
FIEMIND.NS,2026-10-08,252.0000,False,2674.8000,2026-08-12,1742.5000,2026-10-08,1746.6000,65024.1500,2038.2000,yfinance
FILATEX.NS,2026-10-08,252.0000,False,114.5800,2026-10-07,36.2600,2026-03-30,109.7400,7371162.0000,76.4400,yfinance
FILATFASH.NS,2026-10-08,252.0000,False,0.5800,2025-10-03,0.1400,2026-03-30,0.1800,19137819.8500,0.1800,yfinance
FINCABLES.NS,2026-10-08,252.0000,False,1499.0000,2026-10-08,700.8000,2026-01-30,1402.2000,1083614.2000,1302.3000,yfinance
FINEORG.NS,2026-10-08,252.0000,False,5666.0000,2026-10-07,3856.0000,2026-01-27,5380.5000,27134.9500,5196.0000,yfinance
FINKURVE.NS,2026-10-08,249.0000,True,134.9000,2025-10-06,48.0200,2026-03-30,67.4100,118566.8000,69.0900,yfinance
FINOPB.NS,2026-10-08,252.0000,False,339.0000,2025-10-21,110.0300,2026-03-25,145.5300,1500765.1000,139.9700,yfinance
FINPIPE.NS,2026-10-08,252.0000,False,206.6900,2025-10-03,147.5400,2026-03-30,149.7600,361378.0500,157.8600,yfinance
FIRSTCRY.NS,2026-10-08,252.0000,False,389.6500,2025-10-07,163.3700,2026-09-18,168.5600,8955828.4500,176.2400,yfinance
FISCHER.NS,2026-10-08,252.0000,False,121.7000,2025-10-29,31.0500,2026-06-09,31.9600,1026009.0500,35.5600,yfinance
FIVESTAR.NS,2026-10-08,252.0000,False,666.0000,2025-10-31,338.1500,2026-03-23,502.2000,726841.1000,524.1500,yfinance
FLAIR.NS,2026-10-08,252.0000,False,345.0000,2026-05-08,216.8200,2026-10-01,224.4400,74984.7000,236.9600,yfinance
FLEXITUFF.NS,2026-10-08,252.0000,False,24.9900,2025-09-30,2.0000,2026-09-09,3.2500,27021.9500,2.0800,yfinance
FLUOROCHEM.NS,2026-10-08,252.0000,False,4958.8999,2026-08-13,2916.6001,2026-01-28,4440.1001,113204.0500,4676.6001,yfinance
FMGOETZE.NS,2026-10-08,252.0000,False,641.1000,2026-08-31,358.0000,2026-03-23,434.8500,231696.3000,469.2500,yfinance
FMNL.NS,2026-10-08,252.0000,False,13.2900,2025-10-28,6.7400,2026-03-30,8.1500,69492.9500,9.5200,yfinance
FOCUS.NS,2026-10-08,252.0000,False,98.8700,2025-10-16,52.2500,2026-10-08,54.9600,36100.9000,61.5900,yfinance
FOODSIN.NS,2026-10-08,252.0000,False,89.7000,2025-09-30,44.0000,2026-03-30,47.6900,78699.8500,56.0800,yfinance
FORCEMOT.NS,2026-10-08,252.0000,False,26450.0000,2026-02-18,14911.0000,2025-10-10,16700.0000,69065.1000,17625.0000,yfinance
FORTIS.NS,2026-10-08,252.0000,False,1104.3000,2025-10-17,745.3500,2026-10-01,763.0000,1915096.7000,908.0000,yfinance
FOSECOIND.NS,2026-10-08,252.0000,False,7389.5000,2026-09-17,4300.0000,2026-02-02,6343.5000,36423.5000,6095.5000,yfinance
FRACTAL.NS,2026-10-08,159.0000,True,1118.0000,2026-05-12,698.0000,2026-10-08,700.6500,306220.2500,794.7500,yfinance
FSL.NS,2026-10-08,252.0000,False,371.7500,2025-11-19,202.0000,2026-03-02,266.3500,3694405.3000,257.8000,yfinance
FUSION.NS,2026-10-08,252.0000,False,243.0000,2026-07-13,136.5000,2026-03-30,162.3500,524904.4500,202.0600,yfinance
GABRIEL.NS,2026-10-08,252.0000,False,1600.0000,2026-08-05,795.7000,2026-03-30,1335.4000,656460.3500,1389.6000,yfinance
GAEL.NS,2026-10-08,252.0000,False,184.9900,2026-08-21,101.2000,2025-10-14,158.4700,648543.1000,167.3000,yfinance
GAIL.NS,2026-10-08,252.0000,False,186.8700,2025-11-27,134.3600,2026-03-23,167.7000,6861780.7000,175.0900,yfinance
GALAPREC.NS,2026-10-08,252.0000,False,1260.0000,2026-07-06,671.2000,2026-03-02,1103.2000,45460.7000,1054.9000,yfinance
GALAXYSURF.NS,2026-10-08,252.0000,False,2648.0000,2026-08-17,1510.0000,2026-03-30,2406.7000,51740.5000,2251.8999,yfinance
GALLANTT.NS,2026-10-08,252.0000,False,948.0000,2026-04-16,496.2500,2025-12-18,503.1500,84088.5500,561.6500,yfinance
GANDHAR.NS,2026-10-08,252.0000,False,303.1700,2026-07-24,115.0000,2026-03-30,296.4500,754233.1500,264.0500,yfinance
GANDHITUBE.NS,2026-10-08,252.0000,False,1046.6000,2026-09-22,681.0500,2026-01-27,951.5000,25507.2000,892.9500,yfinance
GANECOS.NS,2026-10-08,252.0000,False,1268.0000,2026-07-21,653.5500,2026-01-30,961.3000,79838.2000,1040.4000,yfinance
GANESHBE.NS,2026-10-08,252.0000,False,143.0000,2026-09-29,68.4000,2026-02-02,111.9000,406955.5500,129.6000,yfinance
GANESHCP.NS,2026-10-08,252.0000,False,309.9500,2025-10-06,144.5000,2026-10-07,150.6600,213613.5500,169.7100,yfinance
GANESHHOU.NS,2026-10-08,252.0000,False,899.7000,2025-11-27,500.0000,2026-03-30,691.8000,32075.3500,750.8000,yfinance
GANGAFORGE.NS,2026-10-08,252.0000,False,4.1500,2025-10-15,1.3500,2026-09-29,1.5100,2552664.2000,1.5900,yfinance
GANGESSECU.NS,2026-10-08,252.0000,False,178.1500,2025-10-17,103.3100,2026-03-30,113.7500,1508.9000,118.6300,yfinance
GARFIBRES.NS,2026-10-08,252.0000,False,863.4000,2026-08-06,579.7500,2026-03-30,765.1500,41985.2500,819.1500,yfinance
GARUDA.NS,2026-10-08,252.0000,False,249.3000,2025-11-07,130.0000,2026-03-30,165.4200,444690.5500,183.6100,yfinance
GATECH.NS,2026-10-08,252.0000,False,1.1100,2026-08-31,0.4000,2026-03-30,0.5900,12679646.4000,0.8300,yfinance
GATECHDVR.NS,2026-10-08,252.0000,False,0.6700,2026-05-12,0.3600,2026-03-30,0.4600,311780.8500,0.4900,yfinance
GATEWAY.NS,2026-10-08,252.0000,False,65.4200,2025-10-31,48.1000,2026-03-23,50.3300,617493.1500,53.9400,yfinance
GAUDIUMIVF.NS,2026-10-08,150.0000,True,163.1800,2026-07-22,69.1800,2026-03-23,104.3800,245215.8000,118.3900,yfinance
GAYAHWS.NS,2026-10-08,252.0000,False,4.7600,2025-10-07,1.6900,2026-10-06,1.8000,165876.2500,1.9400,yfinance
GAYAPROJ.NS,2026-10-08,252.0000,False,27.3300,2026-09-15,10.9900,2025-10-01,20.0000,1297183.6500,23.2600,yfinance
GCSL.NS,2026-10-08,252.0000,False,701.2500,2026-10-07,213.1500,2025-10-20,697.7500,577182.7500,598.2500,yfinance
GEECEE.NS,2026-10-08,252.0000,False,390.0000,2026-08-13,215.8500,2026-03-30,352.7000,2315.6500,368.5000,yfinance
GEEKAYWIRE.NS,2026-10-08,252.0000,False,36.8000,2025-10-28,18.5100,2026-03-30,31.6300,356902.7500,29.5100,yfinance
GEMAROMA.NS,2026-10-08,252.0000,False,263.6800,2025-10-03,133.0000,2025-12-09,146.5600,82331.5000,161.8600,yfinance
GENCON.NS,2026-10-08,252.0000,False,59.9600,2026-02-25,36.0000,2026-10-08,36.3400,389319.9000,41.8900,yfinance
GENESYS.NS,2026-10-08,252.0000,False,612.0000,2025-10-17,168.5000,2026-08-18,279.6000,1363677.8500,288.1900,yfinance
GENUSPAPER.NS,2026-10-08,252.0000,False,17.8900,2025-10-03,8.6700,2026-03-30,10.2900,146122.7500,12.8600,yfinance
GENUSPOWER.NS,2026-10-08,252.0000,False,363.0000,2025-11-07,206.3605,2026-02-04,288.2000,1624873.3500,333.6500,yfinance
GEOJITFSL.NS,2026-10-08,252.0000,False,86.5000,2026-09-03,50.8600,2026-03-30,74.9400,286391.5000,81.0800,yfinance
GESHIP.NS,2026-10-08,252.0000,False,1798.0000,2026-05-19,981.5000,2025-10-01,1529.7000,968994.7500,1383.8000,yfinance
GFLLIMITED.NS,2026-10-08,252.0000,False,81.0000,2025-10-21,37.2500,2026-03-30,54.9100,74532.0000,60.1700,yfinance
GFSTEELS.NS,2026-10-08,252.0000,False,41.4300,2026-10-08,10.2100,2025-10-01,41.4300,37106.1000,16.5000,yfinance
GHCL.NS,2026-10-08,252.0000,False,667.2000,2025-10-30,385.0000,2026-10-08,388.0500,135222.1500,433.0500,yfinance
GHCLTEXTIL.NS,2026-10-08,252.0000,False,144.5900,2026-09-02,65.2600,2026-03-30,125.1000,503601.4500,131.9600,yfinance
GICHSGFIN.NS,2026-10-08,252.0000,False,184.0000,2025-12-26,130.0500,2026-03-30,131.3000,72182.8000,138.7300,yfinance
GICL.NS,2026-10-08,252.0000,False,167.0000,2025-09-30,15.6100,2026-07-09,21.0500,134658.7500,24.5300,yfinance
GICRE.NS,2026-10-08,252.0000,False,417.9500,2026-04-16,308.0000,2026-10-08,309.1000,575057.9500,348.1000,yfinance
GILLANDERS.NS,2026-10-08,252.0000,False,129.4000,2025-10-16,76.0000,2026-03-23,104.1500,15484.5500,101.8100,yfinance
GILLETTE.NS,2026-10-08,252.0000,False,9933.0000,2025-10-01,6860.0000,2026-10-01,7263.5000,23832.4500,7530.5000,yfinance
GINNIFILA.NS,2026-10-08,252.0000,False,57.8500,2026-07-06,31.5000,2026-03-30,40.3300,42204.4500,42.9900,yfinance
GIPCL.NS,2026-10-08,252.0000,False,211.7100,2026-09-03,119.9000,2026-03-30,164.9400,367634.1000,201.1000,yfinance
GKENERGY.NS,2026-10-08,252.0000,False,239.6000,2025-10-23,87.2000,2026-04-02,113.1700,478477.7500,129.6100,yfinance
GKSL.NS,2026-10-08,192.0000,True,209.8000,2026-10-01,98.3600,2026-01-23,180.7100,2742147.6000,175.1900,yfinance
GKWLIMITED.NS,2026-10-08,252.0000,False,1985.4000,2025-10-06,1375.0000,2026-03-30,1562.3000,2220.7000,1551.7000,yfinance
GLAND.NS,2026-10-08,252.0000,False,3171.0000,2026-10-07,1573.6000,2026-03-16,3079.1001,508381.3500,2959.3000,yfinance
GLAXO.NS,2026-10-08,252.0000,False,3120.7000,2026-08-28,2088.1001,2026-06-12,2534.3999,76352.7500,2928.2000,yfinance
GLENMARK.NS,2026-10-08,252.0000,False,2537.6001,2026-08-28,1792.6000,2025-10-28,2192.2000,610103.4000,2474.5000,yfinance
GLFL.NS,2026-10-08,252.0000,False,9.3400,2025-11-03,3.6600,2026-04-06,5.6000,9886.8500,5.3500,yfinance
GLOBAL.NS,2026-10-08,252.0000,False,145.8500,2026-10-08,55.3000,2025-10-15,141.4100,241945.1500,126.6200,yfinance
GLOBALE.NS,2026-10-08,252.0000,False,15.4000,2026-04-22,9.2000,2026-03-27,11.5300,5663.4000,10.9100,yfinance
GLOBALVECT.NS,2026-10-08,252.0000,False,248.0000,2025-10-17,123.0000,2026-09-17,124.2000,6911.4000,139.2900,yfinance
GLOBE.NS,2026-10-08,252.0000,False,3.2900,2026-01-05,1.7500,2026-09-16,2.0700,976622.4500,1.8700,yfinance
GLOBECIVIL.NS,2026-10-08,252.0000,False,80.0000,2025-11-27,33.5000,2026-03-30,40.8200,27473.4500,45.3400,yfinance
GLOBUSSPR.NS,2026-10-08,252.0000,False,1252.8000,2025-11-12,775.0000,2026-10-01,783.4500,70169.2500,861.4500,yfinance
GLOSTERLTD.NS,2026-10-08,252.0000,False,756.4500,2026-07-02,495.0000,2026-03-24,542.3000,1186.1000,598.8000,yfinance
GLOTTIS.NS,2026-10-08,249.0000,True,93.0000,2025-10-07,37.0000,2026-03-30,56.6200,102148.5000,57.1300,yfinance
GMBREW.NS,2026-10-08,252.0000,False,1328.8000,2026-01-06,701.2500,2025-10-01,887.4500,104403.5500,927.7500,yfinance
GMDCLTD.NS,2026-10-08,252.0000,False,771.9000,2026-04-17,462.1000,2026-10-08,463.3500,1043426.8000,568.8500,yfinance
GMMPFAUDLR.NS,2026-10-08,252.0000,False,1533.6000,2026-09-21,735.0000,2026-06-11,1340.4000,457937.9000,1285.2000,yfinance
GMRAIRPORT.NS,2026-10-08,252.0000,False,115.6400,2026-07-07,84.1100,2026-03-30,87.7700,15143433.3500,97.0000,yfinance
GMRP&UI.NS,2026-10-08,252.0000,False,136.3000,2025-11-20,86.8000,2026-09-02,97.1100,1725304.7000,95.6100,yfinance
GNA.NS,2026-10-08,252.0000,False,648.0000,2026-09-24,295.0000,2025-12-30,557.7000,994466.2500,553.4000,yfinance
GNFC.NS,2026-10-08,252.0000,False,636.0000,2026-09-25,365.0000,2026-03-30,599.2500,1281686.6000,589.1000,yfinance
GOACARBON.NS,2026-10-08,252.0000,False,494.9000,2025-10-08,272.8500,2026-03-30,394.8000,121400.8500,386.2500,yfinance
GOCLCORP.NS,2026-10-08,252.0000,False,461.4000,2026-09-18,223.3500,2026-03-23,357.6000,247135.4000,435.6000,yfinance
GOCOLORS.NS,2026-10-08,252.0000,False,715.4500,2025-10-06,237.0500,2026-03-17,296.9000,72185.6000,327.4500,yfinance
GODAVARIB.NS,2026-10-08,252.0000,False,353.0000,2026-04-24,217.0000,2026-10-08,221.0200,601124.1000,244.3700,yfinance
GODFRYPHLP.NS,2026-10-08,252.0000,False,3486.0000,2025-10-06,1770.0000,2026-10-08,1771.0000,186717.1500,2010.0000,yfinance
GODIGIT.NS,2026-10-08,252.0000,False,374.0000,2025-10-29,231.6500,2026-09-21,261.4500,1121355.6500,259.1500,yfinance
GODREJAGRO.NS,2026-10-08,252.0000,False,701.1500,2025-10-03,506.1000,2026-01-27,639.9500,225272.2000,673.6000,yfinance
GODREJCP.NS,2026-10-08,252.0000,False,1273.9000,2026-01-07,832.6000,2026-10-05,865.0000,1010189.3500,865.0000,yfinance
GODREJIND.NS,2026-10-08,252.0000,False,1443.0000,2026-07-10,744.2000,2026-03-30,1002.4000,91085.1500,1144.0000,yfinance
GODREJPROP.NS,2026-10-08,252.0000,False,2352.0000,2025-10-27,1434.0000,2026-04-02,1534.0000,651720.2500,1906.6000,yfinance
GOKEX.NS,2026-10-08,252.0000,False,954.9000,2025-11-20,531.0000,2026-01-27,652.3500,298050.6500,781.3000,yfinance
GOKUL.NS,2026-10-08,252.0000,False,46.8000,2026-08-24,31.0000,2026-02-13,37.8000,169335.5000,42.5400,yfinance
GOKULAGRO.NS,2026-10-08,252.0000,False,259.8000,2026-08-26,151.0000,2026-01-27,205.5400,317384.0000,233.1500,yfinance
GOLDIAM.NS,2026-10-08,252.0000,False,398.2000,2026-08-11,198.7500,2026-03-30,305.7500,428199.5000,338.2000,yfinance
GOLDTECH.NS,2026-10-08,252.0000,False,70.0000,2026-07-03,29.6800,2026-03-30,40.8000,18021.4000,48.0100,yfinance
GOODLUCK.NS,2026-10-08,252.0000,False,557.3666,2026-07-13,305.0000,2026-03-23,496.8000,538695.7500,515.6500,yfinance
GOODYEAR.NS,2026-10-08,122.0000,True,1273.7000,2026-04-15,676.0000,2026-10-08,677.0500,4399.0000,725.2000,yfinance
GOPAL.NS,2026-10-08,252.0000,False,364.4000,2025-11-07,247.5500,2026-03-27,252.4000,137276.7000,264.2000,yfinance
GOYALALUM.NS,2026-10-08,252.0000,False,11.3700,2026-01-07,5.3000,2026-09-18,5.6000,79475.7500,6.2100,yfinance
GPIL.NS,2026-10-08,252.0000,False,320.0000,2026-05-20,204.5200,2026-10-08,205.6300,1525583.2500,245.7100,yfinance
GPPL.NS,2026-10-08,252.0000,False,200.0900,2026-01-08,141.5500,2026-03-30,166.6400,1535918.8000,160.5800,yfinance
GPTHEALTH.NS,2026-10-08,252.0000,False,175.0000,2026-07-31,115.0000,2026-03-27,140.1200,113064.8500,160.7000,yfinance
GPTINFRA.NS,2026-10-08,252.0000,False,150.0000,2026-06-23,96.2200,2026-03-30,121.1900,470072.2500,111.4200,yfinance
GRADIENTE.NS,2026-10-08,106.0000,True,9.4000,2026-05-08,1.9500,2026-09-28,2.4600,882416.4500,2.5400,yfinance
GRANULES.NS,2026-10-08,252.0000,False,923.6500,2026-09-15,510.9000,2025-09-30,815.0500,1323446.4000,895.3500,yfinance
GRAPHITE.NS,2026-10-08,252.0000,False,874.3500,2026-09-09,516.2000,2025-12-09,802.1500,4051145.1000,734.2500,yfinance
GRASIM.NS,2026-10-08,252.0000,False,3411.1001,2026-08-10,2502.5000,2026-03-23,2856.8000,682997.3000,3306.8000,yfinance
GRAUWEIL.NS,2026-10-08,123.0000,True,115.6000,2026-04-13,62.0900,2026-05-20,78.0000,1385977.6500,72.0100,yfinance
GRAVITA.NS,2026-10-08,252.0000,False,1913.6000,2025-12-29,1266.9000,2026-04-02,1482.3000,241326.1000,1682.3000,yfinance
GREAVESCOT.NS,2026-10-08,252.0000,False,271.9000,2026-07-14,119.9900,2026-03-30,211.6100,2717634.0000,193.0600,yfinance
GREENLAM.NS,2026-10-08,252.0000,False,278.5500,2026-08-06,197.5900,2026-03-30,206.8600,52532.0000,235.5300,yfinance
GREENPANEL.NS,2026-10-08,252.0000,False,314.4000,2025-10-01,148.5100,2026-09-16,154.1700,414945.3500,161.6900,yfinance
GREENPLY.NS,2026-10-08,252.0000,False,334.4000,2026-07-22,176.4200,2026-03-30,305.7000,241131.5000,299.3500,yfinance
GREENPOWER.NS,2026-10-08,252.0000,False,14.9300,2025-11-04,7.9800,2026-03-30,8.3400,4300795.4000,9.1400,yfinance
GRINDWELL.NS,2026-10-08,252.0000,False,2455.0000,2026-07-16,1329.0000,2026-03-23,2007.0000,37770.4000,1922.8000,yfinance
GRINFRA.NS,2026-10-08,252.0000,False,1309.8000,2025-10-09,775.0000,2026-10-01,789.4000,29848.6500,859.3000,yfinance
GRMOVER.NS,2026-10-08,252.0000,False,185.4500,2025-12-24,77.0000,2026-10-01,79.6800,1126782.0500,88.1700,yfinance
GROBTEA.NS,2026-10-08,252.0000,False,1225.0000,2025-11-03,805.0000,2026-03-30,890.7000,123.1500,966.0000,yfinance
GROWW.NS,2026-10-08,225.0000,True,227.2000,2026-04-29,112.0000,2025-11-12,192.6000,32476044.9000,195.2400,yfinance
GRPLTD.NS,2026-10-08,252.0000,False,2300.1001,2025-10-17,1500.0000,2026-01-27,1728.7000,2442.0500,2001.4000,yfinance
GRSE.NS,2026-10-08,252.0000,False,3339.0000,2026-04-29,1963.7000,2026-03-30,2014.0000,359521.9500,2525.7000,yfinance
GRWRHITECH.NS,2026-10-08,252.0000,False,7990.0000,2026-08-06,2690.7000,2026-01-21,6929.0000,57306.4000,6975.5000,yfinance
GSFC.NS,2026-10-08,252.0000,False,199.9900,2025-10-03,138.8300,2026-03-30,146.5000,961117.7000,160.8100,yfinance
GSLSU.NS,2026-10-08,252.0000,False,139.6700,2025-11-19,23.0600,2026-07-22,27.4400,59320.7000,29.3000,yfinance
GSPCROP.NS,2026-10-08,134.0000,True,667.9500,2026-08-25,328.0000,2026-03-24,492.1000,357602.4500,531.0000,yfinance
GSS.NS,2026-10-08,252.0000,False,27.5000,2025-10-08,8.6800,2026-03-30,10.2300,40108.5000,10.9600,yfinance
GTECJAINX.NS,2026-10-08,252.0000,False,39.5500,2026-10-06,15.5400,2026-03-30,35.5100,12583.1000,28.0500,yfinance
GTL.NS,2026-10-08,252.0000,False,9.7000,2025-10-01,4.9100,2026-03-30,6.7100,175620.4000,7.0200,yfinance
GTLINFRA.NS,2026-10-08,252.0000,False,1.6700,2026-06-05,0.9600,2026-03-30,1.0500,29824752.0000,1.1800,yfinance
GTPL.NS,2026-10-08,252.0000,False,118.2500,2025-10-14,50.8500,2026-08-17,54.5600,43196.0000,58.0800,yfinance
GUFICBIO.NS,2026-10-08,252.0000,False,467.8000,2026-09-07,268.0000,2026-03-09,404.0500,81953.7000,440.3000,yfinance
GUJALKALI.NS,2026-10-08,252.0000,False,815.0000,2026-05-05,409.1500,2026-03-16,596.6500,85792.0000,718.7500,yfinance
GUJAPOLLO.NS,2026-10-08,252.0000,False,494.0000,2025-10-06,300.5000,2026-08-14,332.0000,19945.8500,342.2000,yfinance
GUJENERGY.NS,2026-10-08,252.0000,False,443.7500,2026-01-06,219.0400,2026-10-08,219.8600,1775118.6500,260.1800,yfinance
GUJRAFFIA.NS,2026-10-08,252.0000,False,88.0000,2025-10-27,35.1000,2026-03-17,43.4700,3937.3000,41.9500,yfinance
GUJTHEM.NS,2026-10-08,252.0000,False,479.0000,2025-10-27,225.0500,2026-03-30,367.9500,410893.0500,453.2500,yfinance
GULFOILLUB.NS,2026-10-08,252.0000,False,1289.4000,2025-11-04,865.0000,2026-03-23,1089.3000,46806.9500,1057.6000,yfinance
GULFPETRO.NS,2026-10-08,252.0000,False,71.4000,2026-08-25,23.2500,2026-03-30,59.0800,89428.6500,64.6200,yfinance
GULPOLY.NS,2026-10-08,252.0000,False,227.6300,2026-08-07,121.5000,2026-02-02,159.8400,100660.5000,181.9600,yfinance
GVKPIL.NS,2026-10-08,252.0000,False,3.6600,2025-10-06,2.0400,2026-09-02,2.3400,941258.3000,2.1300,yfinance
GVPIL.NS,2026-10-08,252.0000,False,1084.0000,2026-06-22,270.9000,2026-01-27,656.1500,212989.7500,656.2000,yfinance
GVPTECH.NS,2026-10-08,252.0000,False,11.1900,2025-12-19,5.2200,2026-03-18,7.1800,47584.0000,8.0300,yfinance
GVT&D.NS,2026-10-08,252.0000,False,5650.0000,2026-06-23,2523.2000,2026-01-21,4200.0000,622322.3500,4750.0000,yfinance
GYFTR.NS,2026-10-08,63.0000,True,193.9000,2026-09-03,139.6900,2026-07-22,171.3800,203031.6500,186.0200,yfinance
HAL.NS,2026-10-08,252.0000,False,5149.8999,2026-08-17,3479.1001,2026-03-30,4647.3999,746930.3500,5031.1001,yfinance
HALDER.NS,2026-10-08,178.0000,True,319.0000,2026-08-17,210.0000,2026-05-18,257.8200,17889.2000,293.5500,yfinance
HALEOSLABS.NS,2026-10-08,252.0000,False,1774.0000,2026-05-11,1091.1000,2026-01-30,1567.8000,952.2000,1448.1000,yfinance
HAPPSTMNDS.NS,2026-10-08,252.0000,False,534.5000,2025-10-07,299.0000,2026-10-08,300.2000,646787.0500,345.6500,yfinance
HAPPYFORGE.NS,2026-10-08,252.0000,False,2470.0000,2026-09-01,888.7500,2025-10-14,1940.9000,90145.4500,2230.3000,yfinance
HARDWYN.NS,2026-10-08,252.0000,False,20.2000,2026-06-01,7.6100,2026-09-09,9.1300,1081717.6500,9.1400,yfinance
HARIOMPIPE.NS,2026-10-08,252.0000,False,498.2000,2025-10-01,268.0500,2026-04-13,326.5500,88158.3000,371.7000,yfinance
HARRMALAYA.NS,2026-10-08,252.0000,False,237.9000,2026-04-24,153.6600,2026-02-02,169.2000,9187.7500,189.9200,yfinance
HARSHA.NS,2026-10-08,252.0000,False,484.8000,2026-10-01,313.3000,2026-03-30,442.4000,179223.8500,466.8000,yfinance
HATHWAY.NS,2026-10-08,252.0000,False,14.3800,2025-10-06,8.7600,2026-03-30,9.2100,1759114.0000,10.2900,yfinance
HATSUN.NS,2026-10-08,252.0000,False,1349.7000,2026-09-15,855.3000,2026-01-30,1120.7000,86894.1000,1198.0000,yfinance
HAVELLS.NS,2026-10-08,252.0000,False,1520.0000,2025-10-10,1015.1000,2026-09-30,1023.7000,781768.4500,1140.0000,yfinance
HAVISHA.NS,2026-10-08,252.0000,False,2.4200,2025-10-21,1.0300,2026-03-30,1.4100,66347.7500,1.3300,yfinance
HAWKINCOOK.NS,2026-10-08,116.0000,True,9600.0000,2026-07-21,7109.0000,2026-05-15,7979.5000,3459.3500,8212.0000,yfinance
HBLENGINE.NS,2026-10-08,252.0000,False,1122.0000,2025-11-10,613.0000,2026-03-30,725.1500,2211299.3500,731.2500,yfinance
HBSL.NS,2026-10-08,252.0000,False,108.8000,2025-11-10,42.6300,2026-03-30,54.4400,2664.1000,54.0100,yfinance
HCC.NS,2026-10-08,252.0000,False,29.5000,2025-10-29,13.6500,2026-03-30,18.7500,16109074.0000,23.8600,yfinance
HCG.NS,2026-10-08,252.0000,False,804.6500,2025-10-24,513.3000,2026-03-30,638.7500,119452.5000,690.6000,yfinance
HCL-INSYS.NS,2026-10-08,252.0000,False,16.5000,2025-11-06,9.0100,2026-03-30,9.9200,278819.6000,10.1200,yfinance
HCLTECH.NS,2026-10-08,252.0000,False,1780.1000,2026-02-03,1030.0000,2026-07-01,1176.9000,2729495.2000,1277.0000,yfinance
HDBFS.NS,2026-10-08,252.0000,False,796.7000,2025-12-19,555.3000,2026-03-30,586.4000,414564.8500,683.1000,yfinance
HDFCAMC.NS,2026-10-08,252.0000,False,2967.2500,2025-10-16,2205.6001,2026-03-30,2245.0000,726312.5000,2447.3000,yfinance
HDFCBANK.NS,2026-10-08,252.0000,False,1020.5000,2025-10-23,681.9000,2026-09-11,692.2500,33532947.1000,703.0000,yfinance
HDFCLIFE.NS,2026-10-08,252.0000,False,788.5000,2025-11-26,508.7000,2026-09-10,544.5000,5285552.3500,533.8000,yfinance
HEADSUP.NS,2026-10-08,252.0000,False,12.9500,2025-10-09,5.6900,2026-03-30,6.4900,13465.1000,7.0400,yfinance
HEALTHX.NS,2026-10-08,252.0000,False,363.0000,2026-01-13,252.5000,2026-03-30,292.9000,8467.3000,302.6000,yfinance
HECPROJECT.NS,2026-10-08,252.0000,False,160.5000,2026-04-15,92.1000,2026-03-30,110.6600,6712.9500,122.9800,yfinance
HEGAM.NS,2026-10-08,252.0000,False,753.9000,2026-09-01,214.1000,2026-09-16,237.1700,1709821.9500,258.6000,yfinance
HEIDELBERG.NS,2026-10-08,252.0000,False,206.7000,2025-10-29,125.0000,2026-10-08,125.4800,203740.1500,159.7200,yfinance
HEMIPROP.NS,2026-10-08,252.0000,False,190.6900,2025-10-03,108.6200,2026-10-08,109.2400,306148.3500,124.4100,yfinance
HERANBA.NS,2026-10-08,252.0000,False,327.0000,2025-10-14,155.3800,2026-03-30,162.0500,206174.2500,172.8000,yfinance
HERITGFOOD.NS,2026-10-08,252.0000,False,503.8000,2025-10-28,292.5500,2026-03-30,383.7500,580893.6500,382.1500,yfinance
HEROMOTOCO.NS,2026-10-08,252.0000,False,6388.5000,2025-12-05,4671.5000,2026-06-30,4856.5000,518283.9000,5333.5000,yfinance
HESTERBIO.NS,2026-10-08,252.0000,False,2683.6001,2026-07-30,1239.3000,2026-03-30,2069.8999,3104.1000,2318.3000,yfinance
HEXAGON.NS,2026-10-08,82.0000,True,78.2500,2026-07-14,48.1000,2026-06-12,68.5900,403036.9500,64.2100,yfinance
HEXATRADEX.NS,2026-10-08,252.0000,False,182.4000,2025-10-03,147.2600,2026-02-03,155.1000,2443.9500,157.3400,yfinance
HEXT.NS,2026-10-08,252.0000,False,807.7500,2025-12-04,400.2000,2026-03-12,511.4000,178959.8000,518.8500,yfinance
HFCL.NS,2026-10-08,252.0000,False,275.9100,2026-10-07,59.8200,2026-01-27,258.3100,7223177.3500,250.7600,yfinance
HGINFRA.NS,2026-10-08,252.0000,False,976.4500,2025-10-03,398.5500,2026-10-06,403.0000,788541.5500,484.5500,yfinance
HGM.NS,2026-10-08,252.0000,False,81.0000,2025-10-31,38.1400,2026-10-05,39.8300,7523.1500,50.1600,yfinance
HGS.NS,2026-10-08,252.0000,False,545.0000,2025-10-27,342.0500,2026-03-09,358.9500,11186.2500,387.9500,yfinance
HIKAL.NS,2026-10-08,252.0000,False,261.0000,2025-12-04,146.2500,2026-03-30,212.2100,793011.2500,246.0100,yfinance
HILINFRA.NS,2026-10-08,252.0000,False,86.3500,2025-10-06,40.1000,2026-09-15,47.6900,191927.7500,43.7000,yfinance
HILTON.NS,2026-10-08,252.0000,False,50.1600,2025-11-17,13.4300,2026-03-24,16.3400,116873.0000,18.6500,yfinance
HIMATSEIDE.NS,2026-10-08,252.0000,False,129.4900,2025-11-20,59.9000,2026-10-08,60.3200,703391.3000,69.4600,yfinance
HINDALCO.NS,2026-10-08,252.0000,False,1176.0000,2026-05-29,754.4500,2025-10-14,890.1500,3964175.5000,1009.0000,yfinance
HINDCOMPOS.NS,2026-10-08,252.0000,False,550.0000,2026-04-16,347.1000,2026-03-30,417.0000,11303.4000,395.3500,yfinance
HINDCON.NS,2026-10-08,252.0000,False,37.7500,2025-10-23,15.6600,2026-03-30,29.9500,82009.5500,24.3900,yfinance
HINDCOPPER.NS,2026-10-08,252.0000,False,760.0500,2026-01-29,308.5000,2025-11-24,467.5000,6620617.4500,532.8500,yfinance
HINDOILEXP.NS,2026-10-08,252.0000,False,201.4400,2026-09-09,117.5000,2026-03-30,169.4000,728141.7500,193.6600,yfinance
HINDPETRO.NS,2026-10-08,252.0000,False,508.4500,2026-01-05,316.2000,2026-03-23,326.6000,4346255.8000,347.0000,yfinance
HINDUNILVR.NS,2026-10-08,252.0000,False,2667.2000,2025-10-23,1826.9000,2026-10-01,1844.5000,1315151.6000,1980.0000,yfinance
HINDWAREAP.NS,2026-10-08,252.0000,False,392.7000,2025-10-17,165.0000,2026-09-29,169.0100,104692.5500,180.2800,yfinance
HINDZINC.NS,2026-10-08,252.0000,False,733.0000,2026-01-27,453.5000,2025-11-24,531.7500,3791666.3000,595.5000,yfinance
HIRECT.NS,2026-10-08,252.0000,False,1399.0000,2026-07-16,565.2000,2026-01-27,1096.1000,43907.3000,1281.4000,yfinance
HISARMETAL.NS,2026-10-08,252.0000,False,192.4000,2025-10-27,124.9900,2026-03-30,144.2600,1006.4500,160.2600,yfinance
HITECH.NS,2026-10-08,252.0000,False,123.8000,2025-10-09,69.8500,2026-10-05,70.8000,862131.1500,75.4000,yfinance
HITECHCORP.NS,2026-10-08,252.0000,False,354.3000,2026-10-08,112.0000,2026-03-30,350.5500,22745.2500,335.9500,yfinance
HITECHGEAR.NS,2026-10-08,252.0000,False,897.4500,2025-10-13,521.2500,2026-04-01,562.0500,3530.6500,570.0000,yfinance
HLEGLAS.NS,2026-10-08,252.0000,False,661.9500,2025-11-03,250.0000,2026-03-30,446.0000,475682.9000,334.5000,yfinance
HLVLTD.NS,2026-10-08,252.0000,False,11.9400,2025-10-06,5.6000,2026-03-30,6.0600,204442.9000,6.4000,yfinance
HMAAGRO.NS,2026-10-08,252.0000,False,34.2400,2025-11-18,19.0900,2026-09-10,23.6200,4562066.4500,20.0100,yfinance
HMVL.NS,2026-10-08,252.0000,False,108.1600,2026-08-04,55.2000,2026-03-30,75.9600,40625.8000,81.9800,yfinance
HNDFDS.NS,2026-10-08,252.0000,False,677.7500,2026-08-19,442.0000,2026-01-30,572.6000,65235.6500,623.5000,yfinance
HOMEFIRST.NS,2026-10-08,252.0000,False,1317.7000,2026-01-27,893.7000,2026-03-30,1071.9000,268232.3500,1237.1000,yfinance
HONASA.NS,2026-10-08,252.0000,False,509.8000,2026-08-14,248.4000,2025-12-11,467.5000,3063997.3500,476.0500,yfinance
HONAUT.NS,2026-10-08,252.0000,False,41495.0000,2026-07-29,26220.0000,2026-03-30,32465.0000,4541.4500,35060.0000,yfinance
HONDAPOWER.NS,2026-10-08,252.0000,False,2783.0000,2025-10-06,1816.6000,2026-03-30,1839.8000,2635.3500,1981.7000,yfinance
HPAL.NS,2026-10-08,252.0000,False,53.0000,2025-11-03,26.5200,2026-03-30,33.5000,76666.8500,35.4200,yfinance
HPIL.NS,2026-10-08,252.0000,False,154.4500,2026-01-01,105.6500,2026-10-05,116.4800,549.3500,122.0000,yfinance
HPL.NS,2026-10-08,252.0000,False,479.9000,2025-11-17,255.0000,2026-10-08,256.4500,93126.8500,303.0000,yfinance
HSCL.NS,2026-10-08,252.0000,False,819.5000,2026-07-21,418.5000,2025-11-24,660.0500,2060953.0500,670.6500,yfinance
HTMEDIA.NS,2026-10-08,252.0000,False,31.3000,2026-08-05,17.5200,2026-03-30,22.0600,102931.9000,25.4100,yfinance
HUBTOWN.NS,2026-10-08,252.0000,False,339.0000,2025-11-18,154.0000,2026-10-08,155.1300,441762.9000,185.5600,yfinance
HUDCO.NS,2026-10-08,252.0000,False,246.8500,2025-11-18,155.8000,2026-10-06,156.9900,2392483.9500,178.2600,yfinance
HUHTAMAKI.NS,2026-10-08,252.0000,False,330.0000,2026-07-27,148.6000,2026-03-30,225.6700,189533.6500,250.7000,yfinance
HYBRIDFIN.NS,2026-10-08,252.0000,False,33.6200,2025-10-23,14.5000,2026-03-17,17.8100,10436.0500,17.2000,yfinance
HYUNDAI.NS,2026-10-08,252.0000,False,2607.7000,2025-10-01,1658.0000,2026-04-06,1915.0000,654609.1000,2220.0000,yfinance
IBULLSLTD.NS,2026-10-08,252.0000,False,38.8900,2026-10-08,8.9000,2026-03-09,34.8800,24731839.5500,25.9500,yfinance
ICDSLTD.NS,2026-10-08,252.0000,False,77.6900,2026-09-07,36.4000,2026-03-09,43.4800,3437.3000,61.2600,yfinance
ICEMAKE.NS,2026-10-08,252.0000,False,920.0000,2026-05-26,602.0000,2026-10-01,660.2500,31118.3000,730.3500,yfinance
ICICIAMC.NS,2026-10-08,198.0000,True,3611.0000,2026-05-29,2530.0000,2025-12-22,3066.3999,407749.5000,3013.0000,yfinance
ICICIBANK.NS,2026-10-08,252.0000,False,1480.0000,2026-07-20,1187.6000,2026-04-02,1349.0000,10163880.0500,1399.4000,yfinance
ICICIGI.NS,2026-10-08,252.0000,False,2064.8999,2025-11-13,1423.1000,2026-09-15,1624.0000,954132.9500,1484.4000,yfinance
ICICIPRULI.NS,2026-10-08,252.0000,False,706.8000,2026-01-13,441.8000,2026-10-01,457.0000,1631885.3500,469.3000,yfinance
ICIL.NS,2026-10-08,252.0000,False,485.9500,2026-09-23,216.9000,2026-03-23,449.0000,578248.1000,450.8500,yfinance
ICRA.NS,2026-10-08,252.0000,False,6620.0000,2025-10-29,4198.2002,2026-09-30,4299.3999,28487.9000,4854.3999,yfinance
IDBI.NS,2026-10-08,252.0000,False,118.3800,2026-01-05,61.0100,2026-03-30,83.1800,13531569.9000,81.1100,yfinance
IDEA.NS,2026-10-08,252.0000,False,15.7900,2026-09-09,8.1300,2026-04-02,12.8000,413105956.2000,15.4200,yfinance
IDEAFORGE.NS,2026-10-08,252.0000,False,992.2500,2026-06-08,366.0000,2026-03-30,669.2000,258346.0500,775.2000,yfinance
IDFCFIRSTB.NS,2026-10-08,252.0000,False,89.6100,2026-09-23,58.0800,2026-04-02,78.4600,23789026.4500,86.5000,yfinance
IEX.NS,2026-10-08,252.0000,False,160.2700,2026-01-09,103.5000,2026-10-08,103.7500,3560734.6500,116.5400,yfinance
IFBAGRO.NS,2026-10-08,252.0000,False,1790.0000,2026-01-08,679.1500,2026-03-16,866.9500,3298.3500,887.0500,yfinance
IFBIND.NS,2026-10-08,252.0000,False,2019.8000,2025-10-31,883.2000,2026-03-30,1186.8000,31222.7000,1296.0000,yfinance
IFCI.NS,2026-10-08,252.0000,False,107.5000,2026-09-04,46.2300,2025-12-18,66.4300,77389682.1500,92.6100,yfinance
IFGLEXPOR.NS,2026-10-08,252.0000,False,338.0000,2025-10-06,119.6800,2026-03-30,179.7200,60286.3500,198.2200,yfinance
IGARASHI.NS,2026-10-08,252.0000,False,558.0000,2025-10-10,271.0500,2026-03-30,393.1000,731153.0000,415.6000,yfinance
IGCL.NS,2026-10-08,252.0000,False,111.4000,2025-10-23,49.4600,2026-03-27,55.6100,163575.4000,72.5400,yfinance
IGIL.NS,2026-10-08,252.0000,False,388.3000,2026-05-26,287.0000,2026-01-27,307.0500,554911.7000,318.1000,yfinance
IGL.NS,2026-10-08,252.0000,False,223.5000,2025-10-08,139.2000,2026-09-29,142.0300,1734640.7000,154.0200,yfinance
IGPL.NS,2026-10-08,252.0000,False,609.9000,2026-09-28,315.0000,2026-03-09,568.4000,89885.7000,584.5500,yfinance
IIFL.NS,2026-10-08,252.0000,False,705.0000,2026-08-24,409.1000,2026-04-27,579.1500,1913052.2500,628.0000,yfinance
IIFLCAPS.NS,2026-10-08,252.0000,False,411.3000,2026-01-07,240.4000,2026-03-30,344.2000,611784.8000,339.4000,yfinance
IITL.NS,2026-10-08,252.0000,False,216.0000,2025-09-30,108.0000,2026-03-02,128.1900,111863.6500,149.8800,yfinance
IKIO.NS,2026-10-08,252.0000,False,238.8000,2026-09-11,103.5300,2026-03-30,181.0500,405153.1000,219.7300,yfinance
IKS.NS,2026-10-08,252.0000,False,1970.0000,2026-09-23,1262.0000,2026-03-23,1751.1000,244130.6500,1780.0000,yfinance
IMAGICAA.NS,2026-10-08,252.0000,False,62.0000,2026-08-28,36.8400,2026-03-27,47.1100,786568.7000,54.4300,yfinance
IMFA.NS,2026-10-08,252.0000,False,1679.9000,2026-04-29,1064.1000,2026-01-27,1165.1000,85671.7500,1306.7000,yfinance
IMPAL.NS,2026-10-08,252.0000,False,1238.9000,2026-07-07,928.0000,2026-03-30,996.5000,2403.4000,1151.5000,yfinance
INA.NS,2026-10-08,145.0000,True,161.8100,2026-04-28,79.0000,2026-10-08,79.7300,594539.8500,93.1200,yfinance
INCREDIBLE.NS,2026-10-08,252.0000,False,48.8500,2025-10-15,28.1000,2026-03-30,30.0000,6530.4000,31.7800,yfinance
INDBANK.NS,2026-10-08,252.0000,False,47.1500,2025-10-07,24.2100,2026-09-29,25.1400,51151.7500,27.6900,yfinance
INDGN.NS,2026-10-08,252.0000,False,627.0000,2026-09-29,414.0000,2026-03-23,586.1500,500278.8000,589.2000,yfinance
INDHOTEL.NS,2026-10-08,252.0000,False,757.4000,2026-07-31,565.0000,2026-04-02,711.6500,3390302.1000,720.0000,yfinance
INDIACEM.NS,2026-10-08,252.0000,False,485.8000,2026-01-08,289.2000,2026-10-07,294.6000,262671.7000,353.4500,yfinance
INDIAGLYCO.NS,2026-10-08,252.0000,False,1222.0000,2025-11-20,217.0000,2026-09-02,356.9000,1346658.9000,287.0000,yfinance
INDIAMART.NS,2026-10-08,252.0000,False,2525.8999,2025-11-13,1565.1000,2026-10-05,1602.7000,115713.4000,1684.5000,yfinance
INDIANB.NS,2026-10-08,252.0000,False,1000.9000,2026-04-15,730.6000,2025-10-01,807.8000,1014061.7500,859.9000,yfinance
INDIANCARD.NS,2026-10-08,252.0000,False,278.2500,2025-11-17,153.0000,2026-03-30,180.9500,2510.3500,218.8100,yfinance
INDIANHUME.NS,2026-10-08,252.0000,False,432.0000,2026-07-15,279.8000,2026-06-11,338.8000,56223.3500,388.9000,yfinance
INDIASHLTR.NS,2026-10-08,252.0000,False,924.0000,2025-11-18,620.1500,2026-09-02,643.5000,97343.6000,671.7000,yfinance
INDIGO.NS,2026-10-08,252.0000,False,5970.0000,2025-11-24,3895.2000,2026-03-23,4813.1001,662732.6000,5000.0000,yfinance
INDIGOPNTS.NS,2026-10-08,252.0000,False,1345.9000,2025-11-18,708.0500,2026-03-30,1035.7000,52380.1500,1140.3000,yfinance
INDIQUBE.NS,2026-10-08,252.0000,False,235.7900,2025-10-03,131.1500,2026-03-27,191.8900,43404.4000,205.0900,yfinance
INDNIPPON.NS,2026-10-08,252.0000,False,1564.0000,2026-09-10,675.0000,2026-03-30,1187.4000,293698.5000,1122.3000,yfinance
INDOAMIN.NS,2026-10-08,252.0000,False,168.0000,2026-10-06,81.9000,2026-03-23,151.7000,646964.9000,127.0600,yfinance
INDOBORAX.NS,2026-10-08,252.0000,False,542.8000,2026-09-07,230.0100,2025-10-13,482.2000,555379.2000,511.0500,yfinance
INDOCO.NS,2026-10-08,252.0000,False,317.3500,2025-10-13,162.1900,2026-03-30,236.9000,1791004.9500,244.2500,yfinance
INDOFARM.NS,2026-10-08,252.0000,False,271.6900,2025-10-20,110.7000,2026-03-30,134.6600,132458.9500,144.1600,yfinance
INDORAMA.NS,2026-10-08,252.0000,False,112.3000,2026-09-22,29.0000,2026-03-23,88.1000,2819090.7000,74.9800,yfinance
INDOSTAR.NS,2026-10-08,252.0000,False,292.0000,2026-07-29,179.0300,2026-03-23,196.6000,121927.3000,251.2900,yfinance
INDOTECH.NS,2026-10-08,252.0000,False,4030.0000,2026-08-24,1100.0000,2026-03-30,3148.8000,18399.6000,3696.8000,yfinance
INDOTHAI.NS,2026-10-08,252.0000,False,466.3500,2025-11-19,29.0000,2026-09-29,38.6800,2382186.0500,39.4000,yfinance
INDOUS.NS,2026-10-08,252.0000,False,159.0000,2025-11-27,70.0000,2026-09-04,72.7500,7143.7000,78.8500,yfinance
INDOWIND.NS,2026-10-08,252.0000,False,18.9400,2025-12-01,7.0000,2026-03-30,8.3900,97194.7000,8.8500,yfinance
INDRAMEDCO.NS,2026-10-08,252.0000,False,640.8500,2025-11-06,317.1500,2026-10-08,319.9000,249192.2500,355.1500,yfinance
INDSWFTLAB.NS,2026-10-08,252.0000,False,424.7500,2026-09-30,87.1500,2025-12-31,366.1000,683000.2500,388.3000,yfinance
INDTERRAIN.NS,2026-10-08,252.0000,False,42.6200,2025-11-10,24.5600,2026-03-30,29.1500,32595.5500,30.3000,yfinance
INDUSINDBK.NS,2026-10-08,252.0000,False,1077.8500,2026-07-22,726.0000,2025-10-01,864.0000,2378880.6000,997.7000,yfinance
INDUSTOWER.NS,2026-10-08,252.0000,False,481.5000,2026-02-19,337.8000,2025-10-14,373.0000,5138316.9500,373.0500,yfinance
INFOBEAN.NS,2026-10-08,252.0000,False,257.5000,2026-01-07,116.5000,2025-10-13,146.1700,165025.8000,158.6100,yfinance
INFOMEDIA.NS,2026-10-08,252.0000,False,8.0500,2025-10-15,4.5000,2026-02-16,5.4500,14544.7000,5.5300,yfinance
INFY.NS,2026-10-08,252.0000,False,1728.0000,2026-02-03,980.4000,2026-09-29,997.0000,10397604.7000,1082.0000,yfinance
INGERRAND.NS,2026-10-08,252.0000,False,4955.0000,2026-09-02,3063.3000,2026-01-21,4001.2000,18801.3000,4741.7002,yfinance
INNOVACAP.NS,2026-10-08,252.0000,False,1353.5000,2026-09-23,622.0000,2026-03-02,1129.5000,137471.7000,1171.8000,yfinance
INNOVANA.NS,2026-10-08,252.0000,False,524.9500,2025-11-19,278.3500,2026-10-08,283.2000,40992.4000,300.5500,yfinance
INNOVISION.NS,2026-10-08,135.0000,True,470.0000,2026-03-23,246.2000,2026-08-28,252.8500,83944.2500,252.0000,yfinance
INOXGREEN.NS,2026-10-08,252.0000,False,279.0000,2025-11-03,108.7000,2026-10-08,115.0800,3957359.4500,174.4200,yfinance
INOXINDIA.NS,2026-10-08,252.0000,False,2339.5000,2026-09-10,1068.2000,2026-01-27,2039.3000,332635.9500,2215.8999,yfinance
INOXWIND.NS,2026-10-08,252.0000,False,159.3000,2025-10-29,62.4300,2026-10-08,62.4300,10401296.8000,75.7100,yfinance
INSECTICID.NS,2026-10-08,252.0000,False,775.0000,2026-05-27,518.6000,2026-03-30,571.5000,14595.9000,610.2000,yfinance
INSPIRISYS.NS,2026-10-08,252.0000,False,133.9000,2026-06-01,69.9200,2026-03-30,84.3900,5077.3000,90.5200,yfinance
INTELLECT.NS,2026-10-08,252.0000,False,1244.6000,2025-11-03,564.0500,2026-10-08,567.3500,310370.7500,691.8000,yfinance
INTENTECH.NS,2026-10-08,252.0000,False,145.0000,2025-10-10,66.3000,2026-03-30,82.4400,24525.2000,79.6600,yfinance
INTERARCH.NS,2026-10-08,252.0000,False,2762.6001,2025-11-10,1600.0000,2026-05-18,1694.4000,48150.2000,1753.5000,yfinance
INTLCONV.NS,2026-10-08,252.0000,False,114.5400,2025-10-07,60.0000,2026-03-30,79.1400,45373.6000,79.6100,yfinance
INVENTURE.NS,2026-10-08,252.0000,False,1.5500,2025-09-30,0.7200,2026-08-20,0.8100,751676.3500,0.9200,yfinance
IOB.NS,2026-10-08,252.0000,False,41.8000,2025-10-23,30.0700,2026-10-01,30.4800,2772930.5500,33.3400,yfinance
IOC.NS,2026-10-08,252.0000,False,188.9600,2026-02-27,125.2700,2026-10-08,126.2500,8582374.6000,134.3500,yfinance
IOLCP.NS,2026-10-08,252.0000,False,224.0000,2026-10-07,67.1900,2026-03-16,205.5500,3868481.9500,210.9800,yfinance
IONEXCHANG.NS,2026-10-08,252.0000,False,486.0000,2026-07-13,312.7000,2026-03-23,392.1500,326333.9000,431.7500,yfinance
IPCALAB.NS,2026-10-08,252.0000,False,2038.0000,2026-09-18,1251.6000,2025-10-24,1938.4000,259490.4000,1967.2000,yfinance
IPL.NS,2026-10-08,252.0000,False,213.9600,2025-10-03,125.0000,2026-03-30,130.0300,1620947.8500,134.6500,yfinance
IRB.NS,2026-10-08,252.0000,False,23.9500,2026-05-21,16.7500,2026-09-29,17.5300,16903321.2500,19.2500,yfinance
IRCON.NS,2026-10-08,252.0000,False,186.4400,2025-12-26,101.6000,2026-09-29,103.2900,6790181.0000,116.8900,yfinance
IRCTC.NS,2026-10-08,252.0000,False,735.7500,2025-10-29,446.5000,2026-09-16,449.8500,800124.1000,472.4500,yfinance
IREDA.NS,2026-10-08,252.0000,False,158.7000,2025-10-15,103.4100,2026-10-08,103.8000,5092457.7000,112.2000,yfinance
IRFC.NS,2026-10-08,252.0000,False,137.1700,2025-12-29,74.1200,2026-10-08,74.3000,9685578.8000,82.0000,yfinance
IRIS.NS,2026-10-08,252.0000,False,388.1000,2025-11-10,203.0000,2026-03-02,212.6800,17048.2500,254.6700,yfinance
IRISDOREME.NS,2026-10-08,252.0000,False,68.0000,2026-09-22,26.3500,2026-03-30,58.7100,735001.5500,61.6200,yfinance
IRMENERGY.NS,2026-10-08,252.0000,False,377.0000,2025-10-06,165.4000,2026-03-30,256.0000,53501.9500,282.2500,yfinance
ISFT.NS,2026-10-08,252.0000,False,114.9500,2026-09-23,54.0500,2026-03-30,98.3500,135114.7500,82.3400,yfinance
ISGEC.NS,2026-10-08,252.0000,False,1113.9000,2026-05-21,683.9500,2026-01-27,918.4000,117622.0000,782.4000,yfinance
ISHANCH.NS,2026-10-08,252.0000,False,83.3700,2025-10-13,41.7100,2026-08-26,46.4400,28722.7000,44.3200,yfinance
ITC.NS,2026-10-08,252.0000,False,426.4000,2025-10-31,253.1500,2026-10-08,255.0000,18205507.2000,263.5000,yfinance
ITCHOTELS.NS,2026-10-08,252.0000,False,227.2000,2025-10-01,137.3000,2026-03-30,154.6300,1645361.5000,156.8400,yfinance
ITDC.NS,2026-10-08,252.0000,False,822.0000,2026-07-20,368.0000,2026-03-30,661.5500,1054926.6000,638.2000,yfinance
ITI.NS,2026-10-08,252.0000,False,372.8500,2025-10-08,236.1500,2026-10-08,237.1800,211113.4500,270.2000,yfinance
IVALUE.NS,2026-10-08,252.0000,False,340.0000,2025-11-20,200.8800,2026-09-21,227.5200,177926.7500,235.3100,yfinance
IVC.NS,2026-10-08,252.0000,False,10.9900,2026-09-03,6.0200,2026-03-23,7.8700,390797.1000,10.0200,yfinance
IVP.NS,2026-10-08,252.0000,False,232.5000,2026-10-07,110.0000,2026-03-30,220.3400,14792.9000,216.9600,yfinance
IXIGO.NS,2026-10-08,252.0000,False,339.1500,2025-10-16,151.2700,2026-06-08,153.9600,1294519.3000,169.9600,yfinance
IZMO.NS,2026-10-08,252.0000,False,1175.4000,2026-07-17,569.3500,2026-02-02,861.4000,108311.8000,927.1500,yfinance
J&KBANK.NS,2026-10-08,252.0000,False,201.7500,2026-07-10,97.3500,2025-12-30,135.5000,2055052.1000,147.0300,yfinance
JAGRAN.NS,2026-10-08,252.0000,False,78.9000,2026-06-03,59.5000,2026-03-27,61.4200,152898.4000,62.5400,yfinance
JAGSNPHARM.NS,2026-10-08,252.0000,False,264.5000,2026-06-30,155.0000,2026-01-22,231.7000,585921.5000,237.7200,yfinance
JAIBALAJI.NS,2026-10-08,252.0000,False,102.0000,2025-10-03,53.6500,2026-03-30,68.6100,658330.1500,67.8600,yfinance
JAICORPLTD.NS,2026-10-08,252.0000,False,173.4000,2025-10-29,84.5800,2026-10-08,86.5200,372897.7000,98.3000,yfinance
JAINREC.NS,2026-10-08,250.0000,True,593.9500,2026-05-08,271.0000,2026-09-21,281.0500,1762214.4000,296.5500,yfinance
JAIPURKURT.NS,2026-10-08,252.0000,False,42.7400,2026-02-10,23.9100,2026-09-16,32.4000,76498.3500,25.7100,yfinance
JAMNAAUTO.NS,2026-10-08,252.0000,False,154.0000,2026-10-07,89.7400,2025-11-07,147.9500,3913974.9500,128.9200,yfinance
JARO.NS,2026-10-08,252.0000,False,890.0000,2025-09-30,383.5000,2026-03-30,404.0000,121378.5500,441.4000,yfinance
JASH.NS,2026-10-08,252.0000,False,619.4000,2026-09-30,327.1000,2026-03-30,565.8500,1102892.6000,518.7000,yfinance
JAYAGROGN.NS,2026-10-08,252.0000,False,265.0000,2026-09-09,147.2600,2026-03-30,208.9600,30118.6000,249.0400,yfinance
JAYBARMARU.NS,2026-10-08,252.0000,False,207.0000,2026-07-14,74.1500,2026-03-30,128.0000,497967.8000,116.5000,yfinance
JAYKAY.NS,2026-10-08,210.0000,True,273.0000,2026-10-07,115.5200,2026-03-30,240.2400,2193474.7500,159.8700,yfinance
JAYNECOIND.NS,2026-10-08,252.0000,False,117.0000,2026-05-08,64.4000,2025-12-08,91.4800,2770799.6500,90.6800,yfinance
JAYSREETEA.NS,2026-10-08,252.0000,False,112.7000,2026-08-26,70.5500,2026-03-30,82.3200,32637.1000,94.4100,yfinance
JBMA.NS,2026-10-08,252.0000,False,738.5000,2026-06-22,477.0000,2026-03-16,526.6000,260679.9500,615.3500,yfinance
JETFREIGHT.NS,2026-10-08,252.0000,False,25.9500,2026-07-16,12.0000,2025-11-04,19.0300,274302.7000,20.2400,yfinance
JGCHEM.NS,2026-10-08,252.0000,False,688.0000,2026-09-30,298.4000,2026-01-27,638.7000,498477.8000,611.2000,yfinance
JHS.NS,2026-10-08,252.0000,False,13.9000,2025-10-27,6.2600,2026-03-30,9.6300,622819.6500,7.9700,yfinance
JINDALPHOT.NS,2026-10-08,252.0000,False,1616.6000,2025-12-10,971.1000,2026-06-03,1021.2000,6488.3000,1015.5000,yfinance
JINDALPOLY.NS,2026-10-08,252.0000,False,1026.4500,2026-03-19,365.0000,2026-01-21,635.0500,51606.2500,683.8000,yfinance
JINDALSAW.NS,2026-10-08,252.0000,False,320.0000,2026-09-10,153.0000,2025-12-09,270.2000,1547578.7000,307.6000,yfinance
JINDALSTEL.NS,2026-10-08,252.0000,False,1306.2000,2026-04-21,977.1000,2025-12-09,1010.0000,1008508.1000,1136.3000,yfinance
JINDRILL.NS,2026-10-08,252.0000,False,704.4000,2026-09-10,440.1000,2026-03-02,575.8000,694401.8000,678.0000,yfinance
JINDWORLD.NS,2026-10-08,252.0000,False,61.9900,2026-09-07,17.8500,2026-03-30,42.9400,8822878.2500,55.5300,yfinance
JIOFIN.NS,2026-10-08,252.0000,False,316.8500,2025-11-17,208.5000,2026-10-01,211.0000,13143306.1000,233.1500,yfinance
JISLDVREQS.NS,2026-10-08,252.0000,False,34.2300,2025-10-03,18.2000,2026-10-08,18.7100,21434.7500,21.7000,yfinance
JISLJALEQS.NS,2026-10-08,252.0000,False,55.7900,2025-10-30,26.1100,2026-08-17,27.0200,4269680.8500,31.1200,yfinance
JITFINFRA.NS,2026-10-08,252.0000,False,433.1500,2026-02-18,222.3500,2026-01-27,269.5500,19963.0500,306.5000,yfinance
JKCEMENT.NS,2026-10-08,252.0000,False,6764.5000,2025-10-14,4671.5000,2026-06-12,4966.5000,56815.4000,4990.5000,yfinance
JKIL.NS,2026-10-08,252.0000,False,672.0000,2025-11-03,425.0000,2026-03-30,432.1500,65954.4500,488.6000,yfinance
JKIPL.NS,2026-10-08,251.0000,True,126.9500,2025-10-03,45.4000,2026-03-30,103.4800,14241.2000,96.5000,yfinance
JKLAKSHMI.NS,2026-10-08,252.0000,False,884.9500,2025-11-03,461.4500,2026-10-08,470.0000,129739.4500,498.7500,yfinance
JKPAPER.NS,2026-10-08,252.0000,False,444.8000,2025-10-03,304.8500,2026-03-30,367.3500,418847.0000,415.3000,yfinance
JKTYRE.NS,2026-10-08,252.0000,False,611.9000,2026-02-11,328.2000,2026-10-08,330.2500,528911.9500,364.1000,yfinance
JLHL.NS,2026-10-08,252.0000,False,340.0000,2026-07-30,235.6000,2026-04-06,247.1000,207198.7500,283.3500,yfinance
JMA.NS,2026-10-08,252.0000,False,103.7000,2026-08-28,70.2500,2026-01-20,86.7900,18226.4000,89.1400,yfinance
JMFINANCIL.NS,2026-10-08,252.0000,False,182.5000,2025-10-16,112.0000,2026-03-30,120.6000,2098267.0000,128.4700,yfinance
JNKINDIA.NS,2026-10-08,252.0000,False,558.0000,2026-07-15,200.9200,2026-01-28,426.2000,154500.5500,440.5000,yfinance
JOCIL.NS,2026-10-08,252.0000,False,175.1200,2026-05-27,91.2500,2026-03-30,146.4400,5086.6000,164.2900,yfinance
JPOLYINVST.NS,2026-10-08,252.0000,False,1487.7000,2026-03-10,852.1000,2026-01-21,878.2000,4374.3000,994.4500,yfinance
JPPOWER.NS,2026-10-08,252.0000,False,24.5000,2026-05-29,13.1500,2026-03-09,14.3100,67796497.3500,16.4900,yfinance
JSFB.NS,2026-10-08,252.0000,False,606.9500,2026-08-21,330.0000,2026-03-23,482.3000,910134.7500,539.8000,yfinance
JSL.NS,2026-10-08,252.0000,False,884.0000,2026-01-07,652.2500,2026-06-11,705.6000,1291547.5500,738.7500,yfinance
JSLL.NS,2026-10-08,252.0000,False,839.0000,2025-10-03,377.7500,2026-10-08,381.2500,877408.5000,505.4500,yfinance
JSWCEMENT.NS,2026-10-08,252.0000,False,143.4000,2025-10-10,106.6500,2025-12-04,112.9700,1910728.1500,121.6200,yfinance
JSWDULUX.NS,2026-10-08,252.0000,False,3745.0000,2025-12-02,2667.0000,2026-03-09,2989.1001,36452.1500,3174.3999,yfinance
JSWENERGY.NS,2026-10-08,252.0000,False,617.3500,2026-05-29,427.7500,2026-01-27,466.8500,1736369.7500,526.5000,yfinance
JSWHL.NS,2026-10-08,252.0000,False,22790.0000,2025-12-03,10530.0000,2026-07-24,11158.0000,7521.6000,11466.0000,yfinance
JSWINFRA.NS,2026-10-08,252.0000,False,375.5000,2026-09-22,233.4200,2026-04-07,333.7500,5142471.4000,332.0000,yfinance
JSWSTEEL.NS,2026-10-08,252.0000,False,1351.0000,2026-08-27,1073.2000,2025-12-18,1175.2000,1600522.0000,1297.3000,yfinance
JTEKTINDIA.NS,2026-10-08,252.0000,False,171.3100,2025-11-03,111.0000,2026-10-08,113.1000,109866.7000,121.2800,yfinance
JTLIND.NS,2026-10-08,252.0000,False,94.0000,2026-09-02,40.2500,2026-03-30,83.8100,3187896.5500,89.5500,yfinance
JUBLCPL.NS,2026-10-08,252.0000,False,2753.1001,2025-11-10,1460.0000,2026-03-30,1927.2000,8250.4000,2177.8000,yfinance
JUBLFOOD.NS,2026-10-08,252.0000,False,635.0000,2025-10-06,408.5500,2026-07-24,427.6000,1395540.9500,480.4000,yfinance
JUBLINGREA.NS,2026-10-08,252.0000,False,795.0000,2026-07-22,537.3000,2026-03-09,620.3000,325552.4500,675.3000,yfinance
JUBLPHARMA.NS,2026-10-08,252.0000,False,1184.8000,2025-10-21,786.0500,2026-03-09,932.2000,265873.3000,997.7500,yfinance
JUNIPER.NS,2026-10-08,252.0000,False,289.2000,2025-10-01,188.5000,2026-03-30,215.3300,180648.1000,215.7500,yfinance
JUSTDIAL.NS,2026-10-08,252.0000,False,878.6000,2025-10-13,480.5000,2026-03-30,631.6500,108990.7500,694.2500,yfinance
JWL.NS,2026-10-08,252.0000,False,358.2500,2025-12-23,216.0000,2026-10-08,216.4300,1969347.9000,242.4100,yfinance
JYOTHYLAB.NS,2026-10-08,252.0000,False,325.0000,2025-10-21,180.0000,2026-10-05,186.2900,382052.3000,194.5900,yfinance
JYOTICNC.NS,2026-10-08,252.0000,False,1134.6000,2026-09-21,580.1000,2026-06-02,1009.9000,1168404.8500,1037.2000,yfinance
JYOTISTRUC.NS,2026-10-08,252.0000,False,15.4900,2025-10-06,7.9400,2026-01-21,8.7500,5205498.6000,10.4200,yfinance
KABRAEXTRU.NS,2026-10-08,252.0000,False,888.7000,2026-09-28,180.0000,2026-01-20,771.0500,303071.5000,656.4500,yfinance
KAJARIACER.NS,2026-10-08,252.0000,False,1293.8000,2025-10-17,869.6000,2026-02-02,1210.6000,495760.6500,1250.2000,yfinance
KAKATCEM.NS,2026-10-08,252.0000,False,165.5500,2025-10-23,85.0000,2026-03-30,102.3300,1625.4500,111.1400,yfinance
KALAMANDIR.NS,2026-10-08,252.0000,False,223.0300,2025-10-28,73.1000,2026-10-01,74.3000,508419.1000,85.3700,yfinance
KALPATARU.NS,2026-10-08,252.0000,False,410.7000,2025-10-23,250.0000,2026-09-16,259.9000,67305.9000,272.1500,yfinance
KALYANI.NS,2026-10-08,252.0000,False,144.9900,2026-08-28,138.0900,2025-10-01,144.9900,0.0000,144.9900,yfinance
KALYANIFRG.NS,2026-10-08,252.0000,False,1192.2500,2026-09-02,523.6000,2026-03-23,887.4000,3297.4000,975.6500,yfinance
KALYANKJIL.NS,2026-10-08,252.0000,False,648.9500,2026-07-30,327.0500,2026-06-11,553.5000,7090291.4000,612.6000,yfinance
KAMATHOTEL.NS,2026-10-08,252.0000,False,329.6000,2025-10-07,140.2000,2026-03-30,251.7200,99593.2000,232.1800,yfinance
KAMDHENU.NS,2026-10-08,252.0000,False,43.7000,2026-09-22,16.1500,2026-03-30,36.7100,1026996.4000,40.2500,yfinance
KAMOPAINTS.NS,2026-10-08,252.0000,False,8.9200,2025-10-03,3.6000,2026-03-30,4.0800,207250.6500,4.4500,yfinance
KANANIIND.NS,2026-10-08,252.0000,False,2.0400,2025-10-10,1.0200,2026-03-30,1.3000,129884.4000,1.5300,yfinance
KANORICHEM.NS,2026-10-08,252.0000,False,206.0000,2026-09-28,56.0000,2026-03-30,177.5000,64070.6000,158.9000,yfinance
KANPRPLA.NS,2026-10-08,252.0000,False,283.1400,2026-08-25,151.2500,2026-03-23,236.9600,24192.5000,242.1000,yfinance
KANSAINER.NS,2026-10-08,252.0000,False,264.0000,2025-12-24,157.9100,2026-03-23,180.7500,319485.0000,193.4000,yfinance
KAPSTON.NS,2026-10-08,252.0000,False,616.2000,2026-09-25,244.1800,2025-10-03,542.4000,207148.4500,573.6500,yfinance
KARMAENG.NS,2026-10-08,252.0000,False,66.2500,2025-10-10,34.0000,2026-10-05,34.5100,15933.4000,37.1800,yfinance
KARURVYSYA.NS,2026-10-08,252.0000,False,358.6500,2026-08-26,208.2500,2025-10-01,329.2000,1865539.0500,341.1500,yfinance
KAUSHALYA.NS,2026-10-08,252.0000,False,1435.9500,2026-07-07,750.0000,2026-03-16,820.2500,115.0000,851.3000,yfinance
KAVDEFENCE.NS,2026-10-08,252.0000,False,162.8700,2025-10-01,51.5100,2026-04-01,93.6600,637358.1500,64.6200,yfinance
KAYA.NS,2026-10-08,252.0000,False,476.2000,2025-10-15,224.0100,2026-06-04,299.9500,11160.4500,356.0000,yfinance
KAYNES.NS,2026-10-08,252.0000,False,7705.0000,2025-10-07,2995.0000,2026-05-20,3233.0000,1056689.0500,3610.0000,yfinance
KCP.NS,2026-10-08,252.0000,False,207.8000,2025-11-10,125.0000,2026-03-30,152.6700,108609.0500,162.1100,yfinance
KCPSUGIND.NS,2026-10-08,252.0000,False,36.4700,2026-08-24,21.4500,2026-07-17,23.9300,124916.0000,31.8300,yfinance
KDDL.NS,2026-10-08,252.0000,False,4270.0000,2026-09-23,1990.0000,2026-03-30,3873.2000,36840.7000,3965.7000,yfinance
KEC.NS,2026-10-08,252.0000,False,893.0000,2025-10-14,348.0000,2026-10-08,349.6000,1185784.3000,405.7000,yfinance
KECL.NS,2026-10-08,252.0000,False,155.0000,2026-08-06,75.4700,2026-01-27,123.1300,144184.0000,121.1400,yfinance
KEEPLEARN.NS,2026-10-08,252.0000,False,3.2100,2025-10-24,1.5100,2026-07-22,1.8400,35998.0500,1.9100,yfinance
KEI.NS,2026-10-08,252.0000,False,5899.0000,2026-08-18,3728.7000,2026-01-22,4580.0000,419615.0500,4697.5000,yfinance
KELLTONTEC.NS,2026-10-08,252.0000,False,26.1400,2025-10-03,11.8000,2026-10-08,11.8300,2054761.3500,13.6900,yfinance
KENNAMET.NS,2026-10-08,122.0000,True,5136.0000,2026-09-10,2405.2000,2026-04-24,4115.1001,37775.1000,4654.3999,yfinance
KERNEX.NS,2026-10-08,252.0000,False,2580.0000,2026-08-06,850.0000,2026-03-30,1700.5000,148493.9500,1732.0000,yfinance
KESORAMIND.NS,2026-10-08,252.0000,False,14.2600,2026-05-14,4.5500,2025-11-19,10.5600,584251.6500,11.3300,yfinance
KEYFINSERV.NS,2026-10-08,252.0000,False,382.1000,2025-11-06,220.0000,2026-03-30,238.0000,859.6000,250.2500,yfinance
KFINTECH.NS,2026-10-08,252.0000,False,1215.0000,2025-10-28,784.9500,2026-05-18,838.2000,572451.1000,925.1000,yfinance
KHADIM.NS,2026-10-08,252.0000,False,279.5500,2025-10-03,77.4700,2026-03-30,112.9000,54131.6000,118.3200,yfinance
KHAICHEM.NS,2026-10-08,252.0000,False,132.9000,2025-10-28,42.9200,2026-03-30,47.6000,167178.2500,52.8300,yfinance
KHAITANLTD.NS,2026-10-08,252.0000,False,178.0000,2026-09-03,85.0000,2026-01-12,148.9900,2685.3500,160.9900,yfinance
KHANDSE.NS,2026-10-08,252.0000,False,25.5000,2025-11-13,12.2000,2026-03-30,17.2100,2826.9000,18.2000,yfinance
KICL.NS,2026-10-08,252.0000,False,6554.8999,2025-10-28,4011.0000,2026-03-30,4692.0000,1527.9000,5144.0000,yfinance
KILITCH.NS,2026-10-08,252.0000,False,267.9000,2026-10-07,117.2500,2026-03-30,244.3000,80861.8000,187.8800,yfinance
KIMS.NS,2026-10-08,252.0000,False,858.0000,2026-07-06,575.8000,2026-01-27,687.1500,623524.7000,764.5000,yfinance
KINGFA.NS,2026-10-08,252.0000,False,6997.0000,2026-10-08,3649.8999,2025-12-09,6804.0000,17771.6000,6037.0000,yfinance
KIOCL.NS,2026-10-08,252.0000,False,634.5500,2025-10-06,290.6500,2026-03-16,350.5500,85997.4000,377.1000,yfinance
KIRIINDUS.NS,2026-10-08,252.0000,False,779.0000,2026-01-01,333.8000,2026-03-30,542.5500,760140.3000,588.1000,yfinance
KIRLFER.NS,2026-10-08,123.0000,True,513.0000,2026-06-22,408.0000,2026-06-11,464.6500,138337.9000,459.9000,yfinance
KIRLOSBROS.NS,2026-10-08,252.0000,False,2189.2000,2026-06-22,1335.0000,2026-03-30,1667.2000,73711.0500,1853.3000,yfinance
KIRLOSENG.NS,2026-10-08,252.0000,False,2720.0000,2026-06-23,865.5500,2025-10-14,2163.0000,731514.5000,2272.8000,yfinance
KIRLOSIND.NS,2026-10-08,252.0000,False,4574.7998,2026-06-23,2463.0000,2026-03-30,3473.1001,40233.9500,3677.6001,yfinance
KIRLPNU.NS,2026-10-08,252.0000,False,1098.5500,2026-06-22,495.0500,2025-12-09,670.3000,121395.8000,745.0000,yfinance
KISSHT.NS,2026-10-08,106.0000,True,388.1500,2026-10-05,190.0000,2026-05-08,372.1500,1883294.3500,331.0000,yfinance
KITEX.NS,2026-10-08,252.0000,False,232.7000,2025-10-24,114.3600,2026-09-29,115.1100,364724.0000,127.1000,yfinance
KKCL.NS,2026-10-08,252.0000,False,568.4500,2025-10-06,408.3500,2026-03-23,472.5000,33191.1000,501.5000,yfinance
KMEW.NS,2026-10-08,252.0000,False,3307.0000,2026-10-08,1084.6000,2025-10-07,3256.7000,144436.0500,2985.6001,yfinance
KMSUGAR.NS,2026-10-08,252.0000,False,36.5000,2026-08-24,23.3000,2026-03-02,25.8100,261943.7000,30.3100,yfinance
KNACK.NS,2026-10-08,65.0000,True,222.0000,2026-08-10,171.1000,2026-09-16,202.1600,1098170.5000,183.9100,yfinance
KNAGRI.NS,2026-10-08,252.0000,False,244.0000,2025-10-13,148.3000,2026-02-18,202.6000,7245.9500,202.2500,yfinance
KNRCON.NS,2026-10-08,252.0000,False,204.6000,2025-10-01,108.6500,2026-03-27,111.6100,1511502.4500,119.7200,yfinance
KOHINOOR.NS,2026-10-08,252.0000,False,38.4700,2026-08-25,19.2000,2026-03-30,28.8800,140909.4500,31.4100,yfinance
KOKUYOCMLN.NS,2026-10-08,252.0000,False,111.6100,2025-10-01,71.0500,2026-03-30,73.2600,26004.4000,79.0400,yfinance
KOLTEPATIL.NS,2026-10-08,252.0000,False,554.6000,2026-08-11,292.2500,2026-03-30,423.4000,110377.5000,441.9500,yfinance
KOPRAN.NS,2026-10-08,252.0000,False,295.8300,2026-09-30,107.0000,2026-03-30,254.3000,2270050.9000,239.5100,yfinance
KOTAKBANK.NS,2026-10-08,252.0000,False,453.2000,2025-10-20,345.5000,2026-04-02,435.0000,20839603.5000,419.2500,yfinance
KOTARISUG.NS,2026-10-08,252.0000,False,39.9400,2026-08-24,22.5000,2026-03-30,25.8600,41660.7500,29.2400,yfinance
KOTHARIPET.NS,2026-10-08,252.0000,False,155.4700,2026-08-07,94.7500,2026-03-30,121.1000,64982.6000,144.2900,yfinance
KOTHARIPRO.NS,2026-10-08,252.0000,False,100.4200,2025-10-14,58.0000,2026-03-30,63.5100,13180.4000,66.4300,yfinance
KOTYARK.NS,2026-10-08,252.0000,False,45.5000,2026-06-29,17.3818,2026-01-29,31.0600,346235.8500,32.0000,yfinance
KOVAI.NS,2026-10-08,123.0000,True,6444.0000,2026-09-10,2576.6499,2026-04-13,5891.5000,5250.9500,6107.0000,yfinance
KPEL.NS,2026-10-08,252.0000,False,463.2500,2025-11-04,206.2000,2026-10-08,206.8700,330881.8000,235.8800,yfinance
KPIGREEN.NS,2026-10-08,252.0000,False,542.2500,2025-11-03,271.9000,2026-09-16,323.2500,3302564.7000,292.0500,yfinance
KPIL.NS,2026-10-08,252.0000,False,1490.0000,2026-10-06,1007.1000,2026-03-23,1401.5000,172946.3500,1397.5000,yfinance
KPITTECH.NS,2026-10-08,252.0000,False,1284.9000,2025-12-04,470.1000,2026-10-08,471.0000,1651656.3500,562.0000,yfinance
KPRMILL.NS,2026-10-08,252.0000,False,1334.0000,2026-06-24,796.1000,2026-03-12,1053.3000,168263.8500,1135.0000,yfinance
KRBL.NS,2026-10-08,252.0000,False,452.8000,2026-08-26,274.6500,2026-03-20,386.0500,410550.5000,431.0500,yfinance
KREBSBIO.NS,2026-10-08,252.0000,False,76.8500,2025-12-05,38.3300,2026-03-30,57.9600,60610.3500,56.7300,yfinance
KRIDHANINF.NS,2026-10-08,252.0000,False,4.7800,2025-12-16,1.7900,2026-09-21,1.8200,46739.7500,1.9700,yfinance
KRISHANA.NS,2026-10-08,252.0000,False,206.3900,2026-08-27,86.2000,2025-10-01,188.6900,796132.0000,183.0300,yfinance
KRISHIVAL.NS,2026-10-08,252.0000,False,508.0000,2025-10-23,282.3000,2026-03-09,383.7000,23363.6500,418.0000,yfinance
KRISHNADEF.NS,2026-10-08,252.0000,False,1400.0000,2026-06-22,665.0000,2025-12-18,1240.8000,230822.1000,1111.6000,yfinance
KRITI.NS,2026-10-08,252.0000,False,132.9000,2025-10-01,53.0000,2026-03-24,55.5500,15173.3000,61.2700,yfinance
KRITIKA.NS,2026-10-08,252.0000,False,9.5500,2025-10-14,4.5000,2026-03-30,4.8600,103856.0500,5.3200,yfinance
KRITINUT.NS,2026-10-08,252.0000,False,102.9900,2026-04-21,51.3600,2026-03-30,72.2600,18698.9500,82.1400,yfinance
KRN.NS,2026-10-08,252.0000,False,1687.0000,2026-09-09,589.8000,2026-01-27,1414.5000,227477.7000,1660.2000,yfinance
KRONOX.NS,2026-10-08,252.0000,False,227.7400,2026-09-29,96.0000,2026-03-30,200.6000,116074.8000,174.9700,yfinance
KROSS.NS,2026-10-08,252.0000,False,283.0000,2026-09-23,150.5200,2026-04-02,239.7000,1853403.4000,211.2800,yfinance
KRSNAA.NS,2026-10-08,252.0000,False,848.1000,2025-10-15,515.0000,2026-03-30,531.9500,232335.6500,546.1500,yfinance
KRYSTAL.NS,2026-10-08,252.0000,False,696.9000,2026-09-17,500.0000,2026-01-08,633.2000,30386.7500,663.9500,yfinance
KSB.NS,2026-10-08,252.0000,False,1028.3000,2026-04-28,666.6500,2026-01-27,776.7000,429295.8000,824.0500,yfinance
KSCL.NS,2026-10-08,252.0000,False,1095.9000,2025-11-18,670.8000,2026-10-08,679.0000,1585644.0000,728.5000,yfinance
KSHINTL.NS,2026-10-08,196.0000,True,1198.0000,2026-09-09,330.4000,2026-01-13,1017.7000,276955.3000,1176.7500,yfinance
KSHITIJPOL.NS,2026-10-08,252.0000,False,7.2000,2026-06-11,1.8800,2026-01-19,3.6800,5755779.1500,3.6200,yfinance
KSL.NS,2026-10-08,252.0000,False,1032.9000,2026-09-23,574.0000,2026-03-30,945.0500,166650.4000,907.8000,yfinance
KSOLVES.NS,2026-10-08,252.0000,False,353.9900,2026-04-20,237.5000,2026-10-01,241.6800,37789.4000,268.2000,yfinance
KSR.NS,2026-10-08,213.0000,True,48.8400,2026-09-17,14.0400,2025-12-29,35.9000,50586.3000,37.3300,yfinance
KTKBANK.NS,2026-10-08,252.0000,False,345.9000,2026-09-04,170.2600,2025-10-14,320.8000,1944671.4000,334.2500,yfinance
KUANTUM.NS,2026-10-08,252.0000,False,113.0000,2025-10-03,65.0100,2026-03-30,74.0700,141904.3500,77.9200,yfinance
KUSUMGAR.NS,2026-10-08,60.0000,True,659.5000,2026-08-10,533.0000,2026-09-16,608.0000,322134.8500,565.8000,yfinance
KWIL.NS,2026-10-08,159.0000,True,50.6800,2026-08-24,22.2400,2026-03-30,36.9100,11026023.2000,41.4800,yfinance
LAGNAM.NS,2026-10-08,252.0000,False,95.9000,2026-07-16,58.6000,2026-03-24,71.1400,5607.7000,74.5100,yfinance
LAL.NS,2026-10-08,252.0000,False,11.4300,2025-10-03,5.5600,2026-03-16,8.5300,85977.0500,8.9300,yfinance
LALPATHLAB.NS,2026-10-08,252.0000,False,2038.6000,2026-09-16,1272.6000,2026-03-23,1898.9000,373925.1500,1912.5000,yfinance
LAMBODHARA.NS,2026-10-08,252.0000,False,154.5000,2026-09-25,81.8000,2026-03-30,128.0900,70512.7500,138.7000,yfinance
LANCORHOL.NS,2026-10-08,252.0000,False,41.7500,2026-09-07,18.1200,2026-03-17,29.9900,88227.2500,38.0200,yfinance
LANDMARK.NS,2026-10-08,252.0000,False,662.0000,2025-10-15,339.5000,2026-03-12,468.6500,966601.2500,497.9500,yfinance
LANDSMILL.NS,2026-10-08,252.0000,False,1.7200,2025-10-03,0.5200,2026-09-24,0.8500,7219721.9500,0.5800,yfinance
LAOPALA.NS,2026-10-08,252.0000,False,250.9000,2025-10-06,152.7100,2026-10-08,153.9800,153626.6500,169.9200,yfinance
LATENTVIEW.NS,2026-10-08,252.0000,False,517.5000,2025-12-08,228.3700,2026-10-08,230.2600,577199.5000,258.0500,yfinance
LATTEYS.NS,2026-10-08,252.0000,False,37.0000,2025-10-24,15.7900,2026-03-30,20.9100,50445.8500,21.1500,yfinance
LAURUSLABS.NS,2026-10-08,252.0000,False,2065.2000,2026-10-07,843.0000,2025-10-10,1997.9000,1721731.9500,1946.9000,yfinance
LAXMICOT.NS,2026-10-08,252.0000,False,24.4400,2026-02-13,11.3600,2026-09-02,12.6200,10532.4000,13.0300,yfinance
LAXMIDENTL.NS,2026-10-08,252.0000,False,344.8000,2025-11-11,155.8800,2026-03-30,192.5200,63416.5500,199.2500,yfinance
LAXMIINDIA.NS,2026-10-08,252.0000,False,159.5900,2025-10-29,71.0600,2026-03-30,106.6600,166411.4000,129.9900,yfinance
LCCINFOTEC.NS,2026-10-08,252.0000,False,5.8900,2026-01-09,2.8800,2026-09-11,3.3900,141357.6500,3.7300,yfinance
LEMERITE.NS,2026-10-08,252.0000,False,107.5700,2025-12-12,17.7300,2026-09-21,18.7700,298535.1000,20.6700,yfinance
LEMONTREE.NS,2026-10-08,252.0000,False,174.2000,2025-10-06,99.6100,2026-03-16,110.0500,4207216.8000,105.7300,yfinance
LENSKART.NS,2026-10-08,227.0000,True,725.0000,2026-09-18,356.1000,2025-11-10,653.9500,7954963.2000,695.7500,yfinance
LEXUS.NS,2026-10-08,252.0000,False,39.2500,2026-03-05,9.0000,2026-10-07,9.7000,43933.9000,13.4700,yfinance
LFIC.NS,2026-10-08,252.0000,False,224.8500,2025-10-01,111.0000,2026-03-30,126.2200,13551.7500,139.6500,yfinance
LGBBROSLTD.NS,2026-10-08,252.0000,False,2048.0000,2026-02-12,1314.9000,2025-10-21,1676.4000,23901.5500,1736.7000,yfinance
LGEINDIA.NS,2026-10-08,244.0000,True,1825.0000,2026-10-05,1304.1000,2026-04-02,1723.0000,703724.8500,1672.2000,yfinance
LGHL.NS,2026-10-08,252.0000,False,395.3125,2025-10-06,168.0000,2026-08-19,213.8700,29994.3000,175.2100,yfinance
LIBAS.NS,2026-10-08,252.0000,False,13.4500,2026-06-03,9.0200,2026-03-30,11.3900,151240.3500,9.9900,yfinance
LIBERTSHOE.NS,2026-10-08,252.0000,False,348.7500,2025-10-06,209.0000,2026-10-08,210.1800,27843.1000,226.8500,yfinance
LICHSGFIN.NS,2026-10-08,252.0000,False,598.2000,2026-05-11,458.9000,2026-03-23,537.0000,4016892.8000,563.0000,yfinance
LICI.NS,2026-10-08,252.0000,False,468.4750,2025-11-07,360.7500,2026-04-02,379.2500,7105333.3500,410.7500,yfinance
LIKHITHA.NS,2026-10-08,252.0000,False,272.0000,2026-06-30,131.4500,2026-03-23,226.0800,145795.2000,203.7700,yfinance
LINC.NS,2026-10-08,252.0000,False,133.3800,2025-10-23,83.3000,2026-10-08,84.5700,30440.2500,98.3100,yfinance
LINCOLN.NS,2026-10-08,252.0000,False,770.0000,2026-05-27,440.0000,2026-01-28,561.7000,27818.4500,639.8000,yfinance
LINDEINDIA.NS,2026-10-08,252.0000,False,8049.0000,2026-05-07,5673.0000,2025-11-18,6026.0000,22224.1500,6380.0000,yfinance
LLOYDSENGG.NS,2026-10-08,252.0000,False,104.2000,2026-09-30,37.4000,2026-03-30,96.1800,14396978.0500,81.8100,yfinance
LLOYDSENT.NS,2026-10-08,252.0000,False,84.7000,2026-08-10,40.6900,2026-03-30,74.3700,3366203.2500,71.0500,yfinance
LLOYDSME.NS,2026-10-08,252.0000,False,2125.0000,2026-08-10,1042.9000,2026-02-02,1795.6000,420414.4000,1799.3000,yfinance
LMW.NS,2026-10-08,252.0000,False,20151.0000,2026-08-17,11920.0000,2026-03-30,16346.0000,4128.6500,18603.0000,yfinance
LODHA.NS,2026-10-08,252.0000,False,1344.9500,2026-07-29,650.8000,2026-04-02,1065.6000,2087023.8500,1212.0000,yfinance
LOKESHMACH.NS,2026-10-08,252.0000,False,488.0000,2026-10-08,138.9600,2025-12-09,447.8500,221777.1000,363.5000,yfinance
LORDSCHLO.NS,2026-10-08,252.0000,False,233.0000,2025-10-21,108.0000,2026-03-30,136.0100,31593.1000,138.2300,yfinance
LOTUSDEV.NS,2026-10-08,252.0000,False,248.1000,2026-10-06,102.2000,2026-03-30,233.7300,1915524.2500,198.8100,yfinance
LOTUSEYE.NS,2026-10-08,252.0000,False,147.0000,2026-01-30,97.5900,2026-03-30,113.9400,7055.7000,110.6600,yfinance
LOVABLE.NS,2026-10-08,252.0000,False,101.9500,2025-10-27,55.0000,2026-03-30,67.2300,11088.9500,70.4100,yfinance
LOYALTEX.NS,2026-10-08,252.0000,False,333.9900,2026-02-09,170.0400,2026-04-02,206.5500,3201.7500,225.3900,yfinance
LPDC.NS,2026-10-08,252.0000,False,9.4600,2025-11-26,5.2300,2026-04-01,6.2100,61452.2500,6.2900,yfinance
LT.NS,2026-10-08,252.0000,False,4440.0000,2026-02-24,3288.1001,2026-03-23,3625.1001,1727663.2500,3946.1001,yfinance
LTF.NS,2026-10-08,252.0000,False,338.6000,2026-07-07,234.9000,2026-04-02,257.4000,6600946.1000,308.3000,yfinance
LTFOODS.NS,2026-10-08,252.0000,False,490.7000,2026-08-24,333.1500,2026-01-20,405.4500,391297.3000,455.2500,yfinance
LTM.NS,2026-10-08,252.0000,False,6429.5000,2026-01-19,3528.0000,2026-06-30,3915.0000,452959.4000,4430.0000,yfinance
LTTS.NS,2026-10-08,252.0000,False,4726.0000,2025-12-04,3010.0000,2026-03-13,3176.6001,57890.6500,3389.1001,yfinance
LUMAXIND.NS,2026-10-08,252.0000,False,6934.5000,2026-02-11,4480.0000,2025-11-07,5294.0000,13339.8500,6133.0000,yfinance
LUMAXTECH.NS,2026-10-08,252.0000,False,2190.0000,2026-09-23,1120.0000,2025-10-31,1770.2000,149566.9500,1955.9000,yfinance
LUPIN.NS,2026-10-08,252.0000,False,2529.5000,2026-07-16,1900.0000,2025-10-28,1936.9000,700692.5000,2104.7000,yfinance
LUXIND.NS,2026-10-08,252.0000,False,1823.3500,2026-04-24,824.0500,2026-03-30,1108.5000,55806.8000,1128.4000,yfinance
LXCHEM.NS,2026-10-08,252.0000,False,216.8000,2025-10-03,107.6000,2026-03-30,182.0300,1481661.6000,184.5200,yfinance
LYKALABS.NS,2026-10-08,252.0000,False,100.9400,2025-10-13,44.1000,2026-03-30,72.6800,21161.8000,81.5100,yfinance
M&M.NS,2026-10-08,252.0000,False,3839.8999,2026-01-05,2744.3000,2026-10-08,2751.2000,2448078.5000,3160.0000,yfinance
M&MFIN.NS,2026-10-08,252.0000,False,415.0000,2026-08-10,269.5000,2025-10-03,310.5000,1905603.3500,374.3500,yfinance
MAANALU.NS,2026-10-08,252.0000,False,184.7400,2025-12-18,96.0000,2026-10-01,98.9700,72333.5000,114.3400,yfinance
MACPOWER.NS,2026-10-08,252.0000,False,2251.0000,2026-10-05,761.0000,2025-11-10,1981.0000,72735.4000,1874.1000,yfinance
MADHAV.NS,2026-10-08,252.0000,False,46.7900,2025-10-13,29.0000,2026-03-30,32.1000,5215.2000,35.8400,yfinance
MADHUCON.NS,2026-10-08,252.0000,False,8.4400,2025-09-30,3.6100,2026-04-01,3.7900,32456.8500,4.5900,yfinance
MADRASFERT.NS,2026-10-08,252.0000,False,86.9500,2025-10-03,52.5600,2026-03-30,57.5400,35840.0500,64.3700,yfinance
MAFATIND.NS,2026-10-08,116.0000,True,157.7700,2026-06-24,106.4100,2026-10-05,111.0700,34495.2500,120.5600,yfinance
MAGADSUGAR.NS,2026-10-08,252.0000,False,634.9500,2026-08-24,417.0000,2026-01-29,544.6500,45330.3500,563.8000,yfinance
MAGNUM.NS,2026-10-08,252.0000,False,28.0000,2025-12-05,16.2500,2026-03-24,17.8200,29375.0500,18.9900,yfinance
MAHABANK.NS,2026-10-08,252.0000,False,94.5000,2026-06-29,54.6600,2025-10-14,82.0500,14217926.2000,84.7900,yfinance
MAHAPEXLTD.NS,2026-10-08,252.0000,False,117.8900,2026-03-09,42.0000,2026-07-24,50.7700,13581.9500,55.4100,yfinance
MAHASTEEL.NS,2026-10-08,252.0000,False,1421.0000,2026-09-01,410.0000,2025-09-30,1086.9000,3339.5000,1291.4000,yfinance
MAHEPC.NS,2026-10-08,252.0000,False,154.0000,2025-10-01,91.9100,2026-03-30,98.1600,16447.9500,102.7500,yfinance
MAHESHWARI.NS,2026-10-08,252.0000,False,76.8100,2026-08-25,39.0400,2026-03-04,70.7200,7797.6000,72.4900,yfinance
MAHLIFE.NS,2026-10-08,252.0000,False,427.0500,2025-12-01,286.8000,2026-03-30,342.1000,119765.6500,366.1500,yfinance
MAHLOG.NS,2026-10-08,252.0000,False,450.0000,2026-04-24,275.0500,2026-01-21,395.4000,211928.8000,408.8500,yfinance
MAHSCOOTER.NS,2026-10-08,252.0000,False,17733.0000,2025-10-20,10901.0000,2026-04-02,12048.0000,5707.4000,13267.0000,yfinance
MAHSEAMLES.NS,2026-10-08,252.0000,False,768.0000,2026-09-30,500.7000,2026-01-27,644.2500,449590.7000,680.6500,yfinance
MAITHANALL.NS,2026-10-08,252.0000,False,1210.1000,2026-06-18,831.2000,2026-03-30,887.5500,76144.9500,1061.2000,yfinance
MAJESAUT.NS,2026-10-08,116.0000,True,500.0000,2026-08-05,274.0000,2026-05-04,365.5500,1811.7000,355.9000,yfinance
MALLCOM.NS,2026-10-08,252.0000,False,1520.0000,2025-10-21,892.0000,2026-10-08,900.8500,3113.1000,981.6500,yfinance
MALUPAPER.NS,2026-10-08,252.0000,False,44.1100,2025-11-21,27.0000,2026-03-30,30.6800,15315.5500,34.5900,yfinance
MAMATA.NS,2026-10-08,252.0000,False,469.1500,2025-10-03,297.0000,2026-03-30,385.7000,88614.2000,425.7000,yfinance
MANAKALUCO.NS,2026-10-08,252.0000,False,68.1200,2026-01-20,21.7300,2026-03-30,31.2200,52570.0500,39.2200,yfinance
MANAKCOAT.NS,2026-10-08,252.0000,False,182.8200,2025-10-27,94.2000,2026-03-30,126.3300,535021.9500,122.9300,yfinance
MANAKSIA.NS,2026-10-08,252.0000,False,73.4000,2026-01-06,42.1000,2026-03-30,56.8200,85788.7000,67.7200,yfinance
MANAKSTEEL.NS,2026-10-08,252.0000,False,120.7600,2026-09-11,45.1100,2026-03-30,106.1400,44561.5000,104.3300,yfinance
MANALIPETC.NS,2026-10-08,252.0000,False,93.0000,2026-09-08,39.1300,2026-03-30,85.8800,3768095.5000,90.0800,yfinance
MANAPPURAM.NS,2026-10-08,252.0000,False,381.5500,2026-07-30,245.1500,2026-03-23,304.1500,4580757.5000,325.0000,yfinance
MANBA.NS,2026-10-08,252.0000,False,154.0000,2026-07-28,98.0000,2026-03-30,146.8200,197343.6500,130.6700,yfinance
MANCREDIT.NS,2026-10-08,252.0000,False,287.2700,2026-08-07,152.0600,2026-01-21,223.6300,127869.2500,221.2200,yfinance
MANGALAM.NS,2026-10-08,252.0000,False,73.9400,2025-09-30,22.8000,2025-12-29,31.4800,85630.7500,29.3300,yfinance
MANGLMCEM.NS,2026-10-08,252.0000,False,1120.0000,2026-09-03,679.3500,2025-11-27,950.8000,63572.8000,1062.5000,yfinance
MANINDS.NS,2026-10-08,252.0000,False,1039.7000,2026-09-25,302.0500,2026-02-02,857.8500,2026378.1500,821.7000,yfinance
MANINFRA.NS,2026-10-08,252.0000,False,150.8600,2025-10-03,77.1200,2026-03-30,117.7400,1984420.7000,127.7500,yfinance
MANKIND.NS,2026-10-08,252.0000,False,2642.0000,2026-07-29,1909.7000,2026-03-23,2380.0000,607136.3000,2309.0000,yfinance
MANOMAY.NS,2026-10-08,252.0000,False,259.8800,2025-11-28,160.2500,2026-05-06,232.5400,202453.2500,232.8000,yfinance
MANORAMA.NS,2026-10-08,252.0000,False,2149.5000,2026-09-08,1060.6000,2026-01-22,1998.5000,175114.5000,2132.8999,yfinance
MANORG.NS,2026-10-08,252.0000,False,635.0000,2026-05-05,356.2500,2026-03-30,427.2500,7930.4000,496.7500,yfinance
MANUGRAPH.NS,2026-10-08,252.0000,False,24.2600,2026-09-23,9.6500,2026-03-30,15.8100,213757.3000,15.0000,yfinance
MANYAVAR.NS,2026-10-08,252.0000,False,705.0000,2025-10-10,329.2000,2026-03-16,489.9000,329678.1500,579.5500,yfinance
MAPMYINDIA.NS,2026-10-08,252.0000,False,1998.0000,2025-10-14,795.0000,2026-03-30,874.7000,198485.4500,968.8000,yfinance
MARALOVER.NS,2026-10-08,252.0000,False,68.8900,2026-09-08,34.1100,2026-03-30,56.4100,17525.5500,65.8300,yfinance
MARATHON.NS,2026-10-08,252.0000,False,678.0500,2025-10-21,344.0500,2026-08-18,361.2000,69131.7500,446.3500,yfinance
MARICO.NS,2026-10-08,252.0000,False,889.1000,2026-07-30,691.3000,2025-10-01,777.2500,1686570.8000,823.9000,yfinance
MARINE.NS,2026-10-08,252.0000,False,490.8500,2026-10-07,150.8600,2026-03-30,452.6000,2423762.7000,416.4500,yfinance
MARKOLINES.NS,2026-10-08,243.0000,True,191.7500,2026-07-03,131.6500,2026-01-21,164.4400,176554.9000,177.1700,yfinance
MARKSANS.NS,2026-10-08,252.0000,False,350.9500,2026-09-24,155.0000,2026-03-30,307.8000,2254251.5000,335.9000,yfinance
MARSONS.NS,2026-10-08,141.0000,True,175.4000,2026-05-07,100.2500,2026-08-12,126.7900,3249500.1500,131.0700,yfinance
MARUTI.NS,2026-10-08,252.0000,False,17370.0000,2026-01-05,11225.0000,2026-10-08,11228.0000,429941.5000,12641.0000,yfinance
MASFIN.NS,2026-10-08,252.0000,False,358.8500,2026-05-04,260.7500,2026-10-08,262.9500,245642.7000,290.1500,yfinance
MASKINVEST.NS,2026-10-08,252.0000,False,246.0900,2025-10-17,114.9400,2026-03-30,144.2000,364.1000,148.0000,yfinance
MASTEK.NS,2026-10-08,252.0000,False,2369.0000,2025-11-17,1334.2000,2026-03-30,1651.2000,104502.2000,1654.2000,yfinance
MASTERTR.NS,2026-10-08,252.0000,False,164.5000,2025-10-06,55.6000,2026-03-30,81.6000,447793.8500,92.0900,yfinance
MATRIMONY.NS,2026-10-08,252.0000,False,573.0000,2026-01-23,364.0500,2026-03-16,517.8000,16708.0000,516.0500,yfinance
MAWANASUG.NS,2026-10-08,252.0000,False,164.0000,2026-08-24,75.0800,2026-03-16,145.1100,401344.9500,142.5100,yfinance
MAXESTATES.NS,2026-10-08,252.0000,False,652.8000,2026-09-24,305.4500,2026-03-30,531.7500,185136.2000,538.1500,yfinance
MAXHEALTH.NS,2026-10-08,252.0000,False,1221.9000,2025-10-23,870.0000,2026-10-08,873.4000,2963733.0500,993.0000,yfinance
MAXIND.NS,2026-10-08,252.0000,False,228.8000,2025-10-01,120.0000,2026-03-30,158.4200,93628.9500,147.2200,yfinance
MAYURUNIQ.NS,2026-10-08,252.0000,False,907.0000,2026-07-03,471.2000,2026-01-12,749.9000,108942.4500,740.5500,yfinance
MAZDA.NS,2026-10-08,252.0000,False,310.0000,2026-10-01,159.2000,2026-03-30,271.7000,55341.4000,271.7500,yfinance
MAZDOCK.NS,2026-10-08,252.0000,False,2929.7000,2025-10-10,1990.0000,2026-10-08,1990.0000,607028.9000,2466.3999,yfinance
MBAPL.NS,2026-10-08,252.0000,False,174.9400,2026-08-24,75.0500,2025-10-01,163.4200,845415.6500,164.3700,yfinance
MBECL.NS,2026-10-08,252.0000,False,513.9000,2026-10-06,65.4000,2025-10-01,474.3000,5082.0500,285.4200,yfinance
MBEL.NS,2026-10-08,252.0000,False,535.9000,2025-11-10,223.0500,2026-03-30,265.5600,521916.0000,267.7000,yfinance
MBLINFRA.NS,2026-10-08,252.0000,False,45.6000,2025-10-07,18.3700,2026-03-30,23.8800,58454.8000,23.9700,yfinance
MCL.NS,2026-10-08,252.0000,False,93.2000,2026-01-21,42.0000,2025-11-24,53.7500,78492.0500,59.3500,yfinance
MCLEODRUSS.NS,2026-10-08,252.0000,False,78.4100,2026-05-29,28.5000,2026-03-30,40.6300,304826.3000,44.9600,yfinance
MCLOUD.NS,2026-10-08,252.0000,False,78.9700,2025-10-01,19.4000,2026-03-30,24.3000,1506913.2000,25.9200,yfinance
MCX.NS,2026-10-08,252.0000,False,3481.3999,2026-09-25,1551.3000,2025-10-01,3255.6001,1914618.6000,3342.0000,yfinance
MEDANTA.NS,2026-10-08,252.0000,False,1544.0000,2026-08-27,956.0000,2026-03-30,1276.5000,267772.6000,1428.6000,yfinance
MEDIASSIST.NS,2026-10-08,252.0000,False,575.5500,2025-11-03,291.2500,2026-10-01,295.2000,284092.2500,331.2500,yfinance
MEDICAMEQ.NS,2026-10-08,252.0000,False,447.6500,2025-11-25,212.4000,2026-06-29,304.7000,81517.3000,285.7500,yfinance
MEDICO.NS,2026-10-08,252.0000,False,56.8800,2025-12-24,20.4700,2026-09-29,21.8300,861002.1500,39.2800,yfinance
MEDPLUS.NS,2026-10-08,252.0000,False,1022.2000,2026-05-21,626.5000,2026-10-08,631.9000,88431.2500,663.4500,yfinance
MEESHO.NS,2026-10-08,205.0000,True,254.4000,2025-12-18,125.5600,2026-03-16,232.1900,26045597.8000,211.0600,yfinance
MEGASTAR.NS,2026-10-08,252.0000,False,392.0000,2026-07-13,203.0000,2025-10-01,292.3100,9211.9000,288.8500,yfinance
MEIL.NS,2026-10-08,252.0000,False,495.0000,2025-10-21,206.2600,2026-03-30,266.2000,37478.0500,286.7000,yfinance
MENONBE.NS,2026-10-08,252.0000,False,330.0000,2026-09-21,101.5000,2025-12-18,287.1000,92166.0500,291.0500,yfinance
MERCURYEV.NS,2026-10-08,90.0000,True,44.0500,2026-09-11,30.1600,2026-06-15,36.4800,736836.7000,38.3800,yfinance
METROBRAND.NS,2026-10-08,252.0000,False,1308.8000,2025-10-01,807.0000,2026-10-07,840.6500,107205.1500,948.5500,yfinance
METROGLOBL.NS,2026-10-08,117.0000,True,165.0000,2026-08-17,110.0000,2026-04-27,126.2800,955.8000,139.9000,yfinance
METROPOLIS.NS,2026-10-08,252.0000,False,609.0500,2026-07-30,412.2500,2026-04-02,525.8500,239125.8500,582.2000,yfinance
MFML.NS,2026-10-08,252.0000,False,31.8900,2025-10-01,16.7500,2026-09-28,18.3000,5845.7500,18.6900,yfinance
MFSL.NS,2026-10-08,252.0000,False,1892.5000,2026-02-23,1316.0000,2026-10-08,1322.4000,1530133.8500,1498.7000,yfinance
MGEL.NS,2026-10-08,252.0000,False,18.1700,2025-10-06,9.5300,2026-03-09,15.9000,1791978.2000,15.5000,yfinance
MGL.NS,2026-10-08,252.0000,False,1335.4000,2025-10-08,900.0000,2026-03-23,1043.9000,129918.8000,1103.2000,yfinance
MHLXMIRU.NS,2026-10-08,252.0000,False,244.6500,2025-11-14,105.5300,2026-06-29,167.8200,9508.3500,166.2500,yfinance
MHRIL.NS,2026-10-08,252.0000,False,354.4000,2025-10-01,186.2100,2026-10-08,187.2300,118559.0500,205.7100,yfinance
MICEL.NS,2026-10-08,252.0000,False,61.5900,2025-10-06,29.9700,2026-03-30,33.7000,111490.5500,36.3200,yfinance
MIDHANI.NS,2026-10-08,252.0000,False,482.4000,2026-09-08,266.6500,2026-03-30,442.5500,1481398.8500,477.0000,yfinance
MIDWESTLTD.NS,2026-10-08,237.0000,True,1859.9000,2026-01-08,860.0000,2026-10-01,989.8000,54846.9500,1078.4000,yfinance
MINDACORP.NS,2026-10-08,252.0000,False,769.0000,2026-08-14,468.5000,2026-03-12,635.1500,197155.8500,708.3000,yfinance
MINDTECK.NS,2026-10-08,252.0000,False,307.6800,2025-10-20,133.0000,2026-10-08,135.0800,31807.8000,165.0000,yfinance
MIRZAINT.NS,2026-10-08,252.0000,False,43.3000,2026-02-03,24.9500,2026-03-30,27.4400,100342.4500,30.7300,yfinance
MITCON.NS,2026-10-08,252.0000,False,92.8400,2026-09-23,49.5600,2026-03-13,77.8500,31209.8500,80.7400,yfinance
MITTAL.NS,2026-10-08,252.0000,False,1.6200,2025-10-01,0.6800,2026-10-01,0.6900,1769477.0000,0.8600,yfinance
MKPL.NS,2026-10-08,252.0000,False,7.4900,2025-10-03,3.5600,2026-03-30,3.9200,116743.4000,3.9900,yfinance
MMFL.NS,2026-10-08,252.0000,False,687.9500,2026-08-18,288.1000,2025-10-21,553.7000,86528.6000,615.8500,yfinance
MMP.NS,2026-10-08,252.0000,False,515.4500,2026-10-08,185.2000,2026-03-30,483.2500,93433.6000,478.5000,yfinance
MMTC.NS,2026-10-08,252.0000,False,78.3500,2026-06-17,50.1000,2026-03-30,54.2700,979765.1000,63.1900,yfinance
MMWL.NS,2026-10-08,117.0000,True,19.7800,2026-10-08,9.0200,2026-05-04,19.7700,136709.9500,13.9900,yfinance
MOBIKWIK.NS,2026-10-08,252.0000,False,296.7000,2025-10-07,151.4600,2026-03-30,244.5200,10407018.3500,194.1400,yfinance
MODINATUR.NS,2026-10-08,203.0000,True,524.8000,2026-05-22,252.3000,2026-03-30,288.6500,7274.6500,353.6000,yfinance
MODIRUBBER.NS,2026-10-08,252.0000,False,167.5000,2025-12-26,98.4100,2025-12-18,118.6700,1661.6500,124.7200,yfinance
MODIS.NS,2026-10-08,222.0000,True,429.0500,2026-07-23,276.0000,2026-03-16,375.2500,25372.9500,376.0000,yfinance
MODISONLTD.NS,2026-10-08,252.0000,False,546.0000,2026-09-02,114.0000,2026-03-23,464.4000,84641.2000,499.3500,yfinance
MODTHREAD.NS,2026-10-08,252.0000,False,65.6500,2026-08-18,35.6100,2026-03-04,46.2000,3804.9000,52.9600,yfinance
MOHITIND.NS,2026-10-08,252.0000,False,34.8000,2025-11-10,18.6000,2026-03-30,22.0100,8713.3500,23.5000,yfinance
MOIL.NS,2026-10-08,252.0000,False,404.9000,2025-10-06,228.7000,2026-10-08,229.5800,503614.3500,251.4900,yfinance
MOKSH.NS,2026-10-08,252.0000,False,16.6500,2025-12-19,8.1100,2026-03-30,9.1700,102958.0500,10.0000,yfinance
MOL.NS,2026-10-08,252.0000,False,85.3500,2025-10-06,36.5000,2026-03-30,57.7400,849845.9000,65.8200,yfinance
MOLDTECH.NS,2026-10-08,252.0000,False,113.5000,2026-09-08,50.5500,2026-03-30,104.9750,73163.7000,109.1350,yfinance
MOLDTKPAC.NS,2026-10-08,252.0000,False,407.5000,2025-10-29,232.4500,2026-03-30,326.0500,112016.8000,348.7750,yfinance
MONARCH.NS,2026-10-08,252.0000,False,406.9500,2026-08-14,235.4500,2026-03-30,330.0500,88175.7500,382.4500,yfinance
MONEYBOXX.NS,2026-10-08,242.0000,True,91.5000,2025-10-20,35.8500,2026-09-10,51.5000,153392.7500,56.0100,yfinance
MONTECARLO.NS,2026-10-08,252.0000,False,860.9500,2025-11-20,464.0000,2026-03-30,514.7000,48853.6500,558.5000,yfinance
MOREPENLAB.NS,2026-10-08,252.0000,False,150.7000,2026-10-07,33.0500,2026-03-30,136.5500,18778569.6500,117.1600,yfinance
MOSCHIP.NS,2026-10-08,252.0000,False,288.4500,2025-10-08,146.8000,2026-03-30,186.7100,1298195.0000,214.2600,yfinance
MOTHERSON.NS,2026-10-08,252.0000,False,173.2700,2026-08-19,101.0100,2025-10-09,153.0800,12110675.1000,163.8500,yfinance
MOTILALOFS.NS,2026-10-08,252.0000,False,1097.1000,2025-10-28,614.9000,2026-03-23,1014.3000,894536.2000,1051.5000,yfinance
MOTISONS.NS,2026-10-08,252.0000,False,19.7800,2026-09-24,10.6200,2026-01-27,17.5700,62770723.6000,16.1300,yfinance
MOTOGENFIN.NS,2026-10-08,252.0000,False,34.4000,2026-09-07,17.5000,2026-03-30,25.2100,40577.2500,27.4500,yfinance
MPHASIS.NS,2026-10-08,252.0000,False,2975.0000,2026-02-03,2013.0000,2026-03-30,2303.3999,474577.5500,2355.0000,yfinance
MPSLTD.NS,2026-10-08,252.0000,False,2979.0000,2026-08-10,1336.1000,2026-03-09,2573.8000,14462.3000,2749.1001,yfinance
MRF.NS,2026-10-08,252.0000,False,163600.0000,2025-10-24,122000.0000,2026-05-29,122465.0000,3038.2500,128245.0000,yfinance
MRPL.NS,2026-10-08,252.0000,False,212.3100,2026-03-06,132.1500,2025-10-03,173.8500,14147595.2500,172.9600,yfinance
MSPL.NS,2026-10-08,252.0000,False,46.1200,2026-06-22,26.2500,2026-03-30,30.1900,904227.1000,34.9500,yfinance
MSTCLTD.NS,2026-10-08,252.0000,False,805.0000,2026-09-08,362.1500,2026-03-30,668.4000,228883.4000,778.5500,yfinance
MSUMI.NS,2026-10-08,252.0000,False,53.5900,2026-01-06,32.7000,2026-10-05,32.9700,11532502.9500,36.6100,yfinance
MTARTECH.NS,2026-10-08,252.0000,False,8714.0000,2026-06-19,1835.0000,2025-10-01,7849.5000,127747.6000,7799.5000,yfinance
MTEDUCARE.NS,2026-10-08,252.0000,False,2.5300,2026-06-30,1.1700,2026-04-01,1.6900,40328.6500,1.8700,yfinance
MTNL.NS,2026-10-08,252.0000,False,44.6700,2025-11-03,21.2600,2026-03-30,22.8100,3084395.7000,25.3500,yfinance
MUFIN.NS,2026-10-08,252.0000,False,141.5000,2026-08-21,85.1300,2025-10-07,133.0800,883561.2500,135.3500,yfinance
MUFTI.NS,2026-10-08,252.0000,False,116.8200,2025-10-10,63.0600,2026-03-30,68.2600,72606.4000,73.9100,yfinance
MUKANDLTD.NS,2026-10-08,252.0000,False,190.7000,2026-10-07,114.3100,2026-03-16,174.2900,711877.5500,137.6600,yfinance
MUKKA.NS,2026-10-08,252.0000,False,33.2900,2026-09-15,18.2700,2026-03-30,26.3900,623449.5000,30.7200,yfinance
MUKTAARTS.NS,2026-10-08,252.0000,False,72.7000,2025-10-23,37.0100,2026-03-30,57.0000,3663.0500,57.0500,yfinance
MUNJALAU.NS,2026-10-08,252.0000,False,130.6000,2026-08-17,67.2000,2026-03-30,101.5100,792578.4500,112.8000,yfinance
MUNJALSHOW.NS,2026-10-08,252.0000,False,147.1000,2026-08-03,110.3000,2026-03-30,120.7000,33589.9000,128.7500,yfinance
MURUDCERA.NS,2026-10-08,252.0000,False,46.0000,2025-10-28,25.1600,2026-03-30,27.0400,16777.9000,29.0800,yfinance
MUTHOOTCAP.NS,2026-10-08,252.0000,False,303.0000,2025-11-14,175.2500,2026-03-23,207.6600,11215.9000,234.3900,yfinance
MUTHOOTFIN.NS,2026-10-08,252.0000,False,4149.5000,2026-01-29,2559.6001,2026-10-08,2559.6001,631359.1000,2899.7000,yfinance
MUTHOOTMF.NS,2026-10-08,252.0000,False,262.7700,2026-07-27,141.2000,2026-03-23,168.2100,186825.1500,201.5700,yfinance
MVGJL.NS,2026-10-08,252.0000,False,233.9900,2026-09-08,129.1000,2026-03-30,208.2900,446761.3000,210.7200,yfinance
MWL.NS,2026-10-08,252.0000,False,48.0000,2026-09-15,19.9970,2025-10-14,40.7600,2131567.2500,37.6500,yfinance
NACLIND.NS,2026-10-08,252.0000,False,245.0000,2026-07-13,112.6200,2026-03-09,129.1000,580305.1000,161.0000,yfinance
NAGREEKCAP.NS,2026-10-08,252.0000,False,42.7500,2025-10-10,19.3000,2026-03-24,27.2600,31116.1000,23.3800,yfinance
NAGREEKEXP.NS,2026-10-08,252.0000,False,35.9000,2025-10-10,17.5000,2026-03-30,21.3000,38884.1500,22.3900,yfinance
NAHARCAP.NS,2026-10-08,252.0000,False,307.0000,2025-10-06,191.0000,2026-03-30,230.6400,2965.9500,258.9000,yfinance
NAHARINDUS.NS,2026-10-08,252.0000,False,154.0000,2026-08-25,83.0500,2026-03-30,125.2500,20882.8000,137.4300,yfinance
NAHARPOLY.NS,2026-10-08,252.0000,False,338.8000,2025-10-10,200.0000,2026-03-30,223.8500,4983.5000,243.1800,yfinance
NAHARSPING.NS,2026-10-08,252.0000,False,349.0000,2026-08-06,149.2000,2026-01-27,251.4000,22360.0500,277.5500,yfinance
NAM-INDIA.NS,2026-10-08,252.0000,False,1269.5000,2026-08-24,795.8000,2026-01-27,1039.4000,861638.4000,1188.9000,yfinance
NARMADA.NS,2026-10-08,252.0000,False,22.5850,2026-06-10,9.9500,2025-12-30,11.1500,457005.9000,14.7800,yfinance
NATCAPSUQ.NS,2026-10-08,252.0000,False,290.9900,2025-09-30,136.3600,2026-03-27,157.6400,6620.1000,196.1900,yfinance
NATCOPHARM.NS,2026-10-08,252.0000,False,1226.8000,2026-05-12,792.0500,2025-11-11,795.4000,491507.7000,825.7500,yfinance
NATHBIOGEN.NS,2026-10-08,252.0000,False,204.0000,2026-04-30,126.1500,2026-03-30,136.1000,26284.6500,152.0100,yfinance
NATIONALUM.NS,2026-10-08,252.0000,False,445.1500,2026-04-27,210.2000,2025-10-01,313.1000,5142106.8500,371.0500,yfinance
NAUKRI.NS,2026-10-08,252.0000,False,1419.9000,2025-10-24,908.3000,2026-05-25,1182.8000,1478245.7500,1292.0000,yfinance
NAVA.NS,2026-10-08,252.0000,False,739.4000,2026-05-11,501.6500,2025-11-25,544.5000,318842.4500,554.5500,yfinance
NAVINFLUOR.NS,2026-10-08,252.0000,False,8949.5000,2026-09-09,4514.5000,2025-10-03,8417.5000,122912.8000,8731.0000,yfinance
NAVKARCORP.NS,2026-10-08,252.0000,False,131.3600,2025-10-15,74.0500,2026-03-30,83.3300,490826.4000,94.7500,yfinance
NAVKARURB.NS,2026-10-08,252.0000,False,2.5800,2025-10-29,0.7000,2026-04-01,0.8700,629599.7000,0.8900,yfinance
NAVNETEDUL.NS,2026-10-08,252.0000,False,166.0000,2025-10-30,120.3500,2026-09-29,121.6600,96940.5000,130.1600,yfinance
NAZARA.NS,2026-10-08,252.0000,False,401.9000,2026-09-30,215.7000,2026-03-23,376.0000,1636953.4500,368.4000,yfinance
NBCC.NS,2026-10-08,252.0000,False,125.8500,2025-12-29,73.9000,2026-10-08,74.0000,5358055.5000,86.0000,yfinance
NBIFIN.NS,2026-10-08,252.0000,False,2991.0000,2025-10-01,1539.0000,2026-03-30,1813.9000,2780.1000,1970.0000,yfinance
NCC.NS,2026-10-08,252.0000,False,217.2500,2025-11-03,119.0100,2026-10-08,119.9300,3661739.3500,148.6500,yfinance
NCLIND.NS,2026-10-08,252.0000,False,214.8000,2026-01-08,147.5000,2026-03-30,160.5400,40821.8000,176.6500,yfinance
NDGL.NS,2026-10-08,252.0000,False,4050.0000,2025-10-17,2100.0000,2026-03-27,2324.0000,197.8000,2775.0000,yfinance
NDL.NS,2026-10-08,252.0000,False,3.4800,2025-10-23,1.8000,2026-03-30,2.5800,960053.7000,2.9200,yfinance
NDLVENTURE.NS,2026-10-08,252.0000,False,140.0000,2026-04-21,80.0000,2025-10-16,117.5100,13500.7500,126.1800,yfinance
NDRAUTO.NS,2026-10-08,252.0000,False,1080.4000,2025-10-06,605.0500,2026-03-30,677.6500,23006.4000,717.6500,yfinance
NDTV.NS,2026-10-08,252.0000,False,118.0000,2025-10-01,58.7500,2026-03-30,64.3500,64402.9000,73.0300,yfinance
NECCLTD.NS,2026-10-08,252.0000,False,24.0100,2025-10-23,10.5500,2026-04-01,18.3100,64687.4000,19.6500,yfinance
NECLIFE.NS,2026-10-08,252.0000,False,22.4000,2025-12-23,9.3000,2026-03-30,10.5500,133828.6500,12.1500,yfinance
NELCAST.NS,2026-10-08,252.0000,False,173.2000,2026-05-08,85.9800,2026-01-30,141.5200,605785.7000,114.1800,yfinance
NELCO.NS,2026-10-08,252.0000,False,1120.0000,2026-08-17,500.1000,2026-03-30,865.0000,253941.0000,973.1000,yfinance
NEOGEN.NS,2026-10-08,252.0000,False,2499.7000,2026-09-21,966.7000,2025-12-10,2379.7000,227508.0500,2213.0000,yfinance
NEPHROPLUS.NS,2026-10-08,200.0000,True,781.5000,2026-09-11,446.0000,2025-12-19,626.9500,707179.3000,744.1000,yfinance
NESCO.NS,2026-10-08,252.0000,False,1422.8000,2025-10-08,996.0000,2026-03-30,1027.8000,48445.2500,1117.1000,yfinance
NESTLEIND.NS,2026-10-08,252.0000,False,1553.0000,2026-08-07,1145.0000,2025-10-01,1319.0000,1256216.2500,1400.5000,yfinance
NETWEB.NS,2026-10-08,252.0000,False,5813.0000,2026-08-24,2920.0000,2025-12-05,4715.1001,1088589.7500,5087.5000,yfinance
NETWORK18.NS,2026-10-08,252.0000,False,53.2400,2025-10-10,24.2500,2026-10-08,24.3900,3187142.1000,27.3000,yfinance
NEUEON.NS,2026-10-08,252.0000,False,27.4000,2026-05-18,5.2200,2025-10-01,12.8300,27156.7500,12.0300,yfinance
NEULANDLAB.NS,2026-10-08,252.0000,False,24225.0000,2026-09-09,11500.0000,2026-03-23,21015.0000,50413.5500,23995.0000,yfinance
NEWGEN.NS,2026-10-08,252.0000,False,1041.9500,2025-10-29,401.0500,2026-03-30,442.5500,682539.2500,514.0000,yfinance
NEXTMEDIA.NS,2026-10-08,252.0000,False,8.4800,2025-10-30,3.1600,2026-08-26,3.4900,18414.5000,3.8600,yfinance
NFL.NS,2026-10-08,252.0000,False,98.3000,2025-10-16,61.1500,2026-10-08,61.3400,539278.6000,70.3500,yfinance
NGIL.NS,2026-10-08,252.0000,False,43.8900,2026-05-29,22.0100,2026-03-27,37.7500,36934.3000,37.7300,yfinance
NGLFINE.NS,2026-10-08,252.0000,False,3602.0000,2026-08-12,1271.0000,2025-12-19,2998.8999,9788.2500,2811.6001,yfinance
NH.NS,2026-10-08,252.0000,False,2093.3000,2025-11-17,1589.0000,2026-04-02,1695.3000,211700.3500,1897.4000,yfinance
NHPC.NS,2026-10-08,252.0000,False,88.1200,2025-10-09,70.2500,2026-10-01,71.6500,9475706.2500,75.9000,yfinance
NIACL.NS,2026-10-08,252.0000,False,242.6000,2026-09-07,116.9700,2026-03-30,158.1400,5298134.5000,205.2200,yfinance
NIBE.NS,2026-10-08,252.0000,False,1848.0000,2026-06-22,809.6000,2026-03-30,1224.7000,66937.5500,1331.5000,yfinance
NIBL.NS,2026-10-08,252.0000,False,40.8000,2025-12-31,25.3000,2026-03-30,30.9700,41104.4500,30.3600,yfinance
NIITLTD.NS,2026-10-08,252.0000,False,111.1000,2026-07-07,49.0000,2026-03-30,81.7800,178141.6000,95.3400,yfinance
NIITMTS.NS,2026-10-08,252.0000,False,443.9000,2025-12-26,185.0000,2026-10-01,200.0100,227279.9500,223.5100,yfinance
NILAINFRA.NS,2026-10-08,252.0000,False,11.2000,2025-10-08,5.9000,2026-03-30,6.4700,166759.8000,6.6200,yfinance
NILASPACES.NS,2026-10-08,252.0000,False,19.9700,2025-10-13,10.7600,2026-10-08,11.0100,1189307.2000,12.7800,yfinance
NILKAMAL.NS,2026-10-08,252.0000,False,2149.5000,2026-09-03,1050.5000,2026-03-30,1854.3000,21682.3000,2112.0000,yfinance
NIMBSPROJ.NS,2026-10-08,128.0000,True,231.2300,2026-05-22,141.0400,2026-09-09,189.8800,29808.1500,148.4600,yfinance
NINSYS.NS,2026-10-08,252.0000,False,935.0000,2026-07-08,281.0500,2026-03-16,816.4500,5932.6000,709.1000,yfinance
NIPPOBATRY.NS,2026-10-08,252.0000,False,469.0000,2026-05-08,257.0000,2026-03-30,311.7000,1851.3500,324.6000,yfinance
NIRAJ.NS,2026-10-08,252.0000,False,49.0000,2025-10-03,20.1500,2026-03-30,27.3200,30007.0000,28.1800,yfinance
NIRAJISPAT.NS,2026-10-08,252.0000,False,429.6500,2026-09-02,155.0000,2026-01-30,284.1000,292.7000,350.0500,yfinance
NIRLON.NS,2026-10-08,116.0000,True,657.0000,2026-07-14,543.0000,2026-04-24,620.0000,3939.6500,619.6500,yfinance
NITCO.NS,2026-10-08,252.0000,False,120.0000,2025-09-30,64.0000,2026-03-13,78.9000,557805.8000,93.4600,yfinance
NITINSPIN.NS,2026-10-08,252.0000,False,665.5000,2026-09-10,302.2000,2026-01-21,596.4000,82800.1500,655.1000,yfinance
NITIRAJ.NS,2026-10-08,252.0000,False,241.0000,2026-09-04,168.0000,2026-06-01,203.6900,2357.5500,230.9200,yfinance
NITTAGELA.NS,2026-10-08,116.0000,True,2087.2000,2026-07-10,882.0000,2026-04-23,1652.2000,4070.1500,1670.5000,yfinance
NIVABUPA.NS,2026-10-08,252.0000,False,91.4000,2026-07-31,67.5000,2026-03-24,77.8300,2005302.5000,80.5500,yfinance
NKIND.NS,2026-10-08,252.0000,False,78.5000,2025-10-01,49.6600,2026-08-25,57.0000,717.6000,61.0500,yfinance
NLCINDIA.NS,2026-10-08,252.0000,False,387.8000,2026-05-14,230.0000,2025-12-08,241.4500,1571580.9500,272.2500,yfinance
NMDC.NS,2026-10-08,252.0000,False,97.4900,2026-06-03,70.1000,2026-10-08,70.6900,13117532.1500,84.7100,yfinance
NOCIL.NS,2026-10-08,252.0000,False,211.2000,2026-09-23,125.3100,2026-01-27,165.7600,2098901.0500,185.0700,yfinance
NOIDATOLL.NS,2026-10-08,252.0000,False,7.4300,2026-05-22,2.8700,2026-03-27,3.8300,133802.1000,3.9900,yfinance
NORBTEAEXP.NS,2026-10-08,252.0000,False,99.3500,2026-01-02,47.5000,2025-10-20,61.9900,2647.2500,69.7500,yfinance
NORTHARC.NS,2026-10-08,252.0000,False,334.0000,2026-07-13,206.0000,2026-03-30,280.7000,962190.5500,310.8500,yfinance
NOVAAGRI.NS,2026-10-08,252.0000,False,51.9900,2025-11-13,18.1200,2026-03-30,21.9500,44226.0000,23.1500,yfinance
NOVARTIND.NS,2026-10-08,122.0000,True,2588.8000,2026-09-10,672.2500,2026-04-15,1987.7000,234617.1500,1822.0000,yfinance
NPST.NS,2026-10-08,252.0000,False,2058.0000,2025-10-21,846.6000,2026-03-16,1790.2000,243400.5000,1716.5000,yfinance
NRAIL.NS,2026-10-08,252.0000,False,706.4000,2026-09-28,385.0000,2026-03-23,651.1500,29779.2000,644.3500,yfinance
NRBBEARING.NS,2026-10-08,252.0000,False,559.9000,2026-09-28,212.5500,2026-03-30,510.2000,1077099.3000,489.6000,yfinance
NRL.NS,2026-10-08,252.0000,False,167.2600,2026-09-24,45.1000,2026-03-30,158.9000,98030.8000,130.4600,yfinance
NSIL.NS,2026-10-08,252.0000,False,8730.0000,2025-10-17,4700.0000,2026-03-30,5108.0000,1933.9500,5660.0000,yfinance
NSLNISP.NS,2026-10-08,252.0000,False,53.7500,2026-06-02,33.0100,2026-03-30,39.1000,4390506.8500,45.0200,yfinance
NTPC.NS,2026-10-08,252.0000,False,414.4000,2026-04-27,308.4500,2026-10-08,309.7000,7980089.6000,330.8000,yfinance
NTPCGREEN.NS,2026-10-08,252.0000,False,119.9500,2026-04-27,84.0000,2026-03-02,90.8000,3081297.8000,88.4400,yfinance
NUCLEUS.NS,2026-10-08,252.0000,False,1064.8000,2025-11-06,609.3000,2026-10-08,619.8000,16360.3000,717.4500,yfinance
NURECA.NS,2026-10-08,252.0000,False,376.0000,2026-09-30,204.0000,2026-03-30,331.3500,10750.6500,318.1000,yfinance
NUVAMA.NS,2026-10-08,252.0000,False,2066.0000,2026-07-24,1096.9000,2026-03-23,1737.4000,504646.3000,1836.4000,yfinance
NUVOCO.NS,2026-10-08,252.0000,False,439.8500,2025-10-10,276.2500,2026-03-24,321.9000,291442.2500,339.8500,yfinance
NYKAA.NS,2026-10-08,252.0000,False,349.5500,2026-08-31,231.2400,2025-10-01,332.3000,4829338.1500,341.0000,yfinance
OAL.NS,2026-10-08,252.0000,False,570.0000,2026-09-22,228.0000,2026-03-30,512.0000,43918.1500,530.9500,yfinance
OBCL.NS,2026-10-08,252.0000,False,62.0000,2026-02-12,46.5100,2026-08-25,54.8400,10185.1000,55.6300,yfinance
OBEROIRLTY.NS,2026-10-08,252.0000,False,1986.1000,2026-07-06,1391.2000,2026-03-23,1663.3000,449099.5000,1833.8000,yfinance
OCCLLTD.NS,2026-10-08,252.0000,False,217.9600,2026-10-07,75.7100,2026-03-09,208.3600,106317.5000,164.8400,yfinance
ODIGMA.NS,2026-10-08,252.0000,False,47.3600,2025-10-01,20.0000,2026-06-04,20.6700,17424.1500,21.9900,yfinance
OFSS.NS,2026-10-08,252.0000,False,12540.0000,2026-08-31,6234.5000,2026-03-17,10400.0000,227215.9500,11780.0000,yfinance
OIL.NS,2026-10-08,252.0000,False,531.0000,2026-05-14,395.6000,2025-12-10,447.0000,2139087.1000,495.4000,yfinance
OILCOUNTUB.NS,2026-10-08,252.0000,False,84.5600,2026-10-08,35.6500,2026-03-16,84.5600,45768.0500,63.0000,yfinance
OLAELEC.NS,2026-10-08,252.0000,False,58.6500,2025-10-01,22.2500,2026-03-16,34.6300,107200432.1000,37.6300,yfinance
OLECTRA.NS,2026-10-08,252.0000,False,1578.0000,2025-10-06,866.6000,2026-03-16,1041.5000,406920.6000,1213.7000,yfinance
OMAXAUTO.NS,2026-10-08,252.0000,False,263.4000,2026-05-29,84.5000,2025-11-28,200.1600,88414.1000,170.7500,yfinance
OMAXE.NS,2026-10-08,252.0000,False,138.8900,2026-09-04,62.5000,2025-12-09,98.4200,668235.4000,127.5800,yfinance
OMFREIGHT.NS,2026-10-08,247.0000,True,114.3300,2026-07-01,58.9500,2026-03-30,106.7200,18121.5000,87.5100,yfinance
OMINFRAL.NS,2026-10-08,252.0000,False,134.7000,2025-10-10,67.3900,2026-10-08,68.8600,66314.9500,81.9600,yfinance
OMNI.NS,2026-10-08,147.0000,True,764.8500,2026-08-06,176.2500,2026-03-09,636.5000,1128093.0000,525.9000,yfinance
OMPOWER.NS,2026-10-08,120.0000,True,206.0000,2026-04-21,150.2000,2026-10-05,166.1100,152888.2500,170.0000,yfinance
ONELIFECAP.NS,2026-10-08,252.0000,False,49.5100,2026-10-08,11.1500,2025-10-20,49.5100,111199.1500,30.7000,yfinance
ONEPOINT.NS,2026-10-08,252.0000,False,81.0000,2026-10-05,40.5800,2026-03-30,78.4500,4789444.2500,56.3600,yfinance
ONESOURCE.NS,2026-10-08,252.0000,False,1925.0000,2025-11-03,1057.0000,2026-01-30,1478.2000,401578.7000,1579.5000,yfinance
ONGC.NS,2026-10-08,252.0000,False,307.5000,2026-04-29,218.5300,2026-10-08,219.8000,12229697.0000,236.0000,yfinance
ONIDA.NS,2026-10-08,252.0000,False,49.2300,2026-05-11,21.5000,2025-12-09,29.5000,584721.4000,34.7600,yfinance
ONMOBILE.NS,2026-10-08,252.0000,False,84.0000,2026-07-03,40.2100,2026-03-30,51.5400,54451.3500,48.2500,yfinance
ONWARDTEC.NS,2026-10-08,252.0000,False,348.6000,2025-10-06,208.2500,2026-03-30,294.6000,29306.2000,286.3000,yfinance
OPTIEMUS.NS,2026-10-08,252.0000,False,924.9000,2026-10-06,288.0000,2026-03-30,816.8500,2136704.0500,556.3500,yfinance
ORBTEXP.NS,2026-10-08,252.0000,False,282.8500,2026-09-30,135.0000,2026-03-30,235.7500,14764.3000,239.4300,yfinance
ORCHASP.NS,2026-10-08,252.0000,False,4.1600,2025-10-16,1.2200,2026-10-01,1.3100,302665.9000,1.3600,yfinance
ORCHPHARMA.NS,2026-10-08,252.0000,False,1143.5000,2026-09-22,480.0000,2026-03-30,981.2000,142478.6000,965.8000,yfinance
ORICONENT.NS,2026-10-08,252.0000,False,73.1200,2026-04-15,47.0400,2026-09-28,50.7200,101786.4500,53.1600,yfinance
ORIENTALTL.NS,2026-10-08,252.0000,False,10.8400,2025-10-30,4.4000,2026-03-30,4.7900,63099.6500,5.1100,yfinance
ORIENTBELL.NS,2026-10-08,252.0000,False,442.0000,2026-10-08,246.5500,2026-03-09,413.0000,32584.5500,410.3000,yfinance
ORIENTCEM.NS,2026-10-08,252.0000,False,226.8600,2025-10-06,109.7000,2026-10-08,110.0800,521604.9000,126.4200,yfinance
ORIENTCER.NS,2026-10-08,252.0000,False,56.6400,2026-01-02,34.0000,2026-03-30,41.9400,102400.8500,45.0000,yfinance
ORIENTELEC.NS,2026-10-08,252.0000,False,217.5100,2025-10-31,149.0500,2026-03-30,162.9500,159452.3000,175.5400,yfinance
ORIENTHOT.NS,2026-10-08,252.0000,False,148.8000,2026-07-20,80.0000,2026-03-16,139.1200,658099.7000,140.5400,yfinance
ORIENTLTD.NS,2026-10-08,252.0000,False,102.3000,2026-07-27,53.7200,2026-03-30,80.0000,1752.6500,82.5000,yfinance
ORIENTPPR.NS,2026-10-08,252.0000,False,27.5900,2025-10-06,13.2500,2026-03-30,15.7300,187387.5000,18.2900,yfinance
ORIENTTECH.NS,2026-10-08,252.0000,False,466.7273,2025-10-07,220.8000,2026-03-30,234.9400,1343902.0000,233.4300,yfinance
ORISSAMINE.NS,2026-10-08,252.0000,False,6138.8999,2025-10-06,3100.5000,2026-03-30,3460.3999,7976.5000,4198.7002,yfinance
ORKLAINDIA.NS,2026-10-08,229.0000,True,760.0000,2025-11-06,530.0500,2026-10-01,549.7000,74093.7000,589.8500,yfinance
ORTINGLOBE.NS,2026-10-08,252.0000,False,21.3000,2026-06-09,10.6600,2025-10-28,14.3800,13865.7500,15.9300,yfinance
OSWALAGRO.NS,2026-10-08,252.0000,False,81.0000,2025-11-03,31.5000,2026-10-08,31.9600,41283.4500,36.2100,yfinance
OSWALGREEN.NS,2026-10-08,252.0000,False,42.5000,2025-10-01,18.5500,2026-09-16,19.0000,102682.5500,20.2900,yfinance
OSWALPUMPS.NS,2026-10-08,252.0000,False,790.0000,2025-10-10,254.5500,2026-10-08,255.4500,436732.2500,274.8000,yfinance
OSWALSEEDS.NS,2026-10-08,252.0000,False,20.2800,2025-12-26,9.6600,2026-08-12,11.9100,331360.5500,12.1400,yfinance
PACEDIGITK.NS,2026-10-08,250.0000,True,231.9500,2025-10-10,139.8100,2026-03-30,161.8500,3048933.4500,160.3100,yfinance
PAGEIND.NS,2026-10-08,252.0000,False,43855.0000,2026-07-01,29805.0000,2026-03-16,36450.0000,24365.1500,35915.0000,yfinance
PAISALO.NS,2026-10-08,252.0000,False,94.8800,2026-09-21,30.0000,2026-03-16,81.1300,17549762.7500,77.7200,yfinance
PAKKA.NS,2026-10-08,252.0000,False,160.3000,2025-10-03,68.6600,2026-10-06,71.6900,125894.0000,78.5400,yfinance
PALASHSECU.NS,2026-10-08,252.0000,False,131.8400,2025-10-03,79.0100,2026-03-30,87.1000,1095.8000,88.1400,yfinance
PALREDTEC.NS,2026-10-08,252.0000,False,73.6000,2025-10-10,27.4500,2026-03-30,41.2500,3269.3500,53.3200,yfinance
PANACEABIO.NS,2026-10-08,252.0000,False,647.0000,2026-06-09,292.4000,2026-03-30,344.5000,87492.3500,391.8500,yfinance
PANACHE.NS,2026-10-08,252.0000,False,627.3000,2026-10-08,237.7000,2026-01-27,589.2500,21292.1500,515.6000,yfinance
PANAMAPET.NS,2026-10-08,252.0000,False,599.6000,2026-08-12,229.0000,2026-03-30,501.3000,331488.1000,483.1500,yfinance
PANSARI.NS,2026-10-08,252.0000,False,388.9000,2026-07-10,233.3000,2025-10-24,266.9500,663.8000,290.8000,yfinance
PAR.NS,2026-10-08,252.0000,False,180.0000,2026-09-03,78.0500,2026-03-30,121.4700,22075.0500,141.4400,yfinance
PARACABLES.NS,2026-10-08,252.0000,False,75.7000,2026-07-02,28.3000,2026-03-30,55.0500,1451898.6000,69.0500,yfinance
PARADEEP.NS,2026-10-08,252.0000,False,201.5900,2025-10-07,99.7000,2026-03-09,150.5500,1766810.2000,159.7900,yfinance
PARAGMILK.NS,2026-10-08,252.0000,False,376.9500,2025-11-13,177.8400,2026-03-30,303.2500,2618000.8500,254.4000,yfinance
PARAS.NS,2026-10-08,252.0000,False,1585.0000,2026-08-21,580.5000,2026-03-23,1241.9000,735819.9000,1504.0000,yfinance
PARASPETRO.NS,2026-10-08,252.0000,False,3.2300,2026-02-02,1.5300,2026-01-14,2.0200,109740.7500,2.1300,yfinance
PARIN.NS,2026-10-08,252.0000,False,789.0000,2026-09-25,502.9000,2025-10-14,691.9000,23579.0000,705.3000,yfinance
PARKHOSPS.NS,2026-10-08,200.0000,True,305.0000,2026-07-01,138.1000,2025-12-18,260.8500,559576.0500,282.2500,yfinance
PARKHOTELS.NS,2026-10-08,252.0000,False,158.3600,2025-10-09,95.1000,2026-03-30,101.1600,183651.8500,113.1100,yfinance
PARSVNATH.NS,2026-10-08,252.0000,False,18.7500,2025-10-28,1.3500,2026-08-25,2.2900,615113.7000,1.6300,yfinance
PASHUPATI.NS,2026-10-08,252.0000,False,118.3500,2026-04-17,67.7500,2026-04-22,69.6800,554824.6000,81.0200,yfinance
PASUPTAC.NS,2026-10-08,252.0000,False,81.2900,2026-09-23,40.4100,2026-03-30,70.3300,282520.9500,67.1200,yfinance
PATANJALI.NS,2026-10-08,252.0000,False,614.0500,2025-10-31,328.2000,2026-07-15,355.0000,6058861.8500,342.0000,yfinance
PATELENG.NS,2026-10-08,252.0000,False,38.8000,2025-10-06,22.0000,2026-03-30,24.8800,2357071.0500,26.9300,yfinance
PATELRMART.NS,2026-10-08,252.0000,False,266.0000,2025-12-01,150.2500,2026-03-30,229.6100,81456.1500,215.2000,yfinance
PATINTLOG.NS,2026-10-08,252.0000,False,16.2500,2026-06-29,8.0100,2026-03-30,12.9000,107694.4500,13.3000,yfinance
PAUSHAKLTD.NS,2026-10-08,211.0000,True,826.7500,2026-09-03,342.5000,2026-03-30,671.6500,36223.9500,770.7000,yfinance
PAVNAIND.NS,2026-10-08,252.0000,False,42.3000,2025-10-13,14.1100,2026-03-30,15.0800,88933.3000,16.1800,yfinance
PAYTM.NS,2026-10-08,252.0000,False,1855.5000,2026-09-16,930.6000,2026-03-30,1641.5000,5139740.1000,1670.0000,yfinance
PCBL.NS,2026-10-08,252.0000,False,394.0000,2025-10-08,226.5000,2026-03-24,319.2500,1460346.1500,328.8000,yfinance
PCJEWELLER.NS,2026-10-08,252.0000,False,14.8600,2026-09-23,7.4700,2026-03-30,13.9000,410950990.9500,13.5200,yfinance
PDMJEPAPER.NS,2026-10-08,252.0000,False,127.1800,2025-10-03,65.0000,2026-03-30,92.3700,300151.4000,99.6100,yfinance
PDSL.NS,2026-10-08,252.0000,False,418.5000,2026-07-14,246.0500,2026-03-23,336.9500,114659.6500,346.2000,yfinance
PEARLPOLY.NS,2026-10-08,252.0000,False,31.5000,2025-10-01,12.7500,2026-03-30,17.0900,12298.5500,15.6400,yfinance
PENIND.NS,2026-10-08,252.0000,False,279.9000,2025-11-07,129.1000,2026-03-30,171.8900,635754.7500,180.6200,yfinance
PENINLAND.NS,2026-10-08,252.0000,False,37.4200,2025-10-01,13.7500,2026-10-08,14.6000,194310.1000,15.6700,yfinance
PERSISTENT.NS,2026-10-08,252.0000,False,6599.0000,2025-12-23,4244.5000,2026-06-30,5468.0000,431466.1000,5560.0000,yfinance
PETRONET.NS,2026-10-08,252.0000,False,326.4000,2026-02-27,235.3500,2026-03-23,288.5000,2036502.7000,285.8000,yfinance
PFC.NS,2026-10-08,252.0000,False,486.5000,2026-04-28,313.3500,2026-10-01,323.7000,8941347.6000,355.9000,yfinance
PFIZER.NS,2026-10-08,252.0000,False,5578.5000,2025-10-13,3731.0000,2026-10-08,3750.0000,56067.6500,4310.7002,yfinance
PFOCUS.NS,2026-10-08,252.0000,False,367.0000,2026-04-17,161.0100,2025-11-11,271.9500,3877391.8000,313.1500,yfinance
PFS.NS,2026-10-08,252.0000,False,40.5000,2025-10-27,23.8500,2026-03-30,26.3900,2853356.1500,27.7100,yfinance
PGEL.NS,2026-10-08,252.0000,False,644.4000,2026-01-05,436.5500,2026-04-06,510.6000,1195574.2000,553.7000,yfinance
PGHH.NS,2026-10-08,252.0000,False,14509.0000,2025-10-07,6579.0000,2026-10-01,6857.0000,20853.9000,7736.0000,yfinance
PGHL.NS,2026-10-08,252.0000,False,6975.0000,2026-07-15,4707.0000,2026-04-06,5156.5000,13499.5500,5603.0000,yfinance
PGIL.NS,2026-10-08,252.0000,False,1357.9000,2026-09-28,600.0000,2025-10-08,1272.3000,249720.1000,1183.4000,yfinance
PHOENIXLTD.NS,2026-10-08,252.0000,False,2169.8000,2026-07-14,1465.6000,2026-03-24,1771.2000,446743.7500,1885.0000,yfinance
PICCADIL.NS,2026-10-08,252.0000,False,809.7000,2026-08-11,515.0000,2026-03-09,573.1000,129080.6000,608.3000,yfinance
PIDILITIND.NS,2026-10-08,252.0000,False,1707.5000,2026-08-14,1259.0000,2026-04-06,1460.1000,656581.4000,1593.0000,yfinance
PIGL.NS,2026-10-08,252.0000,False,184.8000,2025-10-10,88.0500,2026-06-01,96.2200,66483.6500,96.1300,yfinance
PIIND.NS,2026-10-08,252.0000,False,3832.8999,2025-11-10,2100.0000,2026-10-08,2100.0000,302727.1500,2395.0000,yfinance
PILANIINVS.NS,2026-10-08,252.0000,False,5980.0000,2025-10-23,3865.0000,2026-10-01,3948.5000,3022.1000,4261.7002,yfinance
PILITA.NS,2026-10-08,252.0000,False,14.1000,2025-09-30,6.2000,2026-03-30,7.3400,35827.8500,7.7500,yfinance
PINELABS.NS,2026-10-08,223.0000,True,284.0000,2025-11-14,134.7300,2026-05-27,169.7900,48453187.6000,169.5500,yfinance
PIONEEREMB.NS,2026-10-08,252.0000,False,38.5000,2025-10-10,19.6100,2026-03-30,20.5500,7736.2500,21.0200,yfinance
PIRAMALFIN.NS,2026-10-08,228.0000,True,2326.3999,2026-09-09,1260.0000,2025-11-07,1956.4000,404449.6500,2298.5000,yfinance
PITTIENG.NS,2026-10-08,252.0000,False,1228.0000,2026-09-07,675.0000,2026-01-21,1066.1000,92831.3500,1171.3000,yfinance
PIXTRANS.NS,2026-10-08,252.0000,False,2089.0000,2026-08-11,1252.0000,2026-01-21,1755.1000,86436.6500,1722.0000,yfinance
PKTEA.NS,2026-10-08,252.0000,False,1169.0000,2026-09-10,605.0000,2026-07-24,899.9000,7836.5500,972.7500,yfinance
PLASTIBLEN.NS,2026-10-08,252.0000,False,216.2900,2026-07-14,121.0100,2026-03-30,199.4700,42034.5000,191.2300,yfinance
PLATIND.NS,2026-10-08,252.0000,False,300.2500,2025-10-03,183.5000,2026-03-30,195.1700,73567.5500,232.4700,yfinance
PLAZACABLE.NS,2026-10-08,252.0000,False,66.0000,2026-09-15,27.0000,2026-03-30,56.4600,102241.9000,56.8400,yfinance
PNB.NS,2026-10-08,252.0000,False,135.1500,2026-01-19,98.5000,2026-05-18,115.2900,13967311.6000,116.0000,yfinance
PNBGILTS.NS,2026-10-08,252.0000,False,101.4500,2025-10-01,58.6000,2026-03-30,68.3900,487766.5500,81.2600,yfinance
PNBHOUSING.NS,2026-10-08,252.0000,False,1211.5000,2026-08-26,729.6000,2026-03-09,1150.0000,1039492.8000,1167.1000,yfinance
PNC.NS,2026-10-08,252.0000,False,32.8900,2025-10-03,15.7000,2026-09-29,16.7600,23098.8500,16.6600,yfinance
PNCINFRA.NS,2026-10-08,252.0000,False,295.9000,2025-10-03,116.4000,2026-09-16,134.4900,2373215.4000,177.0600,yfinance
PNGJL.NS,2026-10-08,252.0000,False,736.4000,2026-05-08,503.0000,2026-03-04,586.3000,386205.4500,627.4500,yfinance
PNGSREVA.NS,2026-10-08,148.0000,True,738.0000,2026-10-08,324.2500,2026-03-30,701.9500,1122162.6500,546.5500,yfinance
POCL.NS,2026-10-08,252.0000,False,647.6000,2026-05-14,392.2000,2026-03-23,432.4000,385190.8000,469.4500,yfinance
PODDARMENT.NS,2026-10-08,252.0000,False,333.4000,2026-09-08,201.1000,2026-03-30,250.2000,12564.0500,311.4500,yfinance
POKARNA.NS,2026-10-08,252.0000,False,1146.2000,2026-02-05,675.1000,2026-10-08,678.2500,145943.8000,786.6500,yfinance
POLICYBZR.NS,2026-10-08,252.0000,False,1964.2000,2025-12-09,945.1000,2026-10-05,996.0000,8361508.6000,1826.0000,yfinance
POLYCAB.NS,2026-10-08,252.0000,False,10126.0000,2026-06-22,6663.0000,2026-01-27,8151.0000,389611.2500,8373.5000,yfinance
POLYMED.NS,2026-10-08,252.0000,False,2094.3000,2025-11-11,1182.0000,2026-03-30,1605.2000,101582.4000,1730.1000,yfinance
POLYPLEX.NS,2026-10-08,252.0000,False,1264.0000,2026-08-12,740.0000,2026-03-30,998.9000,45087.2000,1149.6000,yfinance
PONNIERODE.NS,2026-10-08,252.0000,False,455.0000,2026-08-24,252.4000,2026-02-05,348.3500,44902.9000,378.5500,yfinance
POONAWALLA.NS,2026-10-08,252.0000,False,570.4000,2025-10-06,361.2000,2026-03-30,437.9000,1354313.3500,455.2500,yfinance
POWERGRID.NS,2026-10-08,252.0000,False,324.9500,2026-04-27,244.6500,2026-10-08,244.6500,10004573.6500,265.7500,yfinance
POWERICA.NS,2026-10-08,129.0000,True,676.9500,2026-06-24,365.1000,2026-04-02,585.0000,213378.5000,530.7000,yfinance
POWERINDIA.NS,2026-10-08,252.0000,False,38785.0000,2026-06-01,16111.0000,2026-01-16,30935.0000,99015.4500,31135.0000,yfinance
POWERMECH.NS,2026-10-08,252.0000,False,3007.5000,2026-06-22,1717.7000,2026-03-30,2445.8999,59138.1000,2415.1001,yfinance
PPAP.NS,2026-10-08,252.0000,False,379.5000,2026-07-13,176.0000,2026-03-30,236.1000,9440.6000,249.8000,yfinance
PPL.NS,2026-10-08,252.0000,False,334.4000,2026-06-30,163.2100,2026-03-30,243.6500,32591.4000,274.0500,yfinance
PPLPHARMA.NS,2026-10-08,252.0000,False,231.9300,2026-09-08,132.3000,2026-03-23,196.4300,3013001.0000,226.6200,yfinance
PRABHA.NS,2026-10-08,252.0000,False,262.8000,2026-09-09,137.9100,2026-07-23,212.3100,217559.7000,253.5500,yfinance
PRAENG.NS,2026-10-08,252.0000,False,33.8800,2025-10-31,17.0000,2026-03-30,18.1700,98681.6500,22.6900,yfinance
PRAJIND.NS,2026-10-08,252.0000,False,427.6500,2026-04-23,273.0000,2026-01-27,289.7500,453083.2000,338.8500,yfinance
PRAKASH.NS,2026-10-08,252.0000,False,172.9000,2025-11-03,110.2400,2026-01-27,115.3100,529919.2500,127.3000,yfinance
PRAKASHSTL.NS,2026-10-08,252.0000,False,6.5700,2025-12-30,3.3600,2026-10-08,3.4100,97240.5500,3.7500,yfinance
PRAXIS.NS,2026-10-08,252.0000,False,14.4400,2025-10-10,3.9100,2026-09-18,4.3600,101929.9000,4.6900,yfinance
PRECAM.NS,2026-10-08,252.0000,False,205.9000,2025-10-06,103.9800,2026-03-30,109.9200,197716.7500,121.7100,yfinance
PRECOT.NS,2026-10-08,252.0000,False,899.0000,2026-08-13,300.0500,2026-01-21,590.6500,4897.4500,682.9000,yfinance
PRECWIRE.NS,2026-10-08,252.0000,False,524.9000,2026-08-31,182.0000,2025-10-01,493.1500,643714.1500,480.2000,yfinance
PREMEXPLN.NS,2026-10-08,252.0000,False,829.8000,2026-06-30,378.4000,2026-03-30,689.0500,239587.6500,677.7000,yfinance
PREMIER.NS,2026-10-08,252.0000,False,3.8800,2025-10-10,2.4700,2026-10-05,2.6100,20226.4500,2.7800,yfinance
PREMIERENE.NS,2026-10-08,252.0000,False,1134.0000,2026-07-10,666.9000,2026-02-25,884.6500,1342049.5500,988.8000,yfinance
PREMIERPOL.NS,2026-10-08,252.0000,False,106.7000,2026-10-08,38.0000,2025-11-19,98.2500,1243641.2000,90.5600,yfinance
PRESTIGE.NS,2026-10-08,252.0000,False,1805.2000,2025-11-03,1090.0000,2026-04-02,1411.0000,608190.1000,1561.6000,yfinance
PRICOLLTD.NS,2026-10-08,252.0000,False,823.0000,2026-08-20,499.9000,2025-10-06,650.1000,444006.3500,758.6000,yfinance
PRIMESECU.NS,2026-10-08,252.0000,False,325.0000,2025-11-13,253.1000,2026-01-20,296.5000,34816.4000,279.4500,yfinance
PRIMO.NS,2026-10-08,252.0000,False,29.8000,2026-09-28,16.1000,2026-03-24,24.5800,591059.3000,20.4100,yfinance
PRINCEPIPE.NS,2026-10-08,252.0000,False,352.2000,2025-10-07,205.0000,2026-03-30,249.2500,126964.1000,285.7500,yfinance
PRITI.NS,2026-10-08,252.0000,False,85.0000,2025-10-20,30.5000,2026-09-29,31.6600,8870.5500,33.3500,yfinance
PRITIKAUTO.NS,2026-10-08,252.0000,False,20.9900,2026-06-22,10.4100,2026-03-30,15.4100,280306.7500,15.1500,yfinance
PRIVISCL.NS,2026-10-08,252.0000,False,3785.3000,2026-07-22,2345.3000,2025-10-03,3446.3000,125440.1000,3469.6001,yfinance
PROSTARM.NS,2026-10-08,252.0000,False,208.7000,2025-10-06,114.6400,2026-03-30,126.4600,367529.0500,135.2300,yfinance
PROTEAN.NS,2026-10-08,252.0000,False,909.5000,2025-10-03,444.0000,2026-03-30,638.7000,1982078.0000,499.6500,yfinance
PROZONER.NS,2026-10-08,252.0000,False,72.7700,2025-10-29,39.5500,2026-03-30,52.5000,474094.8500,48.9200,yfinance
PRSMJOHNSN.NS,2026-10-08,252.0000,False,165.9000,2025-10-23,96.3000,2026-10-08,96.8700,382555.0000,112.2700,yfinance
PRUDENT.NS,2026-10-08,252.0000,False,4105.5000,2026-08-31,2121.0000,2026-03-09,3210.6001,28899.3000,3277.5000,yfinance
PRUDMOULI.NS,2026-10-08,252.0000,False,29.6100,2025-09-30,11.2600,2026-03-30,13.9000,9967.8000,16.7900,yfinance
PSB.NS,2026-10-08,252.0000,False,32.4600,2025-10-31,20.5000,2026-03-30,20.8000,887043.9500,22.8600,yfinance
PSPPROJECT.NS,2026-10-08,252.0000,False,1143.0000,2026-07-06,569.2000,2026-03-30,747.4500,58115.1500,875.4000,yfinance
PTC.NS,2026-10-08,252.0000,False,229.5100,2026-05-07,148.0000,2026-10-08,148.5700,1516615.4000,154.2000,yfinance
PTCIL.NS,2026-10-08,252.0000,False,24800.0000,2026-10-07,14499.0000,2026-04-02,24470.0000,26496.9000,23730.0000,yfinance
PTL.NS,2026-10-08,252.0000,False,43.7700,2026-06-25,36.1000,2026-03-30,37.7900,32214.6000,38.4300,yfinance
PUNJABCHEM.NS,2026-10-08,252.0000,False,1533.9000,2025-11-03,876.6000,2026-03-30,1026.0000,4226.9000,1094.9000,yfinance
PURVA.NS,2026-10-08,252.0000,False,287.3000,2025-10-23,160.6900,2026-03-30,202.3900,230159.1500,216.3900,yfinance
PVP.NS,2026-10-08,252.0000,False,72.0400,2026-09-24,23.0000,2026-03-13,50.2500,1610375.4500,64.0700,yfinance
PVRINOX.NS,2026-10-08,252.0000,False,1374.8000,2026-10-07,907.4000,2026-03-30,1309.2000,769030.0000,1231.3000,yfinance
PVSL.NS,2026-10-08,252.0000,False,163.0000,2025-10-16,82.4100,2026-03-16,92.0600,26532.3000,101.6300,yfinance
PWL.NS,2026-10-08,221.0000,True,161.9900,2025-11-18,77.7200,2026-03-04,140.4800,12708986.1500,126.6300,yfinance
PYRAMID.NS,2026-10-08,252.0000,False,198.6900,2026-07-28,131.8000,2026-03-30,150.6800,45010.0000,151.6700,yfinance
QMSMEDI.NS,2026-10-08,252.0000,False,216.7900,2026-09-29,68.9500,2026-03-17,192.5200,84091.3500,155.1700,yfinance
QPOWER.NS,2026-10-08,252.0000,False,1681.0000,2026-10-06,581.0000,2026-01-27,1532.2000,343963.9000,1519.7000,yfinance
QUADFUTURE.NS,2026-10-08,252.0000,False,567.2000,2026-09-30,248.5500,2025-12-18,505.7500,1452579.2500,441.0000,yfinance
QUESS.NS,2026-10-08,252.0000,False,388.7500,2026-08-31,166.3000,2026-03-30,320.7500,503503.2000,337.5000,yfinance
QUICKHEAL.NS,2026-10-08,252.0000,False,371.4000,2025-10-16,125.0000,2026-03-30,137.0300,208018.5500,153.4400,yfinance
QUINTEGRA.NS,2026-10-08,252.0000,False,2.0500,2025-10-20,1.1000,2026-09-15,1.6100,6467.1500,1.1500,yfinance
RACE.NS,2026-10-08,252.0000,False,240.0000,2025-10-16,84.1100,2026-03-30,101.0600,113671.5000,97.5000,yfinance
RACLGEAR.NS,2026-10-08,252.0000,False,1927.7000,2026-09-17,921.8000,2026-01-27,1502.0000,120188.3500,1540.2000,yfinance
RADAAN.NS,2026-10-08,252.0000,False,3.9900,2025-12-17,2.3500,2026-03-30,2.8200,65795.3500,2.9800,yfinance
RADHIKAJWE.NS,2026-10-08,252.0000,False,97.5000,2026-09-08,50.0100,2026-03-30,68.1600,709509.6500,87.9600,yfinance
RADIANTCMS.NS,2026-10-08,252.0000,False,57.4900,2025-10-08,32.3300,2026-03-30,33.4500,303529.6500,41.2400,yfinance
RADICO.NS,2026-10-08,252.0000,False,4747.0000,2026-08-19,2500.0000,2026-03-02,4415.0000,297283.5500,4485.0000,yfinance
RADIOCITY.NS,2026-10-08,252.0000,False,8.6400,2025-10-01,4.5000,2026-03-30,5.7100,74126.5000,6.1100,yfinance
RAILTEL.NS,2026-10-08,252.0000,False,400.8000,2025-10-08,245.0000,2026-03-30,248.1000,852721.6000,266.3000,yfinance
RAIN.NS,2026-10-08,252.0000,False,252.0000,2026-08-07,99.9000,2025-12-09,211.6000,3927021.2500,217.8100,yfinance
RAINBOW.NS,2026-10-08,252.0000,False,1610.0000,2026-08-05,1084.0000,2026-03-23,1230.7000,167115.2500,1449.9000,yfinance
RAJMET.NS,2026-10-08,252.0000,False,5.2800,2025-12-30,2.7200,2026-03-24,3.0600,225672.9000,3.2500,yfinance
RAJOOENG.NS,2026-10-08,252.0000,False,95.0600,2025-10-07,46.0000,2026-03-30,59.9200,540455.2500,53.7000,yfinance
RAJPALAYAM.NS,2026-10-08,122.0000,True,875.0000,2026-06-02,314.4500,2026-04-15,721.0000,1541.5500,785.0000,yfinance
RAJRATAN.NS,2026-10-08,252.0000,False,563.9500,2026-08-05,305.5500,2025-10-08,444.2500,128892.6500,496.8000,yfinance
RAJRILTD.NS,2026-10-08,252.0000,False,28.4700,2025-09-30,19.4100,2026-03-30,20.8100,9654.6000,21.3400,yfinance
RAJSREESUG.NS,2026-10-08,252.0000,False,42.4800,2025-12-11,24.6500,2026-03-23,27.2600,100686.4000,35.4900,yfinance
RAJTV.NS,2026-10-08,252.0000,False,46.9000,2025-12-17,7.7000,2026-09-11,10.0100,70507.6000,8.6400,yfinance
RALLIS.NS,2026-10-08,252.0000,False,315.0000,2025-10-06,195.0500,2026-10-08,195.7600,509028.6000,205.2900,yfinance
RAMANEWS.NS,2026-10-08,252.0000,False,42.0000,2026-03-11,27.0500,2025-11-07,28.5900,18346.5500,33.7400,yfinance
RAMAPHO.NS,2026-10-08,252.0000,False,217.1900,2025-11-10,103.5000,2026-03-30,110.0900,25487.7000,124.7400,yfinance
RAMASTEEL.NS,2026-10-08,252.0000,False,11.2900,2025-12-12,3.4300,2026-03-30,4.1500,2618165.3000,4.1700,yfinance
RAMBHAJO.NS,2026-10-08,70.0000,True,364.8000,2026-10-08,161.6000,2026-07-07,356.5500,867757.9000,275.0400,yfinance
RAMCOCEM.NS,2026-10-08,252.0000,False,1214.5000,2026-02-09,811.6000,2026-10-08,817.9000,214809.4500,871.4500,yfinance
RAMCOIND.NS,2026-10-08,252.0000,False,395.5000,2026-08-10,230.6500,2026-03-30,290.7500,92811.3000,321.5000,yfinance
RAMCOSYS.NS,2026-10-08,252.0000,False,967.5000,2026-07-07,342.1000,2026-03-30,537.4500,54297.7000,609.1500,yfinance
RAMKY.NS,2026-10-08,252.0000,False,705.0000,2025-10-07,264.5000,2026-10-01,269.8000,52356.4000,337.6000,yfinance
RAMRAT.NS,2026-10-08,252.0000,False,662.8500,2026-10-05,268.0000,2026-01-20,611.1500,334321.0000,531.2500,yfinance
RANASUG.NS,2026-10-08,252.0000,False,16.4500,2026-08-24,10.2100,2026-01-27,13.4600,416704.4000,14.9000,yfinance
RANEHOLDIN.NS,2026-10-08,252.0000,False,1894.5000,2026-08-04,981.0000,2026-03-30,1513.1000,9942.0000,1691.8000,yfinance
RATEGAIN.NS,2026-10-08,252.0000,False,1050.0000,2026-08-06,437.0000,2026-03-30,830.9500,263685.8500,862.7000,yfinance
RATNAMANI.NS,2026-10-08,252.0000,False,3345.0000,2026-05-11,1936.5000,2026-02-11,2498.8999,47624.0500,2803.8000,yfinance
RATNAVEER.NS,2026-10-08,252.0000,False,357.7000,2026-10-05,130.5000,2026-03-30,331.3500,7283313.0500,297.8000,yfinance
RAYMOND.NS,2026-10-08,252.0000,False,1339.0000,2026-10-06,320.0000,2026-03-30,1167.1000,5476190.4000,857.8000,yfinance
RAYMONDLSL.NS,2026-10-08,252.0000,False,1246.4000,2025-10-23,593.9000,2026-10-08,596.4000,348710.2000,696.8500,yfinance
RAYMONDREL.NS,2026-10-08,252.0000,False,741.9500,2026-09-25,349.0000,2026-03-16,679.9000,2885038.2000,582.5000,yfinance
RBA.NS,2026-10-08,252.0000,False,111.1500,2026-08-24,57.1500,2026-03-30,92.6100,3229488.1500,95.5400,yfinance
RBLBANK.NS,2026-10-08,252.0000,False,429.6000,2026-09-23,261.6000,2025-10-01,400.7000,3504362.6500,418.5000,yfinance
RBZJEWEL.NS,2026-10-08,252.0000,False,207.6600,2026-09-30,100.0000,2026-03-30,193.9800,115437.3000,181.1800,yfinance
RCF.NS,2026-10-08,252.0000,False,157.2000,2025-11-18,103.1000,2026-10-08,103.5000,1073121.7500,113.7300,yfinance
RCOM.NS,2026-10-08,252.0000,False,1.5100,2025-10-06,0.7500,2026-03-05,0.8500,3436715.2000,0.8900,yfinance
RECLTD.NS,2026-10-08,252.0000,False,390.3000,2025-10-01,286.2000,2026-10-01,295.0000,6959886.9000,317.8500,yfinance
REDINGTON.NS,2026-10-08,252.0000,False,419.5000,2026-09-23,191.3100,2026-04-02,388.0000,5722502.6500,373.5500,yfinance
REDTAPE.NS,2026-10-08,252.0000,False,158.9900,2026-05-27,107.5300,2026-01-27,113.1600,2191371.5500,115.5800,yfinance
REFEX.NS,2026-10-08,252.0000,False,382.4000,2025-10-07,188.0000,2026-03-23,258.7000,623972.4500,275.8500,yfinance
REGAAL.NS,2026-10-08,252.0000,False,103.0000,2026-08-19,57.2700,2026-02-02,83.3400,850481.8500,87.3000,yfinance
REGENCERAM.NS,2026-10-08,252.0000,False,54.9900,2025-10-23,30.0000,2026-07-31,30.8600,18737.9000,34.2300,yfinance
RELAXO.NS,2026-10-08,252.0000,False,454.7500,2025-10-08,236.5000,2026-03-30,281.8000,262842.8000,333.7000,yfinance
RELCHEMQ.NS,2026-10-08,252.0000,False,163.0000,2025-11-14,105.0100,2026-03-30,111.3300,11247.2500,114.0900,yfinance
RELIABLE.NS,2026-10-08,252.0000,False,175.0000,2026-02-04,104.7400,2026-03-27,139.7600,26046.3500,140.6700,yfinance
RELIANCE.NS,2026-10-08,252.0000,False,1611.8000,2026-01-05,1160.8000,2026-10-01,1178.0000,13101641.1000,1294.9000,yfinance
RELIGARE.NS,2026-10-08,252.0000,False,280.0000,2026-06-25,196.5100,2026-03-09,220.5700,838238.8000,254.6100,yfinance
RELINFRA.NS,2026-10-08,252.0000,False,255.7900,2025-10-03,42.5600,2026-09-30,56.4700,394156.4500,57.0000,yfinance
RELTD.NS,2026-10-08,252.0000,False,196.4500,2026-07-09,114.5926,2026-06-01,143.8100,164874.0500,155.3900,yfinance
REMSONSIND.NS,2026-10-08,252.0000,False,152.4500,2025-11-04,75.2300,2026-07-15,98.9500,639161.1000,97.2600,yfinance
RENUKA.NS,2026-10-08,252.0000,False,31.3500,2025-10-08,20.9500,2026-10-01,21.6300,12651132.0000,25.1900,yfinance
REPCOHOME.NS,2026-10-08,252.0000,False,455.9000,2025-11-06,325.6500,2026-10-06,337.1000,81998.7500,361.3500,yfinance
REPL.NS,2026-10-08,252.0000,False,154.4900,2025-10-06,54.0500,2026-10-07,55.7800,3767.3000,61.0000,yfinance
REPRO.NS,2026-10-08,252.0000,False,590.0000,2025-11-14,276.1000,2026-09-25,295.9500,53680.3000,319.4000,yfinance
RESPONIND.NS,2026-10-08,252.0000,False,240.9000,2026-07-20,117.2500,2026-04-02,152.9900,1411221.8500,148.2300,yfinance
RETAIL.NS,2026-10-08,252.0000,False,36.5400,2025-10-06,15.8100,2026-03-30,28.4800,26157.5500,17.2300,yfinance
RGL.NS,2026-10-08,252.0000,False,173.8000,2026-09-23,85.0000,2026-03-23,155.6300,955675.7000,150.0000,yfinance
RHETAN.NS,2026-10-08,252.0000,False,34.8700,2026-08-11,14.4200,2026-09-28,18.2600,11084255.2000,28.0000,yfinance
RHIM.NS,2026-10-08,252.0000,False,508.3000,2025-10-07,323.0500,2026-03-30,367.1000,1127845.8000,371.7000,yfinance
RHL.NS,2026-10-08,252.0000,False,273.9000,2025-10-15,160.3000,2026-10-01,161.2900,4018.0500,166.6600,yfinance
RICOAUTO.NS,2026-10-08,252.0000,False,157.9900,2026-08-05,78.9200,2025-11-07,117.8800,777652.9500,132.3800,yfinance
RIIL.NS,2026-10-08,252.0000,False,964.0000,2025-10-08,617.3500,2026-03-30,682.6000,63995.8500,729.7000,yfinance
RISHABH.NS,2026-10-08,252.0000,False,852.0000,2026-09-09,315.0000,2026-01-27,644.9000,176580.7500,808.3000,yfinance
RITCO.NS,2026-10-08,252.0000,False,331.1500,2026-09-07,167.1000,2026-04-02,272.5000,70712.7000,318.4500,yfinance
RITES.NS,2026-10-08,252.0000,False,259.7000,2025-11-21,175.0000,2026-03-30,195.8500,3991076.9000,212.9700,yfinance
RKDL.NS,2026-10-08,252.0000,False,28.2000,2025-10-03,16.0000,2026-10-08,16.2000,14242.9500,18.3600,yfinance
RKEC.NS,2026-10-08,252.0000,False,75.6500,2025-10-01,17.4000,2026-09-22,20.4700,101096.8000,20.4500,yfinance
RKFORGE.NS,2026-10-08,252.0000,False,772.8000,2026-08-19,460.1500,2026-03-23,700.7500,585875.1000,701.3000,yfinance
RKSWAMY.NS,2026-10-08,252.0000,False,150.0100,2025-10-06,67.1500,2026-03-30,87.4000,24152.9500,94.3400,yfinance
RMC.NS,2026-10-08,129.0000,True,530.0000,2026-04-23,185.1000,2026-10-08,186.4600,54846.4000,226.1900,yfinance
RMDRIP.NS,2026-10-08,252.0000,False,72.2167,2026-02-25,14.8100,2026-06-04,21.6200,394557.8500,22.9100,yfinance
RML.NS,2026-10-08,252.0000,False,1440.0000,2026-09-10,608.5000,2026-03-30,1279.6000,65733.6500,1390.0000,yfinance
RNBDENIMS.NS,2026-10-08,252.0000,False,67.6667,2026-02-25,7.7200,2026-08-21,8.6900,127363.8500,10.0900,yfinance
ROHLTD.NS,2026-10-08,252.0000,False,562.9500,2025-10-06,269.4000,2026-03-30,294.9000,14889.2500,308.0000,yfinance
ROLEXRINGS.NS,2026-10-08,252.0000,False,199.0000,2026-10-05,99.7900,2025-11-24,170.1400,2415650.2000,175.5200,yfinance
ROLLT.NS,2026-10-08,252.0000,False,6.5700,2026-09-23,1.0700,2025-11-28,5.2000,635933.3000,4.8000,yfinance
ROML.NS,2026-10-08,252.0000,False,62.0000,2025-10-07,35.1100,2026-03-30,41.1600,1853.2000,42.2600,yfinance
ROSSARI.NS,2026-10-08,252.0000,False,690.3000,2025-10-16,375.0000,2026-03-30,409.8000,62213.9500,454.6000,yfinance
ROSSELLIND.NS,2026-10-08,252.0000,False,73.0000,2026-08-27,40.0000,2026-01-27,51.2500,36029.6000,56.5100,yfinance
ROSSTECH.NS,2026-10-08,252.0000,False,1699.0000,2026-10-06,551.9000,2026-01-12,1570.1000,526928.9500,1218.0000,yfinance
ROTO.NS,2026-10-08,252.0000,False,80.7700,2025-12-19,47.5000,2026-03-30,60.7300,440582.2000,65.4400,yfinance
ROUTE.NS,2026-10-08,252.0000,False,815.0000,2025-10-01,410.7000,2026-03-30,414.8000,241283.2500,502.5500,yfinance
RPEL.NS,2026-10-08,252.0000,False,1943.7000,2026-09-04,561.3000,2026-03-30,1717.2000,121296.2000,1692.6000,yfinance
RPGLIFE.NS,2026-10-08,252.0000,False,3127.8000,2026-09-25,1733.0000,2026-03-23,2811.7000,40759.3000,2802.6001,yfinance
RPOWER.NS,2026-10-08,252.0000,False,50.7300,2025-10-10,19.0900,2026-10-01,19.8000,24181145.1000,21.7100,yfinance
RPPINFRA.NS,2026-10-08,252.0000,False,131.2500,2025-09-30,50.1000,2026-10-06,53.4400,117393.3500,53.6800,yfinance
RPPL.NS,2026-10-08,252.0000,False,26.9700,2026-08-07,14.2500,2026-03-30,18.6600,49415.3000,22.5200,yfinance
RPSGVENT.NS,2026-10-08,252.0000,False,1179.0000,2026-04-07,551.9000,2026-03-23,844.6500,36989.5000,819.0500,yfinance
RPTECH.NS,2026-10-08,252.0000,False,1004.7000,2026-09-30,313.0500,2025-10-07,898.8000,380958.5500,817.9500,yfinance
RRKABEL.NS,2026-10-08,252.0000,False,2983.8000,2026-08-24,1218.9000,2025-10-24,2696.3999,361889.0000,2448.5000,yfinance
RSL.NS,2026-10-08,137.0000,True,202.2200,2026-09-22,101.7000,2026-03-30,171.9400,502399.9000,190.2100,yfinance
RSSOFTWARE.NS,2026-10-08,252.0000,False,75.2500,2025-10-10,21.9300,2026-03-30,28.6600,19288.1500,29.0900,yfinance
RSWM.NS,2026-10-08,252.0000,False,238.0000,2026-08-05,120.0000,2026-03-30,195.7900,68472.9000,225.7000,yfinance
RSYSTEMS.NS,2026-10-08,252.0000,False,435.9000,2025-10-30,213.5200,2026-07-06,242.8500,7673036.4500,245.8900,yfinance
RTNINDIA.NS,2026-10-08,252.0000,False,54.5000,2025-10-06,24.4000,2026-03-09,25.0300,1601528.0500,28.0500,yfinance
RTNPOWER.NS,2026-10-08,252.0000,False,11.9400,2025-10-10,6.3600,2026-10-08,6.4300,15209249.1500,7.2800,yfinance
RUBFILA.NS,2026-10-08,252.0000,False,86.4800,2025-10-01,57.3100,2026-03-30,63.7200,51468.8500,70.1800,yfinance
RUBICON.NS,2026-10-08,241.0000,True,1899.0000,2026-08-28,570.7500,2025-10-24,1535.4000,261680.4000,1860.6000,yfinance
RUBYMILLS.NS,2026-10-08,252.0000,False,523.8000,2026-10-07,169.0200,2026-03-02,485.0500,33469.4000,450.3000,yfinance
RUCHINFRA.NS,2026-10-08,252.0000,False,7.7200,2025-10-03,4.0500,2026-03-30,4.7900,76045.0500,5.6300,yfinance
RUCHIRA.NS,2026-10-08,252.0000,False,151.2500,2025-10-03,95.1700,2026-03-30,100.3500,28019.4000,112.1700,yfinance
RUDRA.NS,2026-10-08,198.0000,True,29.7000,2025-12-22,14.6300,2026-03-30,19.3800,66949.5000,19.7700,yfinance
RUPA.NS,2026-10-08,252.0000,False,209.9000,2025-10-03,109.2100,2026-03-30,124.1400,132472.7000,142.1800,yfinance
RUSHIL.NS,2026-10-08,252.0000,False,30.0000,2025-10-03,12.4900,2026-03-30,14.9400,487880.6500,16.0700,yfinance
RUSTOMJEE.NS,2026-10-08,252.0000,False,634.0000,2025-10-08,331.9000,2026-09-11,359.0000,101678.4500,357.5500,yfinance
RVHL.NS,2026-10-08,252.0000,False,62.1500,2025-10-15,28.5000,2026-03-30,37.3100,7977.8500,39.9900,yfinance
RVNL.NS,2026-10-08,252.0000,False,400.7000,2025-12-29,186.9000,2026-10-08,187.2000,5029516.1000,207.5000,yfinance
RVTH.NS,2026-10-08,252.0000,False,1128.0000,2025-10-09,491.1000,2026-03-16,728.5500,3527.9500,752.4500,yfinance
S&SPOWER.NS,2026-10-08,252.0000,False,444.9500,2026-04-28,193.5000,2025-12-09,275.2000,4679.9500,350.7000,yfinance
SAATVIKGL.NS,2026-10-08,252.0000,False,567.0000,2025-10-10,328.0000,2026-03-09,397.2500,170169.4000,415.9500,yfinance
SADBHAV.NS,2026-10-08,252.0000,False,14.7000,2025-12-23,6.0500,2026-02-06,6.7200,199514.2000,7.9900,yfinance
SADBHIN.NS,2026-10-08,252.0000,False,4.7900,2026-02-11,2.0600,2026-04-02,2.6700,106947.6500,2.6000,yfinance
SADHNANIQ.NS,2026-10-08,252.0000,False,10.8000,2025-10-14,1.2700,2026-03-25,2.5500,1594709.5000,2.8200,yfinance
SAFARI.NS,2026-10-08,252.0000,False,2507.1001,2025-11-26,1280.0000,2026-10-08,1289.3000,42903.1000,1533.7000,yfinance
SAGARDEEP.NS,2026-10-08,252.0000,False,31.4800,2025-10-06,20.8100,2026-03-30,22.4000,6530.7000,23.9800,yfinance
SAGCEM.NS,2026-10-08,252.0000,False,258.1000,2025-10-03,140.1000,2026-10-08,144.3700,44306.0500,151.8200,yfinance
SAGILITY.NS,2026-10-08,252.0000,False,57.8900,2025-10-30,35.8300,2026-03-23,43.3500,13168710.2000,45.7000,yfinance
SAHLIBHFI.NS,2026-10-08,124.0000,True,91.9500,2026-09-03,66.6000,2026-08-24,77.9100,20381.9500,84.9500,yfinance
SAHYADRI.NS,2026-10-08,252.0000,False,408.9500,2026-09-15,200.1000,2026-03-30,338.9000,9101.5000,385.0000,yfinance
SAIL.NS,2026-10-08,252.0000,False,209.7000,2026-05-14,124.0000,2025-12-19,166.2500,14744174.2000,186.1000,yfinance
SAILIFE.NS,2026-10-08,252.0000,False,1697.0000,2026-09-09,783.8500,2026-02-05,1505.6000,572153.8000,1647.1000,yfinance
SAIPARENT.NS,2026-10-08,129.0000,True,706.0000,2026-07-02,400.0000,2026-04-02,500.4500,97258.5000,529.7000,yfinance
SAKAR.NS,2026-10-08,252.0000,False,1229.8500,2026-09-23,345.5000,2025-10-13,1002.4000,115818.1500,1157.8500,yfinance
SAKHTISUG.NS,2026-10-08,252.0000,False,23.2900,2026-08-24,13.5200,2026-03-23,17.8800,167477.3500,19.9300,yfinance
SAKSOFT.NS,2026-10-08,252.0000,False,222.9900,2025-11-20,107.5900,2026-03-30,132.8000,249628.1500,149.9800,yfinance
SAKUMA.NS,2026-10-08,252.0000,False,3.1000,2025-10-29,1.1000,2026-03-30,1.4900,1066019.8000,1.6300,yfinance
SALASAR.NS,2026-10-08,252.0000,False,10.9900,2025-10-30,3.8000,2026-09-30,4.0900,5834655.8000,5.1400,yfinance
SALONA.NS,2026-10-08,252.0000,False,320.0000,2026-06-02,200.0000,2026-08-06,277.0000,746.1000,259.3000,yfinance
SALSTEEL.NS,2026-10-08,252.0000,False,102.4000,2026-10-01,26.1000,2025-10-09,88.9300,746234.9000,79.6300,yfinance
SALZERELEC.NS,2026-10-08,252.0000,False,952.5000,2025-10-10,488.8000,2026-03-30,510.3000,40363.3500,550.5500,yfinance
SAMBHAAV.NS,2026-10-08,252.0000,False,11.5300,2025-11-24,4.9900,2026-10-07,5.6100,50697.9500,5.9600,yfinance
SAMBHV.NS,2026-10-08,252.0000,False,171.7000,2026-10-05,81.4200,2026-01-27,157.3100,7681417.9000,128.6700,yfinance
SAMHI.NS,2026-10-08,252.0000,False,217.3000,2025-10-29,127.0000,2026-03-30,143.8900,1768228.3000,155.6100,yfinance
SAMMAANCAP.NS,2026-10-08,252.0000,False,192.9500,2025-11-03,127.4000,2026-10-08,127.8200,4253352.2000,153.0000,yfinance
SAMPANN.NS,2026-10-08,252.0000,False,43.4400,2025-11-06,23.0700,2026-09-25,23.7800,16896.4000,24.3500,yfinance
SANATHAN.NS,2026-10-08,252.0000,False,544.3000,2026-09-24,352.6000,2026-03-30,502.6500,151302.3000,470.5000,yfinance
SANDESH.NS,2026-10-08,252.0000,False,1270.0000,2026-08-07,811.0000,2026-03-30,990.3500,690.7000,1051.1000,yfinance
SANDHAR.NS,2026-10-08,252.0000,False,763.2000,2026-06-12,424.0000,2026-03-30,534.1500,120617.8000,626.3500,yfinance
SANDUMA.NS,2026-10-08,252.0000,False,273.0000,2026-01-05,166.5000,2025-10-01,179.1500,534090.9000,196.5700,yfinance
SANGAMIND.NS,2026-10-08,252.0000,False,672.5000,2026-07-20,391.2000,2025-10-09,602.9500,54177.2500,580.0000,yfinance
SANGHVIMOV.NS,2026-10-08,252.0000,False,528.0000,2026-08-10,223.8000,2026-03-16,389.2000,311720.3500,441.2000,yfinance
SANOFI.NS,2026-10-08,252.0000,False,4898.0000,2025-10-29,2967.0000,2026-10-08,2979.7000,18818.0000,3114.8999,yfinance
SANOFICONR.NS,2026-10-08,252.0000,False,5255.0000,2026-05-14,3573.3999,2026-10-08,3600.5000,7005.6000,4075.6001,yfinance
SANSERA.NS,2026-10-08,252.0000,False,4743.5000,2026-09-23,1364.2000,2025-10-01,4129.3999,344015.9000,4033.6001,yfinance
SANSTAR.NS,2026-10-08,252.0000,False,137.4900,2026-06-24,74.3000,2026-04-02,97.4200,141749.6500,109.6200,yfinance
SAPPHIRE.NS,2026-10-08,252.0000,False,310.5000,2025-10-30,139.9100,2026-04-02,205.1100,849792.9500,226.6100,yfinance
SARDAEN.NS,2026-10-08,252.0000,False,624.0000,2026-04-28,453.1000,2026-01-21,491.9000,568346.4000,519.8500,yfinance
SAREGAMA.NS,2026-10-08,252.0000,False,574.5000,2026-08-05,307.0500,2026-03-09,481.8500,383692.1000,497.1000,yfinance
SARLAPOLY.NS,2026-10-08,252.0000,False,111.0000,2026-08-06,68.4000,2026-03-30,93.6900,45947.6000,101.4700,yfinance
SARVESHWAR.NS,2026-10-08,252.0000,False,6.6400,2025-10-08,2.5000,2026-03-30,3.5700,2384251.7500,4.0300,yfinance
SASKEN.NS,2026-10-08,252.0000,False,2780.2000,2026-06-19,991.0000,2026-03-16,1598.1000,25660.5500,1894.3000,yfinance
SATIA.NS,2026-10-08,252.0000,False,83.8000,2025-10-06,50.8000,2026-03-30,67.6400,111331.5500,67.8300,yfinance
SATIN.NS,2026-10-08,252.0000,False,274.1400,2026-07-27,135.8100,2025-12-09,217.3900,558159.1500,217.4900,yfinance
SAURASHCEM.NS,2026-10-08,252.0000,False,112.2500,2025-10-03,47.6500,2026-03-30,49.6800,93738.4000,56.1100,yfinance
SAYAJIHOTL.NS,2026-10-08,123.0000,True,365.2000,2026-08-28,138.7000,2026-04-13,306.6000,129.1500,320.0000,yfinance
SBC.NS,2026-10-08,252.0000,False,64.4300,2026-10-06,21.4300,2025-10-01,63.2100,16230986.6000,46.7700,yfinance
SBCL.NS,2026-10-08,252.0000,False,1215.7000,2026-09-04,368.6000,2026-03-30,1050.6000,249390.1500,1105.2000,yfinance
SBFC.NS,2026-10-08,252.0000,False,123.0000,2025-11-03,79.6000,2026-03-30,81.2800,1374976.0000,97.3500,yfinance
SBGLP.NS,2026-10-08,252.0000,False,40.9000,2025-12-19,18.3500,2026-03-30,22.5000,222898.4500,23.8100,yfinance
SBICARD.NS,2026-10-08,252.0000,False,965.0000,2025-10-23,547.6500,2026-10-08,547.6500,1280168.0000,668.0000,yfinance
SBILIFE.NS,2026-10-08,252.0000,False,2132.0000,2026-02-23,1652.9000,2026-09-15,1682.5000,1283385.1500,1696.6000,yfinance
SBIN.NS,2026-10-08,252.0000,False,1234.7000,2026-02-24,857.2500,2025-10-08,940.0000,8677464.3000,1008.0000,yfinance
SCHAEFFLER.NS,2026-10-08,252.0000,False,4467.7002,2026-03-06,3518.3999,2026-01-22,3736.7000,51910.6500,3954.6001,yfinance
SCHAND.NS,2026-10-08,252.0000,False,200.0000,2025-09-30,127.7300,2026-09-16,141.8500,29151.7500,136.6400,yfinance
SCHNEIDER.NS,2026-10-08,252.0000,False,1548.0000,2026-07-08,571.8500,2026-01-21,1191.4000,286411.5000,1229.7000,yfinance
SCI.NS,2026-10-08,252.0000,False,368.7500,2026-05-11,195.5500,2026-01-27,280.7500,2855076.7500,288.7500,yfinance
SCILAL.NS,2026-10-08,252.0000,False,55.0000,2026-05-07,34.3000,2026-03-30,36.9500,291916.1000,38.7700,yfinance
SCODATUBES.NS,2026-10-08,252.0000,False,181.4800,2025-11-13,110.0000,2026-03-16,119.6900,398897.1500,129.8500,yfinance
SCPL.NS,2026-10-08,252.0000,False,690.0000,2026-08-21,190.0300,2025-12-09,608.8500,8490.5000,662.2000,yfinance
SDBL.NS,2026-10-08,252.0000,False,136.0000,2025-10-17,61.8000,2026-03-30,70.4800,2667204.4500,72.3900,yfinance
SEAMECLTD.NS,2026-10-08,252.0000,False,1849.0000,2026-09-11,771.7500,2025-11-10,1572.7000,56094.6000,1782.6000,yfinance
SECMARK.NS,2026-10-08,252.0000,False,179.5000,2026-08-31,95.0500,2026-01-21,139.8000,2945.3500,139.3300,yfinance
SECURKLOUD.NS,2026-10-08,252.0000,False,34.1800,2025-11-24,14.5000,2026-10-07,15.1700,24000.9500,16.9900,yfinance
SEDEMAC.NS,2026-10-08,143.0000,True,3650.0000,2026-10-05,1413.1000,2026-03-12,3232.1001,265112.5500,2867.5000,yfinance
SEJALLTD.NS,2026-10-08,252.0000,False,1036.7000,2025-10-28,381.0000,2026-04-02,678.5500,24129.3000,651.3500,yfinance
SEMAC.NS,2026-10-08,252.0000,False,519.2500,2025-10-07,205.0000,2026-03-09,217.8100,1058.4000,285.9500,yfinance
SENCO.NS,2026-10-08,252.0000,False,430.0000,2026-07-27,276.0000,2026-03-30,337.1000,3148807.9500,361.8500,yfinance
SENORES.NS,2026-10-08,252.0000,False,1599.0000,2026-08-24,684.6000,2025-10-01,1325.6000,243415.4500,1509.8000,yfinance
SEPC.NS,2026-10-08,252.0000,False,12.2400,2025-10-03,4.6500,2026-03-23,4.9300,7494069.1000,5.3400,yfinance
SERVOTECH.NS,2026-10-08,252.0000,False,141.5000,2025-10-07,57.5100,2026-01-30,68.5600,485583.5500,79.0600,yfinance
SESHAPAPER.NS,2026-10-08,252.0000,False,293.1100,2026-02-18,209.9600,2026-06-24,229.9900,60048.0000,243.9800,yfinance
SETCO.NS,2026-10-08,252.0000,False,28.6200,2026-06-01,11.5600,2026-01-29,18.1100,52400.9000,17.0800,yfinance
SETL.NS,2026-10-08,252.0000,False,468.1500,2026-09-11,104.5600,2026-03-30,408.3500,869106.8500,404.5000,yfinance
SEYAIND.NS,2026-10-08,252.0000,False,23.9900,2025-11-06,8.5400,2026-03-11,12.7500,9623.8500,12.2300,yfinance
SFL.NS,2026-10-08,252.0000,False,832.4500,2026-08-04,456.8000,2026-03-30,606.0500,162682.4500,675.9500,yfinance
SGFIN.NS,2026-10-08,252.0000,False,727.4500,2026-08-05,323.0000,2026-02-02,645.9000,402007.7500,676.1500,yfinance
SGIL.NS,2026-10-08,252.0000,False,697.9500,2026-09-23,420.0000,2026-02-12,606.3500,13318.2000,588.5000,yfinance
SGL.NS,2026-10-08,252.0000,False,15.9900,2025-09-30,8.4000,2026-03-30,9.1400,21557.0500,9.8700,yfinance
SGMART.NS,2026-10-08,252.0000,False,860.6000,2026-08-26,313.1000,2026-01-21,743.4500,253027.0000,809.5000,yfinance
SHADOWFAX.NS,2026-10-08,172.0000,True,296.3500,2026-10-07,98.5500,2026-01-30,286.1000,4606608.6000,249.7500,yfinance
SHAH.NS,2026-10-08,252.0000,False,5.8800,2026-05-07,2.5600,2026-08-26,2.9500,1369602.7000,3.3600,yfinance
SHAHALLOYS.NS,2026-10-08,252.0000,False,116.8500,2026-08-31,53.1000,2026-03-30,80.0000,39167.7000,100.0900,yfinance
SHAILY.NS,2026-10-08,252.0000,False,3615.2000,2026-08-11,1770.9000,2026-04-15,3053.0000,155014.4500,3407.8000,yfinance
SHAKTIPUMP.NS,2026-10-08,252.0000,False,831.0500,2025-10-03,423.0000,2026-10-08,426.6500,1169886.4500,473.0000,yfinance
SHALBY.NS,2026-10-08,252.0000,False,273.0000,2025-10-06,125.8200,2026-03-30,130.4200,138842.0500,149.8200,yfinance
SHALPAINTS.NS,2026-10-08,252.0000,False,95.9500,2026-08-17,35.2100,2026-03-30,76.1600,105198.1000,84.1200,yfinance
SHANKARA.NS,2026-10-08,252.0000,False,197.4000,2025-09-30,98.2500,2026-02-25,115.3000,107156.8000,148.3400,yfinance
SHANTI.NS,2026-10-08,252.0000,False,12.2600,2025-10-07,4.7000,2026-03-25,5.5600,42909.6000,6.4600,yfinance
SHANTIGEAR.NS,2026-10-08,252.0000,False,743.0000,2026-09-10,384.0000,2026-08-18,557.0000,139985.9500,704.0000,yfinance
SHANTIGOLD.NS,2026-10-08,252.0000,False,361.3500,2026-10-08,155.0000,2026-03-30,350.6500,4878921.1500,264.2600,yfinance
SHARDACROP.NS,2026-10-08,252.0000,False,1297.0000,2026-02-13,697.6000,2026-10-01,725.8000,100011.8000,795.9000,yfinance
SHARDAMOTR.NS,2026-10-08,252.0000,False,1189.9000,2025-11-11,700.0000,2026-03-30,884.4000,83479.6000,890.7500,yfinance
SHARDUL.NS,2026-10-08,117.0000,True,60.0000,2026-07-23,23.0500,2026-07-01,57.0200,22680.4500,54.0300,yfinance
SHAREINDIA.NS,2026-10-08,252.0000,False,233.3500,2026-09-18,115.3600,2026-03-30,185.9000,9158966.6000,170.9100,yfinance
SHEKHAWATI.NS,2026-10-08,252.0000,False,33.2600,2026-10-01,9.1200,2026-03-30,24.5300,84833.1000,16.8100,yfinance
SHEMAROO.NS,2026-10-08,252.0000,False,143.0000,2026-06-23,73.0000,2026-03-30,102.9500,10297.7500,125.3100,yfinance
SHILCTECH.NS,2026-10-08,217.0000,True,5399.0000,2026-04-28,2852.5000,2026-01-27,3944.0000,15392.5500,4212.5000,yfinance
SHILPAMED.NS,2026-10-08,252.0000,False,1095.0000,2026-10-01,259.5000,2026-01-27,1025.3000,883682.7500,959.9000,yfinance
SHIVALIK.NS,2026-10-08,252.0000,False,471.0000,2025-10-31,206.4000,2026-06-25,351.9500,147832.7500,320.7500,yfinance
SHIVAMAUTO.NS,2026-10-08,252.0000,False,32.3400,2025-10-06,13.0500,2026-03-30,16.8400,99089.2000,17.0300,yfinance
SHIVAMILLS.NS,2026-10-08,252.0000,False,74.0000,2025-10-10,43.0100,2026-03-30,60.1100,1282.1500,62.6300,yfinance
SHIVATEX.NS,2026-10-08,252.0000,False,217.9200,2025-11-06,126.0600,2026-03-30,165.2900,4080.7000,177.7000,yfinance
SHIVAUM.NS,2026-10-08,252.0000,False,563.9000,2026-10-05,275.0000,2026-02-09,551.5000,92991.0000,461.2000,yfinance
SHK.NS,2026-10-08,252.0000,False,243.5100,2025-10-06,111.9800,2026-03-30,136.1300,353665.3000,145.5900,yfinance
SHOPERSTOP.NS,2026-10-08,252.0000,False,558.0000,2025-10-08,275.9500,2026-03-02,384.7000,401733.6500,380.8000,yfinance
SHRADHA.NS,2026-10-08,252.0000,False,51.8100,2025-10-07,26.3400,2026-03-30,30.0300,15607.3000,30.6500,yfinance
SHREDIGCEM.NS,2026-10-08,252.0000,False,97.1500,2025-10-17,53.9000,2026-03-30,62.4000,74810.1000,72.6000,yfinance
SHREECEM.NS,2026-10-08,252.0000,False,30285.0000,2025-10-16,21355.0000,2026-10-01,21600.0000,45762.3000,23160.0000,yfinance
SHREEJISPG.NS,2026-10-08,252.0000,False,809.7500,2026-10-08,222.0000,2025-10-09,800.7500,1072073.6500,698.2000,yfinance
SHREEPUSHK.NS,2026-10-08,252.0000,False,545.2000,2026-09-08,272.4500,2026-03-23,488.2000,79330.9500,510.0500,yfinance
SHREERAMA.NS,2026-10-08,252.0000,False,71.9900,2026-01-02,37.6200,2026-07-28,41.3400,81465.1000,42.2700,yfinance
SHREYANIND.NS,2026-10-08,252.0000,False,235.5000,2025-10-06,121.7600,2026-08-25,129.0200,5745.6500,133.0000,yfinance
SHRINGARMS.NS,2026-10-08,252.0000,False,266.5000,2026-02-19,166.0000,2026-03-30,218.5900,526354.4000,217.4400,yfinance
SHRIPISTON.NS,2026-10-08,252.0000,False,4843.0000,2026-09-28,2525.8000,2025-11-06,4270.3999,91519.2000,4438.2002,yfinance
SHRIRAMFIN.NS,2026-10-08,252.0000,False,1153.7000,2026-08-06,616.0500,2025-10-01,917.2500,4593254.2000,1029.0000,yfinance
SHRIRAMPPS.NS,2026-10-08,252.0000,False,99.4400,2025-11-04,60.5700,2026-03-30,65.8000,285323.1500,74.6300,yfinance
SHYAMCENT.NS,2026-10-08,252.0000,False,7.3300,2025-10-01,3.6800,2026-03-30,4.9200,91762.9500,4.9400,yfinance
SHYAMMETL.NS,2026-10-08,252.0000,False,1148.0000,2026-09-24,746.0000,2026-03-16,1066.8000,568191.0500,1081.9000,yfinance
SHYAMTEL.NS,2026-10-08,252.0000,False,25.4200,2026-05-06,7.0700,2026-03-18,11.1400,4499.8500,11.4700,yfinance
SICAGEN.NS,2026-10-08,122.0000,True,74.0600,2026-08-07,24.3500,2026-04-15,49.8200,13736.5000,57.8400,yfinance
SICALLOG.NS,2026-10-08,252.0000,False,122.5000,2026-07-31,60.1100,2026-04-01,85.5700,31161.2500,101.8500,yfinance
SIEMENS.NS,2026-10-08,252.0000,False,4149.3999,2026-08-25,2826.0000,2026-01-21,3639.0000,250509.6000,3951.3000,yfinance
SIGACHI.NS,2026-10-08,252.0000,False,40.8500,2025-10-03,16.6500,2026-03-30,28.5700,5869371.7000,34.7000,yfinance
SIGIND.NS,2026-10-08,252.0000,False,74.9900,2026-08-21,40.6600,2026-03-23,58.1600,18448.2000,69.8800,yfinance
SIGMA.NS,2026-10-08,252.0000,False,65.5000,2025-10-03,35.4600,2026-03-30,44.4800,96569.3500,47.2100,yfinance
SIGMAADV.NS,2026-10-08,252.0000,False,1165.0000,2026-10-06,140.1000,2026-03-16,1037.1000,341712.9000,777.1500,yfinance
SIGNATURE.NS,2026-10-08,252.0000,False,1153.9000,2025-12-22,695.0000,2026-10-08,711.2500,385959.4000,785.2000,yfinance
SIGNPOST.NS,2026-10-08,252.0000,False,336.8000,2026-07-14,191.4100,2026-01-21,260.7500,97125.4500,264.5500,yfinance
SIKKO.NS,2026-10-08,252.0000,False,6.8315,2025-10-24,3.5500,2026-07-06,6.0100,707902.4500,5.5200,yfinance
SIL.NS,2026-10-08,252.0000,False,22.3000,2026-08-21,11.7000,2026-03-30,15.8100,59824.2500,19.1000,yfinance
SILGO.NS,2026-10-08,252.0000,False,86.2000,2026-05-29,61.0000,2025-11-26,69.7500,69534.5000,71.4900,yfinance
SILINV.NS,2026-10-08,252.0000,False,767.0000,2025-10-17,380.0000,2026-03-30,462.1000,2068.3500,462.4000,yfinance
SILVERTUC.NS,2026-10-08,252.0000,False,1117.4500,2025-12-31,100.5000,2026-03-17,125.9800,504328.2500,161.1000,yfinance
SIMPLEXINF.NS,2026-10-08,252.0000,False,318.0000,2025-11-18,137.0000,2026-03-30,243.3500,149908.9500,257.4000,yfinance
SINCLAIR.NS,2026-10-08,252.0000,False,101.1300,2025-10-07,68.8200,2026-03-16,74.8300,26487.2000,84.0300,yfinance
SINDHUTRAD.NS,2026-10-08,252.0000,False,28.9800,2025-10-03,17.6400,2026-01-27,21.0100,1578794.5500,25.0000,yfinance
SINGERIND.NS,2026-10-08,137.0000,True,91.3000,2026-08-12,57.1500,2026-03-30,75.8000,83010.8500,75.7500,yfinance
SINTERCOM.NS,2026-10-08,252.0000,False,130.0000,2025-10-06,62.9900,2026-03-30,73.4100,9769.7000,79.2000,yfinance
SIRCA.NS,2026-10-08,252.0000,False,539.0000,2025-11-19,385.0000,2026-07-17,402.2000,191916.4500,434.4000,yfinance
SIS.NS,2026-10-08,252.0000,False,480.9500,2026-06-24,257.0500,2026-03-23,411.4000,333800.3000,427.7500,yfinance
SIYSIL.NS,2026-10-08,252.0000,False,848.8000,2025-11-04,433.3500,2026-03-30,542.5500,28519.8000,554.0500,yfinance
SJS.NS,2026-10-08,252.0000,False,2590.0000,2026-08-06,1447.1000,2025-10-20,1980.3000,196277.3500,2286.8000,yfinance
SJVN.NS,2026-10-08,252.0000,False,92.1600,2025-10-03,54.0100,2026-10-08,54.2400,2983628.0500,65.8700,yfinance
SKFINDIA.NS,2026-10-08,252.0000,False,5074.0000,2025-10-14,1399.0000,2026-10-08,1407.7000,58160.6000,1534.8000,yfinance
SKFINDUS.NS,2026-10-08,206.0000,True,3218.7000,2026-09-18,1994.1000,2026-05-13,2622.6001,114812.6000,2953.8000,yfinance
SKIPPER.NS,2026-10-08,252.0000,False,616.8000,2026-09-07,327.0500,2026-03-09,517.5000,836525.1500,604.7000,yfinance
SKMEGGPROD.NS,2026-10-08,252.0000,False,372.0000,2026-07-13,143.1000,2026-03-09,207.1000,163840.1000,253.3500,yfinance
SKYGOLD.NS,2026-10-08,252.0000,False,901.8000,2026-10-08,260.8500,2025-10-01,884.5000,1094638.6500,820.0000,yfinance
SMARTLINK.NS,2026-10-08,252.0000,False,241.8100,2026-09-15,103.5000,2026-03-30,217.1100,7111.9500,207.3000,yfinance
SMARTWORKS.NS,2026-10-08,252.0000,False,619.0000,2025-11-04,361.5000,2026-03-30,482.3500,89022.2500,552.6500,yfinance
SMCGLOBAL.NS,2026-10-08,252.0000,False,120.0000,2026-10-06,54.4400,2026-03-30,107.8300,12085937.0500,85.3100,yfinance
SMLMAH.NS,2026-10-08,252.0000,False,6898.5000,2026-09-23,2719.0000,2025-10-21,5850.5000,61797.2500,6313.5000,yfinance
SMLT.NS,2026-10-08,252.0000,False,121.0000,2025-11-04,56.6100,2026-03-30,76.2600,43356.7500,62.1700,yfinance
SMSPHARMA.NS,2026-10-08,252.0000,False,494.4500,2026-09-22,245.2100,2025-10-01,446.7500,1419610.6000,399.1500,yfinance
SNOWMAN.NS,2026-10-08,252.0000,False,55.1900,2025-10-03,30.5000,2026-03-30,34.3500,125388.2000,36.8300,yfinance
SOBHA.NS,2026-10-08,252.0000,False,1732.0000,2025-11-10,1130.0000,2026-04-02,1183.9000,102432.3500,1255.6000,yfinance
SOFTTECH.NS,2026-10-08,252.0000,False,545.0000,2026-09-21,215.0000,2026-03-30,450.8000,8647.8500,438.0000,yfinance
SOLARA.NS,2026-10-08,252.0000,False,774.0000,2026-09-15,422.0000,2026-03-30,654.9000,445378.9500,701.8000,yfinance
SOLARINDS.NS,2026-10-08,252.0000,False,22700.0000,2026-09-15,11646.0000,2025-12-18,19870.0000,259760.7500,22455.0000,yfinance
SOLARWORLD.NS,2026-10-08,252.0000,False,388.5000,2025-09-30,122.9200,2026-10-05,124.9100,284266.3000,147.9900,yfinance
SOLEX.NS,2026-10-08,252.0000,False,1985.0000,2025-11-21,651.0000,2026-10-08,653.1500,102388.6000,725.0500,yfinance
SOMANYCERA.NS,2026-10-08,252.0000,False,631.7000,2026-10-06,332.0000,2026-03-10,600.6000,117615.7500,562.6500,yfinance
SOMATEX.NS,2026-10-08,252.0000,False,161.2500,2025-11-06,68.3500,2025-10-08,76.7100,6185.3000,85.2700,yfinance
SOMICONVEY.NS,2026-10-08,252.0000,False,169.4000,2025-10-06,80.1600,2026-08-18,82.8400,22053.7000,91.6400,yfinance
SONACOMS.NS,2026-10-08,252.0000,False,844.0000,2026-08-20,404.3500,2025-10-08,793.0000,2420239.2500,804.0000,yfinance
SONAMLTD.NS,2026-10-08,252.0000,False,80.3200,2026-09-01,37.4000,2026-01-28,69.9700,69342.0000,72.5000,yfinance
SONATSOFTW.NS,2026-10-08,252.0000,False,400.5000,2025-11-13,207.1500,2026-03-30,240.9000,1217206.1000,274.2500,yfinance
SOTL.NS,2026-10-08,252.0000,False,860.4000,2026-09-30,285.8000,2026-03-30,764.2000,400527.5500,681.3500,yfinance
SOUTHBANK.NS,2026-10-08,252.0000,False,50.6800,2026-09-25,28.9300,2025-10-01,46.3900,14203943.9000,46.8200,yfinance
SOUTHWEST.NS,2026-10-08,252.0000,False,275.0000,2026-06-01,121.0000,2025-10-15,187.4600,215997.3000,230.3800,yfinance
SPAL.NS,2026-10-08,252.0000,False,1221.9000,2026-07-09,600.0000,2026-01-20,922.8000,40516.4000,1048.9000,yfinance
SPANDANA.NS,2026-10-08,252.0000,False,319.4000,2026-07-06,181.1000,2026-03-30,209.1000,119630.5500,239.7400,yfinance
SPARC.NS,2026-10-08,252.0000,False,289.0000,2026-07-08,108.0000,2026-03-23,187.7400,1008968.2500,203.2700,yfinance
SPCENET.NS,2026-10-08,252.0000,False,11.2400,2025-10-28,3.0000,2026-03-30,3.2700,572992.5500,3.6100,yfinance
SPECIALITY.NS,2026-10-08,252.0000,False,167.4600,2026-08-11,82.7000,2026-03-30,146.6800,24144.7000,133.7800,yfinance
SPECTRUM.NS,2026-10-08,252.0000,False,3988.0000,2026-10-07,1050.0000,2026-01-12,3810.6001,15407.4500,2611.1001,yfinance
SPENCERS.NS,2026-10-08,252.0000,False,61.4000,2025-10-06,24.3800,2026-03-30,27.1100,39659.6000,29.4100,yfinance
SPIC.NS,2026-10-08,252.0000,False,96.8300,2025-10-06,55.1000,2026-03-30,61.7700,313050.9000,71.0700,yfinance
SPLIL.NS,2026-10-08,252.0000,False,45.2000,2025-11-03,20.2000,2026-03-30,30.0000,6045.6000,30.8000,yfinance
SPLPETRO.NS,2026-10-08,252.0000,False,899.0000,2026-09-23,462.3000,2026-01-21,783.6500,280052.9500,828.4000,yfinance
SPMLINFRA.NS,2026-10-08,252.0000,False,250.6500,2025-10-08,151.0100,2026-03-30,153.7200,145771.2500,176.3100,yfinance
SPORTKING.NS,2026-10-08,252.0000,False,241.5100,2026-08-03,78.1700,2026-01-21,196.3900,247896.7500,215.6000,yfinance
SRD.NS,2026-10-08,252.0000,False,75.7900,2025-10-08,36.0000,2026-08-07,37.2100,30533.7500,39.3900,yfinance
SREEL.NS,2026-10-08,252.0000,False,400.0000,2026-09-10,165.2500,2026-03-30,278.2000,74494.6000,287.5100,yfinance
SRF.NS,2026-10-08,252.0000,False,3210.0000,2025-10-17,2355.0000,2026-04-06,2485.2000,225764.7000,2522.0000,yfinance
SRGHFL.NS,2026-10-08,252.0000,False,335.0000,2026-07-24,118.6000,2026-09-17,120.9700,49826.5000,236.6500,yfinance
SRHHYPOLTD.NS,2026-10-08,252.0000,False,670.0000,2026-09-22,382.4000,2026-03-30,534.7500,55734.0000,527.9000,yfinance
SRM.NS,2026-10-08,252.0000,False,649.9500,2025-11-17,361.3500,2026-03-12,406.3000,41595.3500,461.0500,yfinance
SRTL.NS,2026-10-08,149.0000,True,73.3600,2026-03-04,35.7500,2026-09-21,36.8000,24075.1000,37.6100,yfinance
SSDL.NS,2026-10-08,252.0000,False,90.4400,2025-10-03,46.1500,2026-03-30,65.0100,229845.4500,57.1200,yfinance
SSWL.NS,2026-10-08,252.0000,False,434.0000,2026-10-06,169.0000,2026-03-30,410.5000,1511417.6000,373.1000,yfinance
STALLION.NS,2026-10-08,252.0000,False,423.8000,2025-10-17,99.3200,2026-03-10,219.6200,335860.8000,212.7700,yfinance
STANLEY.NS,2026-10-08,252.0000,False,304.0000,2025-10-09,123.0000,2026-03-30,127.2900,114482.7000,138.5900,yfinance
STAR.NS,2026-10-08,252.0000,False,1260.9000,2026-09-21,768.6500,2026-01-29,1095.3000,265134.6000,1187.4000,yfinance
STARCEMENT.NS,2026-10-08,252.0000,False,273.0000,2025-10-15,167.6200,2026-10-08,169.6500,184163.9500,194.8300,yfinance
STARHEALTH.NS,2026-10-08,252.0000,False,624.9000,2026-07-30,416.5500,2026-01-27,545.5000,1169749.3500,572.1000,yfinance
STARPAPER.NS,2026-10-08,252.0000,False,177.8000,2025-10-03,119.0500,2026-03-30,149.0800,15958.0500,159.3300,yfinance
STARTECK.NS,2026-10-08,252.0000,False,350.0000,2026-09-29,215.1000,2026-03-30,264.2500,4447.3500,246.9000,yfinance
STCINDIA.NS,2026-10-08,252.0000,False,150.0000,2026-06-17,97.0400,2026-03-30,102.0800,12577.2500,113.7200,yfinance
STEELCAS.NS,2026-10-08,252.0000,False,390.9000,2026-09-25,176.0200,2026-01-30,360.2500,263384.5500,331.6000,yfinance
STEELCITY.NS,2026-10-08,252.0000,False,103.7900,2025-10-08,71.2600,2026-03-30,79.9700,16589.9000,83.2200,yfinance
STEELXIND.NS,2026-10-08,252.0000,False,13.9500,2026-06-22,7.0000,2026-03-23,10.3200,12571109.3000,11.5300,yfinance
STEL.NS,2026-10-08,252.0000,False,689.9500,2026-08-31,380.0000,2025-10-10,567.7500,5336.5000,601.4000,yfinance
STERTOOLS.NS,2026-10-08,252.0000,False,335.0000,2025-10-14,155.0000,2026-03-30,231.6900,33934.4500,218.6800,yfinance
STLNETWORK.NS,2026-10-08,252.0000,False,56.5000,2026-09-28,15.7500,2026-03-30,48.0700,11237867.6000,31.6200,yfinance
STLTECH.NS,2026-10-08,252.0000,False,1051.1000,2026-10-06,84.6000,2026-01-27,1011.5500,2310026.7500,824.7000,yfinance
STOVEKRAFT.NS,2026-10-08,252.0000,False,877.0000,2026-09-03,447.0500,2026-03-30,803.1000,90554.9500,839.4500,yfinance
STUDDS.NS,2026-10-08,228.0000,True,600.0000,2025-11-18,389.1500,2026-10-01,416.0000,91761.4000,421.8500,yfinance
STYL.NS,2026-10-08,252.0000,False,434.7000,2025-10-13,209.1100,2026-03-30,354.2500,155120.7000,383.3500,yfinance
STYLAMIND.NS,2026-10-08,252.0000,False,4150.0000,2026-07-22,1645.5000,2025-10-01,3243.8000,42745.6500,3349.8999,yfinance
STYLEBAAZA.NS,2026-10-08,252.0000,False,447.1000,2026-08-21,229.9500,2026-03-23,372.3500,1315023.0500,387.3000,yfinance
STYRENIX.NS,2026-10-08,252.0000,False,2653.0000,2026-08-04,1780.0000,2026-03-30,1990.5000,30418.4000,2114.8999,yfinance
SUBEXLTD.NS,2026-10-08,252.0000,False,22.8000,2026-09-23,6.6100,2026-03-30,18.4100,15605704.7000,19.2300,yfinance
SUBROS.NS,2026-10-08,252.0000,False,1190.0000,2025-09-30,622.1000,2026-03-30,664.5000,36507.3000,697.8500,yfinance
SUDARCOLOR.NS,2026-10-08,252.0000,False,550.0000,2025-10-06,268.2500,2026-03-30,351.9000,4955.5000,385.3500,yfinance
SUDARSCHEM.NS,2026-10-08,252.0000,False,1360.4000,2025-10-06,726.4000,2026-03-30,1176.8000,236521.6500,1221.7000,yfinance
SUDEEPPHRM.NS,2026-10-08,213.0000,True,1378.0000,2026-09-07,524.0500,2026-01-21,1114.9000,234317.8500,1344.2000,yfinance
SUKHJITS.NS,2026-10-08,252.0000,False,231.1000,2026-02-27,137.3000,2026-03-30,146.6700,19582.3500,160.4900,yfinance
SULA.NS,2026-10-08,252.0000,False,266.6500,2025-10-07,130.0000,2026-10-01,130.5800,416033.9000,146.5000,yfinance
SUMEETINDS.NS,2026-10-08,252.0000,False,40.5000,2025-10-23,9.2600,2026-09-17,11.4000,1104415.8000,11.3900,yfinance
SUMICHEM.NS,2026-10-08,252.0000,False,572.0500,2026-08-17,362.6000,2026-03-30,411.4000,348043.7500,486.7000,yfinance
SUMIT.NS,2026-10-08,252.0000,False,104.0000,2025-10-06,31.7400,2026-03-12,45.9200,24634.5000,49.0600,yfinance
SUMMITSEC.NS,2026-10-08,252.0000,False,2495.0000,2025-10-23,1297.2000,2026-10-08,1305.0000,2862.9500,1404.1000,yfinance
SUNCLAY.NS,2026-10-08,252.0000,False,1728.0000,2025-10-06,1096.1000,2026-10-08,1100.8000,5887.8000,1293.4000,yfinance
SUNDARAM.NS,2026-10-08,252.0000,False,2.2000,2025-10-16,1.0200,2026-09-24,1.0500,368720.7500,1.2100,yfinance
SUNDARMFIN.NS,2026-10-08,252.0000,False,5642.0000,2026-03-04,4000.0000,2026-06-08,4110.6001,49100.4000,4712.7002,yfinance
SUNDRMBRAK.NS,2026-10-08,252.0000,False,920.0000,2026-08-17,460.0000,2026-03-30,669.7000,1150.5000,731.8000,yfinance
SUNDRMFAST.NS,2026-10-08,252.0000,False,1347.2000,2026-09-10,730.1000,2026-04-02,1108.3000,277868.3000,1255.0000,yfinance
SUNDROP.NS,2026-10-08,252.0000,False,823.9500,2025-10-03,556.0000,2026-03-30,743.5500,43627.3500,659.3000,yfinance
SUNFLAG.NS,2026-10-08,252.0000,False,479.1000,2026-10-07,192.1500,2026-03-30,450.7000,827331.4500,338.3000,yfinance
SUNPHARMA.NS,2026-10-08,252.0000,False,2046.9000,2026-07-31,1583.7000,2026-01-29,1759.8000,1615002.9000,1885.9000,yfinance
SUNTECK.NS,2026-10-08,252.0000,False,472.5000,2025-11-03,268.5500,2026-09-29,271.6000,116540.3000,295.9000,yfinance
SUNTV.NS,2026-10-08,252.0000,False,663.9000,2026-09-30,447.2000,2026-09-21,614.2000,3455396.9500,453.5000,yfinance
SUPERHOUSE.NS,2026-10-08,252.0000,False,189.0000,2026-09-09,128.5500,2026-03-23,152.1100,9574.9500,170.7000,yfinance
SUPERSPIN.NS,2026-10-08,252.0000,False,9.9800,2025-10-21,3.7900,2026-03-30,6.8700,32923.6000,6.8700,yfinance
SUPRAJIT.NS,2026-10-08,252.0000,False,559.2500,2026-08-10,389.9500,2026-03-16,470.8500,92077.2500,475.6000,yfinance
SUPREME.NS,2026-10-08,252.0000,False,97.8400,2025-10-13,29.0600,2026-09-29,29.9600,41924.3000,37.1600,yfinance
SUPREMEIND.NS,2026-10-08,252.0000,False,4293.8999,2025-10-07,3140.0000,2026-07-08,3462.0000,152319.1500,3553.0000,yfinance
SUPREMEINF.NS,2026-10-08,252.0000,False,110.8800,2025-10-13,49.2100,2026-10-08,49.9200,108506.3500,85.1000,yfinance
SUPRIYA.NS,2026-10-08,252.0000,False,1085.0000,2026-06-01,545.5000,2026-03-24,861.3500,304077.7500,915.6500,yfinance
SURAJEST.NS,2026-10-08,252.0000,False,319.0000,2025-10-28,165.0000,2026-09-17,196.8600,325291.5000,173.9200,yfinance
SURAJLTD.NS,2026-10-08,252.0000,False,348.6500,2025-10-20,177.9900,2026-10-08,184.5700,1246.5000,200.2000,yfinance
SURAKSHA.NS,2026-10-08,252.0000,False,360.0000,2026-09-21,224.1000,2026-03-30,309.4000,91792.6000,340.1000,yfinance
SURANASOL.NS,2026-10-08,252.0000,False,34.5100,2025-10-14,18.3100,2026-03-30,23.7300,26080.1500,26.0300,yfinance
SURANAT&P.NS,2026-10-08,252.0000,False,24.1200,2025-10-08,15.5000,2026-03-30,15.6100,42783.0500,16.4200,yfinance
SURYALAXMI.NS,2026-10-08,252.0000,False,67.7000,2026-06-24,43.0000,2026-03-30,55.6000,2995.8000,58.3200,yfinance
SURYAROSNI.NS,2026-10-08,252.0000,False,314.5000,2025-11-11,187.3500,2026-03-30,213.0000,474055.3000,216.0200,yfinance
SURYODAY.NS,2026-10-08,252.0000,False,218.0000,2026-07-24,115.4100,2026-02-24,149.0500,228553.0000,154.8600,yfinance
SUTLEJTEX.NS,2026-10-08,252.0000,False,42.9300,2026-09-07,24.0000,2026-03-30,35.2500,25686.0500,40.6000,yfinance
SUVEN.NS,2026-10-08,252.0000,False,403.3500,2026-09-01,124.1100,2026-03-24,288.9000,487420.3000,369.9000,yfinance
SUVIDHAA.NS,2026-10-08,252.0000,False,4.2500,2025-10-20,1.7700,2026-09-02,2.0700,195466.2500,2.3100,yfinance
SUYOG.NS,2026-10-08,252.0000,False,921.1500,2026-07-07,528.0000,2026-02-06,643.3000,28993.9000,713.6500,yfinance
SUZLON.NS,2026-10-08,252.0000,False,61.5000,2025-11-06,36.3100,2026-10-08,36.4300,59320658.0500,45.5000,yfinance
SVLL.NS,2026-10-08,252.0000,False,897.4500,2026-06-08,445.1500,2026-03-30,801.3000,6933.5000,800.2000,yfinance
SVPGLOB.NS,2026-10-08,252.0000,False,6.8900,2025-11-28,2.1800,2026-03-30,3.1300,39488.2500,3.5100,yfinance
SWANCORP.NS,2026-10-08,252.0000,False,493.6000,2025-12-29,254.4000,2026-10-08,260.2500,3891244.1500,276.8000,yfinance
SWANDEF.NS,2026-10-08,252.0000,False,2814.8999,2026-10-08,605.9500,2025-10-01,2785.1001,19605.0000,2484.0000,yfinance
SWARAJ.NS,2026-10-08,252.0000,False,395.0000,2026-10-01,160.0000,2025-10-03,363.6000,143316.8000,354.8000,yfinance
SWARAJENG.NS,2026-10-08,252.0000,False,4437.3999,2025-10-16,3301.3000,2026-03-30,3491.6001,7762.3000,3632.6001,yfinance
SWELECTES.NS,2026-10-08,252.0000,False,977.0000,2025-10-10,483.1000,2026-03-30,581.6000,20763.7000,583.8000,yfinance
SWIGGY.NS,2026-10-08,252.0000,False,459.9500,2025-10-16,234.0000,2026-10-08,234.9500,14733513.6000,275.7000,yfinance
SWSOLAR.NS,2026-10-08,252.0000,False,260.8000,2026-06-23,148.0000,2026-03-30,160.0900,1299221.1500,184.0800,yfinance
SYMPHONY.NS,2026-10-08,252.0000,False,970.4500,2026-02-03,536.2500,2026-10-08,538.8500,72218.8000,613.0500,yfinance
SYNCOMF.NS,2026-10-08,252.0000,False,27.4900,2026-09-30,10.2100,2026-03-30,23.5700,32472347.9000,20.9700,yfinance
SYNGENE.NS,2026-10-08,252.0000,False,678.9500,2026-01-07,345.2000,2026-10-08,346.0000,606552.1500,387.5500,yfinance
SYRMA.NS,2026-10-08,252.0000,False,1822.6000,2026-10-01,634.5000,2026-01-21,1680.9000,2357037.3000,1639.2000,yfinance
SYSTMTXC.NS,2026-10-08,250.0000,True,177.9000,2025-11-24,51.8900,2026-03-30,73.0000,11011.7000,66.4000,yfinance
TAINWALCHM.NS,2026-10-08,252.0000,False,257.0000,2026-07-14,155.0000,2025-12-12,203.3500,4202.0500,212.3400,yfinance
TAJGVK.NS,2026-10-08,252.0000,False,438.2500,2025-12-30,281.3500,2026-03-23,322.4000,55752.7000,332.7500,yfinance
TAKE.NS,2026-10-08,252.0000,False,50.1400,2026-04-20,11.0500,2025-09-30,12.7200,352469.3000,15.2300,yfinance
TALBROAUTO.NS,2026-10-08,252.0000,False,485.8000,2026-09-21,219.9000,2026-03-24,405.3500,320244.5500,424.0000,yfinance
TANLA.NS,2026-10-08,252.0000,False,748.4500,2025-10-09,365.9000,2026-03-30,493.3500,346543.0000,512.9500,yfinance
TARACHAND.NS,2026-10-08,252.0000,False,103.6700,2025-10-14,45.1600,2026-09-23,46.1100,52235.0500,47.6800,yfinance
TARAPUR.NS,2026-10-08,252.0000,False,39.9900,2025-11-17,10.8000,2026-09-29,13.8200,31108.9500,12.8300,yfinance
TARC.NS,2026-10-08,252.0000,False,186.3000,2026-01-07,109.1000,2026-03-30,117.5500,352754.5500,131.5300,yfinance
TARIL.NS,2026-10-08,252.0000,False,501.2000,2025-10-06,224.0500,2026-02-02,282.7500,4554977.9000,297.1500,yfinance
TARMAT.NS,2026-10-08,252.0000,False,73.9000,2026-02-27,46.2600,2026-01-13,55.1500,24366.6500,62.2500,yfinance
TARSONS.NS,2026-10-08,252.0000,False,375.0000,2026-08-14,164.4500,2026-03-30,327.6500,427377.8500,325.1500,yfinance
TASTYBITE.NS,2026-10-08,252.0000,False,10544.0000,2026-08-19,6430.0000,2026-03-23,8999.0000,2172.7500,9853.0000,yfinance
TATACAP.NS,2026-10-08,245.0000,True,390.2000,2026-08-06,296.0000,2026-06-02,314.9000,1591242.6000,368.0500,yfinance
TATACHEM.NS,2026-10-08,252.0000,False,944.5000,2025-10-14,580.3000,2026-03-30,592.9500,3801223.0000,607.7000,yfinance
TATACOMM.NS,2026-10-08,252.0000,False,2110.0000,2026-06-22,1322.5000,2026-04-02,1677.4000,241026.2000,1752.8000,yfinance
TATACONSUM.NS,2026-10-08,252.0000,False,1282.7000,2026-05-12,945.0000,2026-10-01,951.9000,1264206.5500,1014.1000,yfinance
TATAELXSI.NS,2026-10-08,252.0000,False,5950.0000,2026-01-08,2996.0000,2026-10-08,2996.0000,262490.8000,3492.0000,yfinance
TATAINVEST.NS,2026-10-08,252.0000,False,1184.7000,2025-10-03,538.8500,2026-03-30,609.3000,2478845.9500,622.0500,yfinance
TATAPOWER.NS,2026-10-08,252.0000,False,464.9000,2026-04-28,334.0000,2026-10-08,335.6500,4009678.0500,365.5500,yfinance
TATASTEEL.NS,2026-10-08,252.0000,False,224.4000,2026-05-15,160.0600,2025-12-09,171.9600,26423076.6500,184.1500,yfinance
TATATECH.NS,2026-10-08,252.0000,False,891.0000,2026-08-11,507.4000,2026-03-30,694.6500,860440.3500,798.5000,yfinance
TATVA.NS,2026-10-08,252.0000,False,2008.7000,2026-10-08,1003.0000,2025-10-01,1855.6000,92704.5000,1680.2000,yfinance
TBOTEK.NS,2026-10-08,252.0000,False,1772.5000,2026-10-07,1004.2000,2026-03-23,1666.5000,257526.2000,1694.5000,yfinance
TBZ.NS,2026-10-08,252.0000,False,698.6000,2026-09-23,110.5000,2026-03-30,566.6500,1057324.8500,555.3000,yfinance
TCC.NS,2026-10-08,152.0000,True,105.2800,2026-02-25,39.3700,2026-09-08,44.8400,6173929.5000,49.0700,yfinance
TCI.NS,2026-10-08,252.0000,False,1242.0000,2025-10-29,797.0000,2026-09-22,877.0500,357795.8500,872.5000,yfinance
TCIEXP.NS,2026-10-08,252.0000,False,746.7500,2025-09-30,447.5500,2026-03-27,477.2000,342709.8000,550.4500,yfinance
TCIFINANCE.NS,2026-10-08,252.0000,False,38.4600,2026-01-09,10.0000,2025-12-15,14.1100,15201.7000,15.0000,yfinance
TCPLPACK.NS,2026-10-08,252.0000,False,4410.8999,2026-08-12,2200.0000,2026-03-23,3994.3999,8030.9500,3874.7000,yfinance
TCS.NS,2026-10-08,252.0000,False,3350.0000,2026-02-03,1976.8000,2026-07-01,2076.0000,3370544.4500,2255.5000,yfinance
TDPOWERSYS.NS,2026-10-08,252.0000,False,856.1000,2026-10-05,291.3500,2025-10-14,793.5000,3424518.1500,768.8000,yfinance
TEAMGTY.NS,2026-10-08,252.0000,False,332.5500,2025-12-08,210.0000,2026-07-08,235.7500,484.7000,235.0200,yfinance
TEAMLEASE.NS,2026-10-08,252.0000,False,1872.2000,2025-11-24,1065.2000,2026-03-16,1076.9000,16398.0500,1256.5000,yfinance
TECHM.NS,2026-10-08,252.0000,False,1854.0000,2026-02-03,1304.1000,2026-03-09,1496.2000,1933973.7000,1559.0000,yfinance
TECHNOE.NS,2026-10-08,252.0000,False,1389.6000,2025-10-13,870.0000,2026-01-27,942.7000,151950.4000,964.7000,yfinance
TECILCHEM.NS,2026-10-08,252.0000,False,22.0800,2025-11-03,8.0000,2026-08-26,9.4700,18172.0500,9.2600,yfinance
TEGA.NS,2026-10-08,252.0000,False,2198.0000,2026-09-30,1473.0000,2026-07-30,1958.1000,966991.5000,1632.4000,yfinance
TEJASNET.NS,2026-10-08,252.0000,False,644.7500,2026-06-19,294.0000,2026-01-27,451.1500,1626188.7000,590.0500,yfinance
TEMBO.NS,2026-10-08,252.0000,False,83.7000,2025-11-11,43.3350,2026-03-30,55.9100,1499960.1500,58.1700,yfinance
TENNIND.NS,2026-10-08,220.0000,True,657.0000,2026-05-06,438.0500,2025-12-18,468.8000,630232.9500,525.7000,yfinance
TERASOFT.NS,2026-10-08,252.0000,False,598.0000,2025-11-17,194.1100,2026-10-01,217.1600,35999.0000,272.3500,yfinance
TEXINFRA.NS,2026-10-08,252.0000,False,127.0000,2026-10-07,82.5000,2026-03-16,120.0400,354042.8000,120.0300,yfinance
TEXMOPIPES.NS,2026-10-08,252.0000,False,64.5000,2026-09-15,33.0000,2026-03-30,51.4200,332547.4500,52.5200,yfinance
TEXRAIL.NS,2026-10-08,252.0000,False,143.1000,2025-10-08,78.0500,2026-03-30,107.0800,3839504.0500,118.2600,yfinance
TFCILTD.NS,2026-10-08,252.0000,False,154.1900,2026-10-08,51.0000,2026-01-05,146.6500,13165121.0500,140.8900,yfinance
TFL.NS,2026-10-08,252.0000,False,18.5000,2025-12-24,10.2100,2026-07-24,11.8800,4890.7500,12.0600,yfinance
TGBHOTELS.NS,2026-10-08,252.0000,False,12.8000,2025-10-03,7.5000,2026-03-30,8.9900,28408.5000,9.2100,yfinance
THANGAMAYL.NS,2026-10-08,252.0000,False,7430.0000,2026-07-28,1939.5000,2025-10-23,4810.5000,87488.4000,5366.5000,yfinance
THEINVEST.NS,2026-10-08,252.0000,False,152.9900,2025-10-06,89.0000,2026-03-30,90.7200,5548.5500,96.2800,yfinance
THEJO.NS,2026-10-08,252.0000,False,2286.6001,2026-08-11,1443.6000,2026-04-02,2073.8000,8707.8000,2134.1001,yfinance
THELEELA.NS,2026-10-08,252.0000,False,607.2500,2026-10-07,384.5000,2025-12-09,586.9500,379048.1000,542.5000,yfinance
THEMISMED.NS,2026-10-08,252.0000,False,147.0000,2025-10-09,64.9500,2026-03-30,108.7100,110765.1000,132.1700,yfinance
THERMAX.NS,2026-10-08,252.0000,False,5277.7998,2026-06-29,2742.7000,2025-12-08,3138.1001,165034.7000,3629.6001,yfinance
THOMASCOOK.NS,2026-10-08,252.0000,False,169.0000,2025-10-21,86.3500,2026-03-17,98.5300,487649.9000,109.9100,yfinance
THOMASCOTT.NS,2026-10-08,252.0000,False,459.8000,2025-11-13,221.8000,2026-09-16,266.4000,109391.4000,255.3000,yfinance
THYROCARE.NS,2026-10-08,252.0000,False,662.0000,2026-08-12,342.5500,2026-03-23,501.0000,271064.8000,569.4500,yfinance
TI.NS,2026-10-08,252.0000,False,607.8000,2026-09-23,381.5500,2026-01-23,548.0500,975306.0000,540.3500,yfinance
TICL.NS,2026-10-08,252.0000,False,33.9900,2025-11-11,5.3300,2026-09-23,8.6600,864652.9000,7.6300,yfinance
TIGERLOGS.NS,2026-10-08,252.0000,False,49.1400,2025-10-06,22.9000,2026-03-23,24.8800,98610.6500,27.8200,yfinance
TIIL.NS,2026-10-08,252.0000,False,3565.3000,2026-08-25,1868.5000,2026-01-21,2581.8999,33988.1000,3141.0000,yfinance
TIINDIA.NS,2026-10-08,252.0000,False,3335.2000,2026-06-24,2164.8999,2026-01-27,2241.0000,322624.7000,2638.7000,yfinance
TIJARIA.NS,2026-10-08,252.0000,False,9.8000,2026-09-07,3.5500,2026-01-27,6.3700,50372.5500,8.6200,yfinance
TIL.NS,2026-10-08,252.0000,False,334.7000,2025-10-06,161.2500,2026-03-30,229.4500,77013.9500,250.6400,yfinance
TIMETECHNO.NS,2026-10-08,252.0000,False,227.5000,2025-10-20,154.0000,2026-03-23,179.6800,2568252.4000,186.5400,yfinance
TIMEX.NS,2026-10-08,116.0000,True,759.7000,2026-10-06,323.0000,2026-04-24,709.2500,741638.2500,607.1000,yfinance
TIMKEN.NS,2026-10-08,252.0000,False,3925.0000,2026-06-22,2800.5000,2025-11-28,3015.6001,43390.1500,3098.8999,yfinance
TINNARUBR.NS,2026-10-08,252.0000,False,1322.0000,2026-07-21,527.4500,2026-03-30,879.6000,45090.0000,1019.0000,yfinance
TIPSFILMS.NS,2026-10-08,252.0000,False,479.2500,2025-11-07,276.7500,2026-03-27,318.2000,12969.2000,331.1000,yfinance
TIPSMUSIC.NS,2026-10-08,252.0000,False,741.0000,2026-07-20,481.1500,2026-03-30,618.1500,257634.1000,644.9000,yfinance
TIRUMALCHM.NS,2026-10-08,252.0000,False,293.7500,2025-10-24,141.0000,2026-10-08,142.8400,469681.6000,157.9000,yfinance
TIRUPATIFL.NS,2026-10-08,252.0000,False,83.9000,2026-07-22,30.1100,2025-12-18,69.3900,314655.1000,70.0200,yfinance
TITAGARH.NS,2026-10-08,252.0000,False,971.0000,2026-06-18,568.7000,2026-03-30,778.0000,480396.3500,880.8000,yfinance
TITAN.NS,2026-10-08,252.0000,False,5186.7002,2026-08-27,3351.0000,2025-10-01,4359.5000,832016.8500,4987.0000,yfinance
TMB.NS,2026-10-08,252.0000,False,954.2000,2026-09-07,420.0000,2025-09-30,855.4500,164899.5000,926.8000,yfinance
TMCV.NS,2026-10-08,225.0000,True,509.0000,2026-02-27,306.3000,2025-11-14,413.2000,6500989.0500,456.0500,yfinance
TMPV.NS,2026-10-08,252.0000,False,739.7000,2025-10-03,272.2000,2026-09-29,273.0000,11629213.8000,306.4500,yfinance
TNPETRO.NS,2026-10-08,252.0000,False,146.9900,2026-09-08,78.6700,2026-03-17,118.9800,1463059.4000,139.1800,yfinance
TNPL.NS,2026-10-08,252.0000,False,166.6600,2025-10-28,121.5100,2026-03-30,137.9500,215373.0000,161.4100,yfinance
TNTELE.NS,2026-10-08,252.0000,False,15.7400,2025-10-09,7.8100,2026-03-18,9.4400,71043.4000,8.9900,yfinance
TOKYOPLAST.NS,2026-10-08,252.0000,False,135.0000,2025-10-14,53.8600,2026-03-30,69.8900,1408.0500,78.5000,yfinance
TOLINS.NS,2026-10-08,252.0000,False,197.6900,2025-11-04,83.0400,2026-03-30,86.5600,46650.0500,92.2300,yfinance
TORNTPHARM.NS,2026-10-08,252.0000,False,5250.0000,2026-08-03,3480.6001,2025-10-14,4617.1001,356637.4500,4960.0000,yfinance
TORNTPOWER.NS,2026-10-08,252.0000,False,1824.1000,2026-04-27,1188.0000,2025-10-06,1214.6000,222203.8000,1270.2000,yfinance
TOTAL.NS,2026-10-08,252.0000,False,87.8900,2025-12-04,45.0000,2026-07-21,70.0100,8461.4000,73.7200,yfinance
TOUCHWOOD.NS,2026-10-08,252.0000,False,113.0000,2026-01-06,57.0000,2026-09-30,58.5400,1058.5500,61.0600,yfinance
TPHQ.NS,2026-10-08,252.0000,False,0.8600,2025-12-24,0.4000,2026-07-22,0.4500,980277.7000,0.5100,yfinance
TPLPLASTEH.NS,2026-10-08,252.0000,False,90.3300,2026-07-06,50.0100,2026-03-30,67.6900,219096.4000,67.6900,yfinance
TRACXN.NS,2026-10-08,252.0000,False,55.9000,2025-10-17,25.3900,2026-03-30,33.0600,264956.6500,29.0100,yfinance
TRANSPEK.NS,2026-10-08,117.0000,True,1475.0000,2026-09-01,952.3000,2026-07-14,1379.3000,1339.8500,1370.4000,yfinance
TRANSRAILL.NS,2026-10-08,252.0000,False,766.8000,2025-10-08,400.6500,2026-09-16,472.1500,2660429.8000,419.0000,yfinance
TRANSWORLD.NS,2026-10-08,252.0000,False,258.0000,2025-10-28,111.5600,2026-03-30,152.6800,3975.2000,171.0000,yfinance
TRAVELFOOD.NS,2026-10-08,252.0000,False,1470.9000,2026-08-07,1035.3000,2026-01-27,1186.2000,47610.2000,1295.5000,yfinance
TREEHOUSE.NS,2026-10-08,252.0000,False,11.0000,2026-02-26,5.4600,2026-09-29,5.6500,18790.0500,6.0700,yfinance
TREJHARA.NS,2026-10-08,252.0000,False,284.8500,2025-12-02,121.2100,2026-10-08,124.4300,20881.3500,149.1100,yfinance
TREL.NS,2026-10-08,252.0000,False,32.0000,2025-12-18,21.4700,2026-03-11,25.7500,206036.4500,26.7200,yfinance
TRENT.NS,2026-10-08,252.0000,False,4908.0000,2025-10-06,2183.6667,2026-03-30,2876.3000,1106226.1000,2793.6001,yfinance
TRF.NS,2026-10-08,252.0000,False,404.9000,2025-10-03,191.0000,2026-10-08,191.7800,14658.1000,230.9800,yfinance
TRIDENT.NS,2026-10-08,252.0000,False,30.9400,2026-02-03,21.8000,2026-10-05,21.8300,3016858.5500,23.8600,yfinance
TRIGYN.NS,2026-10-08,252.0000,False,87.0000,2025-10-01,37.5500,2026-03-30,51.5900,43270.0000,56.9200,yfinance
TRITURBINE.NS,2026-10-08,252.0000,False,787.6000,2026-05-29,428.3500,2026-03-23,516.4500,503436.1500,580.6000,yfinance
TRIVENI.NS,2026-10-08,252.0000,False,490.1000,2026-07-14,220.0500,2026-07-31,237.8600,720151.9500,272.7500,yfinance
TRU.NS,2026-10-08,252.0000,False,11.2900,2025-10-01,3.9000,2026-09-01,4.3600,69895.3000,4.0600,yfinance
TRUALT.NS,2026-10-08,250.0000,True,542.0000,2026-06-10,310.2000,2026-01-27,424.0500,305701.7000,415.7000,yfinance
TSFINV.NS,2026-10-08,252.0000,False,701.5000,2025-10-14,331.7000,2026-03-30,397.5500,110124.1000,422.3000,yfinance
TTKHLTCARE.NS,2026-10-08,252.0000,False,1247.0000,2026-09-09,735.0000,2026-03-30,1007.0000,34099.0500,1191.0000,yfinance
TTKPRESTIG.NS,2026-10-08,252.0000,False,771.2000,2025-10-28,423.0000,2026-03-30,513.0000,68077.3500,549.2000,yfinance
TTL.NS,2026-10-08,252.0000,False,10.6800,2025-10-01,5.5000,2026-08-11,7.1100,367492.5500,6.8300,yfinance
TTML.NS,2026-10-08,252.0000,False,60.0800,2025-10-07,31.2200,2026-03-30,32.9500,6458342.4500,36.4900,yfinance
TURTLEMINT.NS,2026-10-08,72.0000,True,160.0000,2026-08-28,65.8500,2026-10-05,69.5300,2684368.2500,139.8600,yfinance
TVSELECT.NS,2026-10-08,252.0000,False,739.3500,2025-10-27,336.2000,2026-03-05,386.7000,179260.2000,411.7500,yfinance
TVSHLTD.NS,2026-10-08,252.0000,False,16297.0000,2025-11-18,11475.0000,2026-10-08,11529.0000,8110.4500,13377.0000,yfinance
TVSMOTOR.NS,2026-10-08,252.0000,False,4484.5000,2026-08-26,3228.0000,2026-05-19,3839.3999,731130.3000,4133.2002,yfinance
TVSSCS.NS,2026-10-08,252.0000,False,146.5000,2026-07-10,90.3200,2026-03-30,125.9200,776828.4000,127.2300,yfinance
TVSSRICHAK.NS,2026-10-08,252.0000,False,5760.0000,2026-09-01,3135.0000,2025-10-01,4255.2002,8169.8500,5340.0000,yfinance
TVTODAY.NS,2026-10-08,252.0000,False,153.0100,2025-10-06,93.5000,2026-03-23,103.3000,36402.3000,110.9900,yfinance
TVVISION.NS,2026-10-08,252.0000,False,12.4000,2025-12-19,2.3900,2026-09-17,2.6100,75590.6500,3.1800,yfinance
UBL.NS,2026-10-08,252.0000,False,1844.0000,2025-10-29,1140.3000,2026-10-01,1162.7000,133473.2000,1252.5000,yfinance
UCAL.NS,2026-10-08,252.0000,False,163.8000,2026-08-28,77.0000,2026-03-30,139.3900,10408.4000,147.1400,yfinance
UCOBANK.NS,2026-10-08,252.0000,False,34.2000,2025-10-31,22.2200,2026-03-30,22.9600,3599256.5000,24.1800,yfinance
UDS.NS,2026-10-08,252.0000,False,262.8500,2025-10-03,125.1000,2026-03-30,210.0900,145419.4000,215.7700,yfinance
UEL.NS,2026-10-08,252.0000,False,284.2000,2026-08-11,97.0333,2025-10-01,195.4000,25711.5500,218.0500,yfinance
UFBL.NS,2026-10-08,252.0000,False,850.0000,2026-08-24,172.3400,2026-01-30,665.2500,31600.7000,717.6000,yfinance
UFLEX.NS,2026-10-08,252.0000,False,723.5000,2026-09-02,330.0000,2026-03-30,617.0500,132577.8500,686.7500,yfinance
UFO.NS,2026-10-08,252.0000,False,92.9700,2025-11-20,53.7500,2026-03-30,54.9000,27282.5500,64.8300,yfinance
UGARSUGAR.NS,2026-10-08,252.0000,False,66.7700,2026-09-28,33.7500,2026-02-27,55.5300,1856758.8500,53.2900,yfinance
UGROCAP.NS,2026-10-08,252.0000,False,192.5000,2025-10-06,79.0000,2026-10-08,79.7200,177469.1500,85.0600,yfinance
UJJIVANSFB.NS,2026-10-08,252.0000,False,73.9400,2026-08-20,46.0100,2025-10-01,62.3000,13285420.3500,64.8600,yfinance
ULTRACEMCO.NS,2026-10-08,252.0000,False,13110.0000,2026-02-10,10325.0000,2026-03-23,10426.0000,299654.7500,11009.0000,yfinance
ULTRAMAR.NS,2026-10-08,117.0000,True,455.7500,2026-08-07,364.1000,2026-06-18,400.8000,126649.6000,421.4500,yfinance
UMAEXPORTS.NS,2026-10-08,252.0000,False,55.9000,2025-10-13,18.1200,2026-03-30,19.8800,21417.3500,23.0300,yfinance
UMESLTD.NS,2026-10-08,252.0000,False,7.1400,2026-03-16,3.7600,2026-09-18,4.5700,53530.5500,5.0800,yfinance
UMIYA-MRO.NS,2026-10-08,252.0000,False,110.9000,2025-10-16,70.0000,2026-01-21,92.7100,14806.2500,98.9300,yfinance
UNICHEMLAB.NS,2026-10-08,252.0000,False,687.2000,2026-07-09,278.2000,2026-03-30,530.9000,304941.1000,555.6000,yfinance
UNIDT.NS,2026-10-08,252.0000,False,272.0000,2026-09-24,146.0000,2026-03-30,226.2400,84558.8000,234.1600,yfinance
UNIECOM.NS,2026-10-08,252.0000,False,147.0000,2025-10-03,78.5100,2026-03-30,79.9000,924460.5500,84.1300,yfinance
UNIENTER.NS,2026-10-08,252.0000,False,158.0000,2025-11-12,86.0000,2026-10-05,86.3900,4368.8500,93.5500,yfinance
UNIINFO.NS,2026-10-08,252.0000,False,18.9800,2025-10-14,9.3600,2026-03-27,11.1600,2464.5000,11.0500,yfinance
UNIMECH.NS,2026-10-08,252.0000,False,1901.0000,2026-10-06,695.0000,2026-03-30,1751.9000,333512.2500,1629.6000,yfinance
UNIONBANK.NS,2026-10-08,252.0000,False,205.4900,2026-02-27,135.2900,2025-10-03,171.5100,8309266.3500,183.2200,yfinance
UNIPARTS.NS,2026-10-08,252.0000,False,915.9500,2026-09-01,399.8000,2026-01-21,776.6000,120103.9500,898.0000,yfinance
UNITDSPR.NS,2026-10-08,252.0000,False,1563.4000,2026-08-21,1210.8000,2026-04-07,1318.2000,1041637.3000,1440.0000,yfinance
UNITECH.NS,2026-10-08,252.0000,False,7.9300,2025-10-06,3.1000,2026-03-30,4.0100,5068089.7500,4.0400,yfinance
UNITEDPOLY.NS,2026-10-08,252.0000,False,50.2300,2026-10-05,20.6000,2026-02-25,47.5600,446081.9500,42.7800,yfinance
UNITEDTEA.NS,2026-10-08,252.0000,False,590.0000,2026-04-13,401.6000,2026-10-07,403.0000,2975.4000,441.8500,yfinance
UNIVASTU.NS,2026-10-08,252.0000,False,178.9800,2026-08-24,56.0200,2026-03-30,129.7900,51315.0000,164.7900,yfinance
UNIVCABLES.NS,2026-10-08,252.0000,False,1774.9000,2026-08-11,576.0000,2026-03-16,1549.9000,119803.8500,1524.7000,yfinance
UNIVPHOTO.NS,2026-10-08,252.0000,False,624.7500,2026-09-18,180.6000,2026-01-21,456.2000,3340.7500,540.6000,yfinance
UNOMINDA.NS,2026-10-08,252.0000,False,1382.0000,2025-10-07,994.0000,2026-03-16,1085.0000,576346.1500,1237.0000,yfinance
UPL.NS,2026-10-08,252.0000,False,812.2000,2026-01-02,476.4500,2026-10-08,481.0500,2391436.2500,576.7500,yfinance
URAVIDEF.NS,2026-10-08,252.0000,False,263.0000,2025-10-07,100.0000,2026-10-06,101.9900,1280.7500,113.5300,yfinance
URBANCO.NS,2026-10-08,252.0000,False,183.9700,2026-09-04,100.7000,2026-03-04,160.2500,6089794.5500,171.7700,yfinance
URJA.NS,2026-10-08,252.0000,False,13.7500,2025-10-27,8.0000,2026-03-30,8.3600,549452.0000,9.0800,yfinance
USHAMART.NS,2026-10-08,252.0000,False,542.6000,2026-09-21,380.0000,2026-03-23,503.9500,1062923.2000,499.8500,yfinance
USK.NS,2026-10-08,252.0000,False,31.5800,2025-10-03,17.7700,2026-10-01,18.7200,24440.7000,20.8800,yfinance
UTIAMC.NS,2026-10-08,252.0000,False,1409.0000,2025-10-17,866.0000,2026-09-01,877.2000,86273.5500,900.4500,yfinance
UTKARSHBNK.NS,2026-10-08,252.0000,False,22.5700,2025-10-03,10.1200,2026-03-30,13.6400,11512429.5500,15.6900,yfinance
UTLSOLAR.NS,2026-10-08,219.0000,True,494.2500,2026-08-20,172.0000,2026-03-05,409.2000,261679.9500,435.2000,yfinance
UTTAMSUGAR.NS,2026-10-08,252.0000,False,359.3000,2026-08-24,181.1000,2026-03-16,291.5500,368143.5000,287.5500,yfinance
UYFINCORP.NS,2026-10-08,252.0000,False,24.2000,2026-10-06,11.5000,2026-03-30,23.7100,183860.3000,19.8800,yfinance
V2RETAIL.NS,2026-10-08,252.0000,False,259.2500,2026-06-04,153.5000,2026-10-08,154.8700,2217092.1000,220.1700,yfinance
VADILALIND.NS,2026-10-08,252.0000,False,8447.0000,2026-08-13,3996.0000,2026-01-27,7167.5000,15064.6500,7534.5000,yfinance
VAIBHAVGBL.NS,2026-10-08,252.0000,False,293.2500,2025-10-30,174.1300,2026-03-30,199.5500,244839.0500,215.9800,yfinance
VAISHALI.NS,2026-10-08,252.0000,False,11.8800,2025-10-06,4.7500,2026-03-30,7.9900,202866.4500,8.3400,yfinance
VAKRANGEE.NS,2026-10-08,252.0000,False,9.6400,2025-10-27,4.6100,2026-03-30,5.0400,1078420.7000,5.6200,yfinance
VALIANTLAB.NS,2026-10-08,252.0000,False,132.2500,2026-09-22,49.5100,2026-03-04,117.3400,108328.6000,114.1300,yfinance
VALIANTORG.NS,2026-10-08,252.0000,False,505.0000,2026-10-07,195.0000,2026-03-17,450.6000,171056.5000,342.4000,yfinance
VAML.NS,2026-10-08,81.0000,True,537.0000,2026-06-15,372.0000,2026-10-08,374.4500,9845426.9500,436.6000,yfinance
VARDHACRLC.NS,2026-10-08,252.0000,False,48.5500,2026-07-29,27.0100,2026-03-30,42.7000,33119.8500,44.1800,yfinance
VARDMNPOLY.NS,2026-10-08,252.0000,False,9.4900,2025-10-10,5.1000,2026-01-12,5.2500,173221.6500,5.8900,yfinance
VARROC.NS,2026-10-08,252.0000,False,912.2000,2026-09-22,462.0000,2026-03-30,802.9000,341274.4000,849.4500,yfinance
VASCONEQ.NS,2026-10-08,252.0000,False,74.5900,2025-10-10,26.7500,2026-03-30,30.3400,908918.6500,29.8700,yfinance
VASWANI.NS,2026-10-08,252.0000,False,69.9900,2025-11-12,43.1100,2026-10-06,43.3700,34514.6500,46.5000,yfinance
VBL.NS,2026-10-08,252.0000,False,555.8000,2026-06-17,381.0000,2026-03-23,432.0000,5912876.6000,405.7000,yfinance
VCL.NS,2026-10-08,252.0000,False,2.6600,2025-12-10,0.8700,2025-11-10,1.5600,1289794.1500,1.5800,yfinance
VEDL.NS,2026-10-08,252.0000,False,795.0000,2026-04-21,247.2500,2026-10-01,253.1000,8330504.9000,272.0000,yfinance
VEDPOWER.NS,2026-10-08,81.0000,True,49.8800,2026-07-03,30.4400,2026-09-18,31.8900,13392504.7500,34.2800,yfinance
VEEDOL.NS,2026-10-08,252.0000,False,1963.8000,2025-10-08,1238.2000,2026-03-30,1357.8000,9042.2500,1454.0000,yfinance
VENKEYS.NS,2026-10-08,252.0000,False,1814.9000,2026-09-15,1165.0000,2026-03-30,1608.2000,61129.1500,1709.0000,yfinance
VENTIVE.NS,2026-10-08,252.0000,False,793.9500,2026-02-03,542.6000,2026-03-30,563.5500,33468.1000,571.5000,yfinance
VENUSPIPES.NS,2026-10-08,252.0000,False,2347.8999,2026-09-21,890.0000,2026-03-30,2119.8000,320045.7500,1949.9000,yfinance
VENUSREM.NS,2026-10-08,252.0000,False,2044.3000,2026-06-29,428.0000,2025-09-30,1681.0000,31417.7500,1625.2000,yfinance
VERANDA.NS,2026-10-08,252.0000,False,272.5000,2025-10-28,26.9000,2026-10-06,32.7600,454353.4000,232.7300,yfinance
VERTOZ.NS,2026-10-08,252.0000,False,76.8000,2025-12-24,27.0200,2026-03-30,32.4300,43655.7000,38.3800,yfinance
VESUVIUS.NS,2026-10-08,252.0000,False,607.9000,2026-02-20,383.0000,2026-09-28,406.6500,654933.6000,421.8500,yfinance
VETO.NS,2026-10-08,252.0000,False,155.9000,2026-09-28,82.3200,2026-03-30,135.6300,115007.5000,125.7100,yfinance
VGL.NS,2026-10-08,252.0000,False,84.8500,2025-10-03,43.7000,2026-03-30,62.4100,265259.2000,53.2600,yfinance
VGUARD.NS,2026-10-08,252.0000,False,384.0000,2025-10-29,288.8000,2026-07-24,291.8500,372234.0000,330.0500,yfinance
VHL.NS,2026-10-08,252.0000,False,4275.0000,2025-10-27,2870.0000,2026-03-30,3578.8000,839.0000,3631.3999,yfinance
VHLTD.NS,2026-10-08,252.0000,False,155.3600,2025-12-26,112.9802,2026-08-17,136.1000,46084.8000,120.5700,yfinance
VIDHIING.NS,2026-10-08,252.0000,False,387.8500,2025-11-18,258.6000,2026-03-30,331.0000,28599.3500,356.4500,yfinance
VIDYAWIRES.NS,2026-10-08,205.0000,True,117.3500,2026-05-29,44.0600,2026-01-27,98.0300,1484540.5000,89.0900,yfinance
VIJAYA.NS,2026-10-08,252.0000,False,1593.6000,2026-09-23,848.0000,2026-03-30,1431.1000,151928.9500,1503.0000,yfinance
VIJIFIN.NS,2026-10-08,252.0000,False,17.2400,2026-09-08,2.0100,2026-02-18,12.8400,564552.3500,16.5800,yfinance
VIKASECO.NS,2026-10-08,252.0000,False,2.0400,2025-10-03,0.9900,2026-03-30,1.0100,1586312.9000,1.0500,yfinance
VIKASLIFE.NS,2026-10-08,252.0000,False,2.2300,2025-10-06,1.0500,2026-03-30,1.1800,1857332.4000,1.2800,yfinance
VIKRAMSOLR.NS,2026-10-08,252.0000,False,354.4000,2025-10-17,143.0000,2026-10-08,143.3100,1626949.0500,169.2800,yfinance
VIKRAN.NS,2026-10-08,252.0000,False,118.4000,2025-11-20,51.1000,2026-03-30,56.7600,2916025.2000,59.1400,yfinance
VIMTALABS.NS,2026-10-08,252.0000,False,774.7000,2025-10-07,376.0500,2026-03-30,553.0000,147958.9500,625.8000,yfinance
VINATIORGA.NS,2026-10-08,252.0000,False,1739.0000,2025-10-03,1117.3000,2026-10-08,1120.8000,59556.1000,1347.8000,yfinance
VINCOFE.NS,2026-10-08,252.0000,False,191.3500,2026-09-24,120.2400,2026-03-16,175.7900,1716860.7000,178.3400,yfinance
VINDHYATEL.NS,2026-10-08,252.0000,False,2952.6001,2026-09-07,963.9000,2026-03-30,2776.7000,73886.5500,2793.7000,yfinance
VINEETLAB.NS,2026-10-08,252.0000,False,49.9900,2025-10-30,27.9600,2026-03-09,36.5000,119903.6500,36.9400,yfinance
VINNY.NS,2026-10-08,252.0000,False,1.5300,2025-12-11,0.8800,2026-09-30,0.8900,300126.3000,1.0000,yfinance
VINYLINDIA.NS,2026-10-08,252.0000,False,309.0000,2025-10-03,161.0000,2026-03-30,209.8000,5653.8000,224.5700,yfinance
VIPCLOTHNG.NS,2026-10-08,252.0000,False,37.5500,2025-12-05,14.0500,2026-03-30,19.9700,59796.7500,20.2600,yfinance
VIPIND.NS,2026-10-08,252.0000,False,447.3000,2025-10-17,273.8000,2026-10-08,275.2000,283506.6500,309.6000,yfinance
VIPULLTD.NS,2026-10-08,252.0000,False,18.6000,2026-07-14,7.3800,2025-12-03,9.3600,212875.3500,13.4400,yfinance
VIRINCHI.NS,2026-10-08,252.0000,False,29.4700,2025-10-16,12.5500,2026-10-05,12.7600,49446.9500,14.0500,yfinance
VISACHROME.NS,2026-10-08,252.0000,False,73.6800,2025-10-17,27.0500,2026-04-01,33.3100,186404.0500,36.9300,yfinance
VISAKAIND.NS,2026-10-08,252.0000,False,104.4100,2026-08-10,50.2000,2026-03-30,80.5500,229800.3000,93.1200,yfinance
VISHNU.NS,2026-10-08,252.0000,False,744.0000,2026-09-07,449.9000,2025-10-01,665.6500,92883.9000,731.5500,yfinance
VISHWARAJ.NS,2026-10-08,252.0000,False,8.5000,2025-10-09,4.1400,2026-03-30,5.3500,345140.8000,5.8600,yfinance
VISL.NS,2026-10-08,81.0000,True,44.7800,2026-07-03,19.0600,2026-06-15,28.4600,21665394.1500,33.9700,yfinance
VITAL.NS,2026-10-08,252.0000,False,69.4000,2026-04-16,35.4000,2026-03-23,52.5000,5400.2000,55.4000,yfinance
VIVIANA.NS,2026-10-08,252.0000,False,1860.0000,2025-10-13,565.0000,2026-01-27,844.3500,41614.4000,740.8500,yfinance
VIVIDHA.NS,2026-10-08,252.0000,False,0.8600,2025-09-30,0.4300,2026-03-30,0.5000,254955.0000,0.5200,yfinance
VIVIMEDLAB.NS,2026-10-08,252.0000,False,29.4000,2025-12-18,4.7500,2026-08-11,6.9100,37104.6000,6.3300,yfinance
VIYASH.NS,2026-10-08,252.0000,False,298.0000,2026-07-06,178.1300,2026-03-23,235.8600,2605014.0500,261.9500,yfinance
VLEGOV.NS,2026-10-08,252.0000,False,29.5200,2025-10-06,8.4200,2026-04-01,9.4400,99598.1500,10.3600,yfinance
VLSFINANCE.NS,2026-10-08,252.0000,False,339.0000,2025-12-05,198.8100,2025-11-12,228.6700,7268.5000,246.0800,yfinance
VMART.NS,2026-10-08,252.0000,False,888.0000,2025-10-14,457.9000,2026-03-30,811.1500,86267.4500,824.6500,yfinance
VMM.NS,2026-10-08,252.0000,False,152.1800,2025-10-06,96.8000,2026-10-08,97.0000,11053718.9000,103.9000,yfinance
VMSTMT.NS,2026-10-08,252.0000,False,83.9000,2025-10-01,33.5000,2026-03-30,44.6600,77596.6000,44.8300,yfinance
VOEPL.NS,2026-10-08,70.0000,True,593.4500,2026-08-26,428.6500,2026-07-03,532.6000,177309.8500,549.7000,yfinance
VOGL.NS,2026-10-08,81.0000,True,47.6000,2026-07-03,29.5600,2026-10-08,29.8700,23241903.1000,36.6500,yfinance
VOLTAMP.NS,2026-10-08,252.0000,False,12863.0000,2026-05-04,6666.0000,2026-01-27,10399.0000,15817.6000,11365.0000,yfinance
VOLTAS.NS,2026-10-08,252.0000,False,1582.5000,2026-02-27,1024.1000,2026-10-08,1032.0000,758687.6500,1144.8000,yfinance
VPRPL.NS,2026-10-08,252.0000,False,100.4200,2025-10-10,23.9400,2026-06-12,27.4000,701137.9000,36.3500,yfinance
VRAJ.NS,2026-10-08,252.0000,False,155.7500,2025-10-06,93.0000,2026-03-30,119.8500,16543.2500,121.4400,yfinance
VRLLOG.NS,2026-10-08,252.0000,False,310.2000,2026-08-12,225.0000,2026-04-02,284.1000,122124.2000,293.7500,yfinance
VSSL.NS,2026-10-08,252.0000,False,428.2500,2026-09-17,206.4000,2026-03-30,376.1500,575539.3000,356.6000,yfinance
VSTIND.NS,2026-10-08,252.0000,False,286.7800,2026-04-17,200.0000,2026-03-30,200.8600,112572.9000,206.7400,yfinance
VSTL.NS,2026-10-08,252.0000,False,158.8000,2025-10-06,100.8000,2026-03-02,104.7800,7415.0500,124.4400,yfinance
VSTTILLERS.NS,2026-10-08,252.0000,False,6374.0000,2026-01-01,3950.0000,2026-09-16,4211.5000,12291.1000,4127.5000,yfinance
VTL.NS,2026-10-08,252.0000,False,688.0000,2026-07-06,385.5000,2025-10-14,527.3500,364349.3500,584.4000,yfinance
WAAREEENER.NS,2026-10-08,252.0000,False,3718.8000,2025-10-17,2301.1001,2026-10-01,2317.0000,617647.2000,2571.0000,yfinance
WAAREEINDO.NS,2026-10-08,252.0000,False,725.0000,2025-10-13,196.8000,2026-10-08,197.0000,157787.4000,262.0500,yfinance
WAAREERTL.NS,2026-10-08,252.0000,False,1358.0000,2025-10-27,779.5000,2026-03-30,795.9500,130426.5000,845.2500,yfinance
WABAG.NS,2026-10-08,252.0000,False,2319.0000,2026-09-11,1033.0000,2026-01-27,1934.1000,714229.4000,2008.4000,yfinance
WAKEFIT.NS,2026-10-08,201.0000,True,224.0000,2026-02-12,111.4000,2026-06-08,130.5100,402092.7000,153.0500,yfinance
WALCHANNAG.NS,2026-10-08,252.0000,False,315.8000,2026-06-19,131.1500,2026-03-30,208.0100,974625.0500,219.1000,yfinance
WANBURY.NS,2026-10-08,252.0000,False,358.8500,2026-07-15,161.5000,2026-01-27,194.2000,301806.5000,247.7000,yfinance
WCIL.NS,2026-10-08,252.0000,False,138.2900,2025-10-08,77.0200,2026-03-30,93.3000,245493.9000,82.4800,yfinance
WEALTH.NS,2026-10-08,252.0000,False,1244.0000,2025-10-01,774.9500,2026-02-05,836.7000,6429.1000,835.7500,yfinance
WEBELSOLAR.NS,2026-10-08,252.0000,False,137.9000,2025-11-13,50.4000,2026-03-09,66.4000,1842520.2500,75.0100,yfinance
WEIZMANIND.NS,2026-10-08,252.0000,False,114.5000,2025-11-11,65.2100,2026-03-30,71.0700,1340.3000,73.6100,yfinance
WEL.NS,2026-10-08,252.0000,False,183.5300,2025-12-01,68.0100,2026-09-18,75.2500,488175.8000,69.3900,yfinance
WELCORP.NS,2026-10-08,252.0000,False,2900.0000,2026-09-29,710.0000,2026-02-02,2651.3000,2180189.7000,2599.5000,yfinance
WELENT.NS,2026-10-08,252.0000,False,841.9000,2026-09-21,412.0000,2026-03-30,732.3500,711308.1000,790.0000,yfinance
WELINV.NS,2026-10-08,252.0000,False,2500.0000,2026-10-05,1000.1000,2025-10-01,2352.0000,111.6500,2320.7000,yfinance
WELSPUNLIV.NS,2026-10-08,252.0000,False,245.5000,2026-10-07,107.1000,2026-03-30,225.0700,5340398.0500,207.8700,yfinance
WENDT.NS,2026-10-08,252.0000,False,9270.5000,2025-10-03,5841.5000,2026-03-30,7712.0000,15957.5000,8419.0000,yfinance
WESTLIFE.NS,2026-10-08,252.0000,False,697.9500,2025-09-30,398.4000,2026-03-23,577.2000,535903.3500,538.2500,yfinance
WEWIN.NS,2026-10-08,252.0000,False,78.0000,2026-05-11,35.3800,2026-03-30,51.3600,5595.1500,41.8500,yfinance
WEWORK.NS,2026-10-08,245.0000,True,794.5000,2026-08-06,420.0000,2026-03-30,664.1000,144255.2000,667.3500,yfinance
WHEELS.NS,2026-10-08,252.0000,False,2498.0000,2026-09-10,705.8500,2026-01-27,2208.2000,680483.5500,2106.3999,yfinance
WHIRLPOOL.NS,2026-10-08,252.0000,False,1437.0000,2025-10-31,706.0000,2026-09-18,823.1500,3083175.8000,805.0000,yfinance
WILLAMAGOR.NS,2026-10-08,252.0000,False,37.0000,2025-10-03,19.6000,2026-10-08,19.9100,3718.1500,23.7300,yfinance
WINDLAS.NS,2026-10-08,252.0000,False,1181.9000,2026-09-07,697.4000,2026-03-16,991.6000,87956.4500,1146.1000,yfinance
WINDMACHIN.NS,2026-10-08,252.0000,False,343.9000,2026-06-10,200.6500,2026-03-30,288.1000,99536.3000,305.6000,yfinance
WIPL.NS,2026-10-08,252.0000,False,193.2000,2025-10-30,133.1000,2026-01-20,160.6900,1075.1500,167.9900,yfinance
WIPRO.NS,2026-10-08,252.0000,False,273.1000,2025-12-22,156.7900,2026-09-29,158.3800,21299039.3500,171.5000,yfinance
WOCKPHARMA.NS,2026-10-08,252.0000,False,2422.3000,2026-06-01,1086.7000,2026-03-23,2029.6000,1053435.7000,2224.0000,yfinance
WONDERLA.NS,2026-10-08,252.0000,False,602.3500,2025-10-06,455.0000,2026-03-02,509.4500,53074.7500,518.4000,yfinance
WORTHPERI.NS,2026-10-08,252.0000,False,169.8000,2026-08-07,109.0000,2026-03-27,137.1800,9968.5000,155.9900,yfinance
WSI.NS,2026-10-08,252.0000,False,95.0000,2025-12-23,50.1000,2026-10-05,52.8900,44411.0000,59.7500,yfinance
WSTCSTPAPR.NS,2026-10-08,252.0000,False,777.0000,2026-09-21,375.0000,2026-03-09,713.1000,240128.7500,681.2000,yfinance
XCHANGING.NS,2026-10-08,252.0000,False,103.0000,2025-10-30,47.5000,2026-03-30,58.9600,94134.3500,64.0800,yfinance
XELPMOC.NS,2026-10-08,252.0000,False,155.5000,2025-11-19,71.1000,2026-09-22,90.3900,46409.7500,77.6100,yfinance
XPROINDIA.NS,2026-10-08,252.0000,False,1574.8000,2026-07-03,788.0500,2026-03-16,1088.1000,45275.9500,1389.7000,yfinance
XTGLOBAL.NS,2026-10-08,252.0000,False,43.7000,2025-11-13,25.2000,2026-01-27,26.8500,37481.8500,31.1100,yfinance
YASHO.NS,2026-10-08,252.0000,False,4994.0000,2026-08-18,1130.0000,2026-01-09,4114.7002,36830.7500,4079.8999,yfinance
YATHARTH.NS,2026-10-08,252.0000,False,1184.0000,2026-09-18,538.2500,2026-01-27,1014.2000,876495.2000,969.9000,yfinance
YATRA.NS,2026-10-08,252.0000,False,202.0000,2025-11-17,89.9000,2026-03-30,96.1000,933836.8000,113.6400,yfinance
YESBANK.NS,2026-10-08,252.0000,False,25.7800,2026-06-18,17.2000,2026-03-30,20.4500,85750175.4500,22.5200,yfinance
YUKEN.NS,2026-10-08,252.0000,False,1333.9000,2026-10-06,584.1000,2026-03-30,1135.3000,41956.7500,1017.3500,yfinance
ZAGGLE.NS,2026-10-08,252.0000,False,405.4000,2025-11-17,154.3600,2026-08-18,166.4300,976329.7000,180.1100,yfinance
ZEEL.NS,2026-10-08,252.0000,False,118.3500,2026-06-23,68.0000,2026-03-23,68.3700,15687646.0000,86.3100,yfinance
ZEELEARN.NS,2026-10-08,252.0000,False,10.1000,2026-06-24,4.1700,2026-03-30,6.2000,320276.5500,6.6100,yfinance
ZEEMEDIA.NS,2026-10-08,252.0000,False,11.8900,2025-10-01,6.6500,2026-03-30,7.0500,1200425.2500,7.9400,yfinance
ZENITHEXPO.NS,2026-10-08,252.0000,False,262.0000,2025-10-03,174.0000,2026-03-17,180.0500,139.7000,197.0000,yfinance
ZENITHSTL.NS,2026-10-08,252.0000,False,10.3300,2025-10-23,4.4100,2026-01-29,5.1100,70226.8500,6.1000,yfinance
ZENSARTECH.NS,2026-10-08,252.0000,False,822.0000,2025-10-23,416.1500,2026-09-25,441.8000,3812522.9500,450.5500,yfinance
ZENTEC.NS,2026-10-08,252.0000,False,2043.7000,2026-08-19,1223.0000,2026-01-14,1514.2000,271325.6500,1825.0000,yfinance
ZFCVINDIA.NS,2026-10-08,252.0000,False,3044.0000,2026-06-24,2050.3333,2025-11-06,2116.2000,111024.7000,2517.3999,yfinance
ZFSTEERING.NS,2026-10-08,118.0000,True,894.9800,2026-04-22,620.6500,2026-06-03,683.1000,10050.5000,670.3000,yfinance
ZIMLAB.NS,2026-10-08,252.0000,False,152.5000,2026-10-07,59.3100,2026-03-30,140.5300,172632.5500,129.1000,yfinance
ZODIAC.NS,2026-10-08,252.0000,False,415.0000,2025-11-10,201.3500,2026-09-29,207.2000,11772.0500,235.2800,yfinance
ZODIACLOTH.NS,2026-10-08,252.0000,False,104.0000,2025-10-23,58.5000,2026-03-30,66.1900,3674.3500,71.5000,yfinance
ZOTA.NS,2026-10-08,252.0000,False,1740.0000,2025-11-21,1022.0000,2026-09-02,1322.4000,135893.9500,1113.1000,yfinance
ZUARI.NS,2026-10-08,252.0000,False,345.6000,2025-12-30,175.1000,2026-03-30,208.1800,65475.7500,227.9600,yfinance
ZUARIIND.NS,2026-10-08,252.0000,False,383.7500,2025-10-01,210.0000,2026-03-30,268.7000,78116.8500,278.4500,yfinance
ZYDUSLIFE.NS,2026-10-08,252.0000,False,1232.1000,2026-09-29,835.5000,2026-04-02,1112.0000,1599064.6500,1145.5000,yfinance
ZYDUSWELL.NS,2026-10-08,252.0000,False,611.8500,2026-07-20,367.5500,2026-03-02,495.8000,201093.7500,558.1500,yfinance
3BBLACKBIO.NS,2026-10-08,,False,1740.0000,2026-09-30,1085.0000,2026-06-02,1530.0000,,,nse_report
ABANSENT.NS,2026-10-08,,False,48.8500,2026-05-05,22.3000,2026-04-20,28.4500,,,nse_report
ABMKNO.NS,2026-10-08,,False,254.9000,2026-04-23,155.0000,2026-10-08,161.2700,,,nse_report
ACEVECTOR.NS,2026-10-08,,False,33.2700,2026-10-08,23.3700,2026-10-05,29.1200,,,nse_report
ACGL.NS,2026-10-08,,False,1961.9000,2026-09-11,1605.0000,2026-10-01,1690.1000,,,nse_report
ACSTECH.NS,2026-10-08,,False,84.3800,2026-09-25,31.7100,2026-06-04,71.8300,,,nse_report
ADDIND.NS,2026-10-08,,False,94.6000,2026-08-26,70.0000,2026-10-05,72.4600,,,nse_report
ADROITIND.NS,2026-10-08,,False,258.8000,2026-10-01,202.3500,2026-10-07,212.4500,,,nse_report
ADVIKCA.NS,2026-10-08,,False,1.2700,2026-08-17,0.8600,2026-09-30,0.9800,,,nse_report
AKCAPIT.NS,2026-10-08,,False,1875.0000,2026-07-14,1484.9000,2026-04-23,1728.4000,,,nse_report
ALFREDHE.NS,2026-10-08,,False,3599.0000,2026-08-17,2709.2000,2026-09-21,2740.0000,,,nse_report
ALPINETEX.NS,2026-10-08,,False,105.0000,2026-07-21,44.8000,2026-10-08,45.1100,,,nse_report
ALUFLUOR.NS,2026-10-08,,False,661.9500,2026-10-08,421.0000,2026-08-17,645.0000,,,nse_report
AMAL.NS,2026-10-08,,False,822.0000,2026-08-20,636.0500,2026-09-28,774.8000,,,nse_report
AMARJOTHI.NS,2026-10-08,,False,166.0000,2026-09-01,141.6500,2026-09-16,147.3000,,,nse_report
ANDREWYU.NS,2026-10-08,,False,30.4900,2026-08-26,24.1000,2026-10-01,24.3000,,,nse_report
ANNU.NS,2026-10-08,,False,75.6000,2026-09-02,43.2200,2026-10-06,46.3300,,,nse_report
ANSALBU.NS,2026-10-08,,False,107.5000,2026-09-23,70.6400,2026-08-24,82.4200,,,nse_report
AONESTEELS.NS,2026-10-08,,False,470.0000,2026-10-01,366.4500,2026-10-06,416.9500,,,nse_report
APOORVA.NS,2026-10-08,,False,35.5800,2026-09-24,24.0400,2026-09-10,32.8900,,,nse_report
ARCIL.NS,2026-10-08,,False,164.9000,2026-10-08,124.5000,2026-09-18,156.1800,,,nse_report
ARCL.NS,2026-10-08,,False,280.7000,2026-09-17,211.5000,2026-10-08,221.8700,,,nse_report
ARDEE.NS,2026-10-08,,False,73.1900,2026-08-12,46.5000,2026-09-16,48.9600,,,nse_report
ARMEE.NS,2026-10-08,,False,375.0000,2026-09-30,251.0500,2026-10-05,256.4000,,,nse_report
ARYAMAN.NS,2026-10-08,,False,674.9500,2026-08-28,570.0000,2026-08-20,610.0000,,,nse_report
ASHIKAG.NS,2026-10-08,,False,520.9500,2026-08-03,339.9500,2026-06-01,382.5500,,,nse_report
ASIANTNE.NS,2026-10-08,,False,10.9900,2026-08-31,8.0500,2026-10-08,8.2100,,,nse_report
ASSAMENT.NS,2026-10-08,,False,857.7500,2026-09-01,705.0000,2026-08-28,789.5500,,,nse_report
ASTAR.NS,2026-10-08,,False,848.0000,2026-09-21,485.0000,2026-09-16,641.6000,,,nse_report
AUGMONT.NS,2026-10-08,,False,1277.0000,2026-10-08,806.0500,2026-09-17,1274.1000,,,nse_report
AUSTENG.NS,2026-10-08,,False,178.0000,2026-09-23,110.0000,2026-08-18,151.3900,,,nse_report
AVANCE.NS,2026-10-08,,False,0.9400,2026-08-18,0.7500,2026-08-17,0.7800,,,nse_report
AXTEL.NS,2026-10-08,,False,459.9000,2026-09-24,385.0000,2026-08-31,432.8000,,,nse_report
AZADIND.NS,2026-10-08,,False,98.9900,2026-08-28,70.4100,2026-09-22,82.5600,,,nse_report
BAJAJST.NS,2026-10-08,,False,507.8000,2026-04-20,322.0000,2026-10-06,324.3000,,,nse_report
BEEKAY.NS,2026-10-08,,False,480.0000,2026-09-30,355.0500,2026-04-20,421.0500,,,nse_report
BENARAS.NS,2026-10-08,,False,11499.0000,2026-09-15,9965.0000,2026-08-31,10200.0000,,,nse_report
BENGALASM.NS,2026-10-08,,False,7268.0000,2026-06-05,5421.0000,2026-10-05,5901.5000,,,nse_report
BI.NS,2026-10-08,,False,113.0000,2026-09-21,51.6200,2026-05-18,92.8700,,,nse_report
BIRLAPREC.NS,2026-10-08,,False,63.4900,2026-09-15,32.2500,2026-04-24,56.1700,,,nse_report
BLACKROSE.NS,2026-10-08,,False,129.9000,2026-06-23,80.0500,2026-04-22,107.2700,,,nse_report
BLEL.NS,2026-10-08,,False,548.0000,2026-08-20,415.0000,2026-09-16,486.9500,,,nse_report
BLIL.NS,2026-10-08,,False,79.5000,2026-05-07,64.2200,2026-10-01,64.9200,,,nse_report
BLUECLOUDS.NS,2026-10-08,,False,24.5000,2026-08-17,18.8500,2026-09-16,19.9600,,,nse_report
BNAGROCHEM.NS,2026-10-08,,False,394.8000,2026-06-01,192.2300,2026-09-17,199.3900,,,nse_report
BNALTD.NS,2026-10-08,,False,589.0000,2026-07-17,310.4000,2026-06-01,363.0000,,,nse_report
BPLPHARMA.NS,2026-10-08,,False,2277.6000,2026-09-28,1125.7000,2026-08-17,1892.8000,,,nse_report
BRAHMINFRA.NS,2026-10-08,,False,184.0000,2026-08-19,138.0000,2026-10-08,140.4900,,,nse_report
BRIGHTBR.NS,2026-10-08,,False,270.0000,2026-08-24,210.0000,2026-08-17,228.0000,,,nse_report
CENTEXT-RE.NS,2026-10-08,,False,3.8800,2026-09-30,1.3500,2026-09-24,2.9500,,,nse_report
CFEL.NS,2026-10-08,,False,52.8000,2026-09-15,24.3600,2026-08-18,44.0000,,,nse_report
CGVAK.NS,2026-10-08,,False,163.7000,2026-08-21,127.0000,2026-08-17,137.7300,,,nse_report
CHEMCRUX.NS,2026-10-08,,False,91.4500,2026-10-07,76.3000,2026-09-29,86.0300,,,nse_report
CMLL.NS,2026-10-08,,False,624.4000,2026-07-27,460.0000,2026-09-11,515.1500,,,nse_report
COMFINTE.NS,2026-10-08,,False,9.1900,2026-05-14,5.2100,2026-07-14,6.2300,,,nse_report
COMPEAU.NS,2026-10-08,,False,420.0000,2026-08-21,314.3000,2026-08-17,362.0000,,,nse_report
CPL.NS,2026-10-08,,False,75.7400,2026-07-27,59.5300,2026-10-08,60.0600,,,nse_report
CRAVATEX.NS,2026-10-08,,False,410.0000,2026-09-24,300.0000,2026-08-26,344.6500,,,nse_report
DAICHI.NS,2026-10-08,,False,380.0000,2026-09-07,229.9000,2026-06-10,321.9500,,,nse_report
DECNGOLD.NS,2026-10-08,,False,250.8000,2026-08-21,114.8000,2026-05-12,191.1600,,,nse_report
DEEP.NS,2026-10-08,,False,49.1700,2026-09-11,34.2000,2026-09-02,39.3300,,,nse_report
DEEPA.NS,2026-10-08,,False,242.4000,2026-10-07,164.7900,2026-09-16,232.8000,,,nse_report
DHABRIYA.NS,2026-10-08,,False,603.0000,2026-08-24,445.0000,2026-10-06,485.9500,,,nse_report
DHATRE.NS,2026-10-08,,False,5.1700,2026-09-07,3.5600,2026-10-07,3.8900,,,nse_report
DHOOTTRANS.NS,2026-10-08,,False,1735.3000,2026-09-15,1131.0000,2026-08-17,1440.4000,,,nse_report
DRAGARWQ.NS,2026-10-08,,False,6059.7000,2026-05-21,4600.0000,2026-05-21,5160.5000,,,nse_report
EASTWEST.NS,2026-10-08,,False,2.6800,2026-08-26,2.0500,2026-09-21,2.3200,,,nse_report
EBIX.NS,2026-10-08,,False,22.8300,2026-08-26,16.0300,2026-08-18,16.8200,,,nse_report
ECORECO.NS,2026-10-08,,False,494.9000,2026-08-17,385.0000,2026-10-01,411.9500,,,nse_report
EKI.NS,2026-10-08,,False,108.9400,2026-09-25,67.0000,2026-09-16,82.1700,,,nse_report
ELEVATE.NS,2026-10-08,,False,372.7500,2026-09-30,290.1000,2026-09-30,329.8500,,,nse_report
ELITECON.NS,2026-10-08,,False,46.4000,2026-04-21,7.0800,2026-09-10,7.2000,,,nse_report
EMPIND.NS,2026-10-08,,False,1248.0000,2026-08-28,1002.1000,2026-09-16,1021.7000,,,nse_report
EMPOWER.NS,2026-10-08,,False,2.8200,2026-05-13,1.3000,2026-04-20,1.8300,,,nse_report
ENKEIWHEL.NS,2026-10-08,,False,425.0000,2026-08-24,372.0000,2026-09-21,390.1000,,,nse_report
ESDS.NS,2026-10-08,,False,1859.2000,2026-09-24,756.0000,2026-09-04,1426.9000,,,nse_report
FEDDERSHOL.NS,2026-10-08,,False,75.9900,2026-10-06,32.0600,2026-05-27,61.7600,,,nse_report
FERMENTA.NS,2026-10-08,,False,582.6500,2026-10-06,248.8500,2026-05-04,539.6000,,,nse_report
FREDUN.NS,2026-10-08,,False,1665.0000,2026-10-08,1195.2000,2026-09-16,1531.7000,,,nse_report
FRONTSP.NS,2026-10-08,,False,1869.0000,2026-05-08,1150.5000,2026-09-22,1395.9000,,,nse_report
GAJA.NS,2026-10-08,,False,191.6500,2026-08-26,133.0000,2026-10-01,145.1000,,,nse_report
GERMAN.NS,2026-10-08,,False,142.8100,2026-10-05,115.0000,2026-10-08,115.6200,,,nse_report
GKB.NS,2026-10-08,,False,76.0200,2026-09-22,58.2500,2026-10-06,62.9100,,,nse_report
GLASSWALL.NS,2026-10-08,,False,317.9000,2026-09-22,185.2000,2026-09-16,267.1000,,,nse_report
GNRL.NS,2026-10-08,,False,120.9000,2026-06-29,83.2000,2026-06-25,95.5200,,,nse_report
GRANDOAK.NS,2026-10-08,,False,55.7600,2026-06-23,24.0000,2026-06-03,36.0000,,,nse_report
GRAVISSHO.NS,2026-10-08,,False,49.9000,2026-09-16,25.2000,2026-04-20,30.0100,,,nse_report
GSPLTRANS.NS,2026-10-08,,False,159.6000,2026-09-30,111.7500,2026-10-08,111.7500,,,nse_report
HALDYNGL.NS,2026-10-08,,False,163.7800,2026-09-30,85.0000,2026-04-22,140.8900,,,nse_report
HAMPTON.NS,2026-10-08,,False,9.6500,2026-09-08,7.0100,2026-08-17,8.0900,,,nse_report
HAZOOR.NS,2026-10-08,,False,22.4900,2026-08-28,16.5100,2026-10-08,17.0700,,,nse_report
HBESD.NS,2026-10-08,,False,95.9000,2026-05-07,60.2600,2026-10-01,74.4000,,,nse_report
HBPOR.NS,2026-10-08,,False,65.0000,2026-09-16,48.6000,2026-08-26,61.9900,,,nse_report
HEROMOTORS.NS,2026-10-08,,False,178.8400,2026-10-05,80.5000,2026-09-23,164.3500,,,nse_report
HINDADH.NS,2026-10-08,,False,402.6500,2026-08-18,335.5500,2026-08-17,386.7500,,,nse_report
HINDALUMI.NS,2026-10-08,,False,107.5000,2026-08-18,86.3000,2026-09-28,89.9000,,,nse_report
HORIZONIND.NS,2026-10-08,,False,60.2500,2026-08-24,47.0600,2026-10-06,48.4700,,,nse_report
HRYNSHP.NS,2026-10-08,,False,108.0000,2026-10-05,91.0000,2026-08-27,96.0000,,,nse_report
HTEL.NS,2026-10-08,,False,103.7200,2026-10-08,62.9100,2026-09-28,97.2700,,,nse_report
INDOKEM.NS,2026-10-08,,False,697.1000,2026-10-08,555.0000,2026-09-16,692.8000,,,nse_report
INDOMIM.NS,2026-10-08,,False,1374.4000,2026-10-07,700.0000,2026-07-30,1238.6000,,,nse_report
INDPRUD.NS,2026-10-08,,False,7052.5000,2026-04-30,5750.5000,2026-06-08,6300.0000,,,nse_report
INVPRECQ.NS,2026-10-08,,False,1675.0000,2026-10-06,551.0000,2026-05-05,1528.9000,,,nse_report
IPRINGLTD.NS,2026-10-08,,False,187.0000,2026-09-01,124.5000,2026-08-17,138.2300,,,nse_report
ISTLTD.NS,2026-10-08,,False,749.9500,2026-08-20,585.0000,2026-10-05,628.2500,,,nse_report
ITL.NS,2026-10-08,,False,379.9000,2026-10-07,311.1000,2026-08-20,364.8500,,,nse_report
IWP.NS,2026-10-08,,False,42.4000,2026-09-29,28.0000,2026-04-20,36.0200,,,nse_report
JENBURPH.NS,2026-10-08,,False,1073.9000,2026-08-18,864.0000,2026-10-08,954.2000,,,nse_report
JNPR.NS,2026-10-08,,False,284.5000,2026-10-06,232.1100,2026-08-06,274.4500,,,nse_report
JSIPL.NS,2026-10-08,,False,214.9600,2026-10-08,120.0000,2026-09-23,175.8800,,,nse_report
JYOTIRES.NS,2026-10-08,,False,911.0000,2026-08-26,821.2000,2026-09-16,836.6500,,,nse_report
KAMAHOLD.NS,2026-10-08,,False,2783.9000,2026-08-14,2172.3000,2026-09-24,2227.6000,,,nse_report
KAMANWALA.NS,2026-10-08,,False,19.5100,2026-08-19,13.5500,2026-08-17,,,,nse_report
KANCHI.NS,2026-10-08,,False,463.3500,2026-04-24,334.7000,2026-06-11,366.2500,,,nse_report
KANCOTEA.NS,2026-10-08,,False,58.7000,2026-09-07,46.2000,2026-08-18,52.9300,,,nse_report
KANOHAR.NS,2026-10-08,,False,1207.7000,2026-10-08,685.1000,2026-09-16,1183.2500,,,nse_report
KARAMTARA.NS,2026-10-08,,False,444.0000,2026-10-06,320.0000,2026-09-17,393.8000,,,nse_report
KDGREEN.NS,2026-10-08,,False,61.4900,2026-08-27,45.8100,2026-09-16,48.7600,,,nse_report
KIRANVYPAR.NS,2026-10-08,,False,225.4000,2026-10-08,148.2700,2026-06-03,199.1900,,,nse_report
KJMCFIN.NS,2026-10-08,,False,84.5000,2026-08-24,51.0100,2026-08-17,57.6900,,,nse_report
KLBRENG-B.NS,2026-10-08,,False,544.8500,2026-04-21,332.4000,2026-08-17,500.1500,,,nse_report
KMCSHIL.NS,2026-10-08,,False,185.5000,2026-10-08,128.4800,2026-09-16,177.2800,,,nse_report
KOTIC.NS,2026-10-08,,False,223.7000,2026-04-24,123.1200,2026-09-16,155.1400,,,nse_report
KPL.NS,2026-10-08,,False,3949.0000,2026-09-21,1561.0000,2026-04-21,3533.3000,,,nse_report
KSE.NS,2026-10-08,,False,205.0000,2026-08-17,173.0000,2026-10-06,175.4800,,,nse_report
LADDERUP.NS,2026-10-08,,False,80.9800,2026-09-15,42.7000,2026-09-04,,,,nse_report
LAHOTIOV.NS,2026-10-08,,False,53.9000,2026-05-04,34.0600,2026-05-20,38.5000,,,nse_report
LAKSHMIMIL.NS,2026-10-08,,False,8505.0000,2026-08-18,7352.0000,2026-10-08,7634.0000,,,nse_report
LALITHAA.NS,2026-10-08,,False,414.1000,2026-10-07,240.3500,2026-08-27,376.4500,,,nse_report
LANCER.NS,2026-10-08,,False,13.8000,2026-08-31,10.1000,2026-08-20,10.8300,,,nse_report
LASERPOWER.NS,2026-10-08,,False,343.5000,2026-08-25,250.0000,2026-07-16,272.5000,,,nse_report
LCCPROJECT.NS,2026-10-08,,False,189.0000,2026-09-17,138.8000,2026-10-06,145.0800,,,nse_report
LCL.NS,2026-10-08,,False,638.7000,2026-10-07,461.0000,2026-07-30,608.7000,,,nse_report
LEAPIND.NS,2026-10-08,,False,172.2900,2026-08-31,128.5500,2026-09-16,141.4200,,,nse_report
LEENEE.NS,2026-10-08,,False,11.4800,2026-08-25,6.8100,2026-08-18,7.0000,,,nse_report
LKPSEC.NS,2026-10-08,,False,18.4300,2026-08-19,13.0100,2026-10-07,13.6200,,,nse_report
LOTUSCHO.NS,2026-10-08,,False,724.0000,2026-10-08,526.1000,2026-10-05,658.9000,,,nse_report
LUMINO.NS,2026-10-08,,False,122.0000,2026-09-04,94.5000,2026-10-01,101.9500,,,nse_report
MADHAVIPL.NS,2026-10-08,,False,9.9000,2026-04-27,6.9300,2026-10-01,7.2100,,,nse_report
MAKERSL.NS,2026-10-08,,False,236.0000,2026-08-25,150.0000,2026-08-19,179.5000,,,nse_report
MANIKA.NS,2026-10-08,,False,61.2500,2026-10-08,39.7100,2026-09-23,55.4600,,,nse_report
MANIPALHOS.NS,2026-10-08,,False,815.0000,2026-08-28,625.4500,2026-08-06,684.0500,,,nse_report
MCCHRLS-B.NS,2026-10-08,,False,799.0000,2026-08-27,580.0000,2026-06-30,675.1500,,,nse_report
MEDICAPQ.NS,2026-10-08,,False,36.8000,2026-09-10,20.3300,2026-08-18,24.2900,,,nse_report
MENNPIS.NS,2026-10-08,,False,85.8000,2026-09-08,52.3500,2026-06-09,69.9900,,,nse_report
MERCANTILE.NS,2026-10-08,,False,31.9000,2026-05-12,19.0000,2026-04-20,20.7000,,,nse_report
MIIL.NS,2026-10-08,,False,742.9000,2026-08-27,640.5000,2026-09-16,670.8500,,,nse_report
MILKYMIST.NS,2026-10-08,,False,342.4000,2026-10-08,165.0000,2026-08-18,328.3500,,,nse_report
MINALIND.NS,2026-10-08,,False,5.8900,2026-09-08,1.7100,2026-08-18,4.0100,,,nse_report
MKEXIM.NS,2026-10-08,,False,72.0000,2026-09-21,45.7000,2026-08-17,57.7600,,,nse_report
MLKFOOD.NS,2026-10-08,,False,93.0000,2026-08-24,71.0200,2026-09-28,85.1500,,,nse_report
MOHITE.NS,2026-10-08,,False,3.3000,2026-09-01,2.1500,2026-08-17,2.4500,,,nse_report
MOLBIO.NS,2026-10-08,,False,1686.8000,2026-09-11,926.3500,2026-08-17,1479.2000,,,nse_report
MOMSBELIEF.NS,2026-10-08,,False,267.6100,2026-09-29,208.0300,2026-09-11,218.4900,,,nse_report
MONEYVIEW.NS,2026-10-08,,False,64.5600,2026-10-08,48.3400,2026-10-06,57.8900,,,nse_report
MPDL.NS,2026-10-08,,False,45.2900,2026-08-24,23.2600,2026-08-20,25.8700,,,nse_report
MPIMANIPAL.NS,2026-10-08,,False,458.0000,2026-09-29,315.6500,2026-09-17,361.8000,,,nse_report
MSL.NS,2026-10-08,,False,167.0000,2026-10-07,120.0000,2026-09-16,136.6900,,,nse_report
MUKESHB.NS,2026-10-08,,False,147.1500,2026-08-17,123.0000,2026-10-07,,,,nse_report
MVELECTRO.NS,2026-10-08,,False,970.0000,2026-10-06,516.5500,2026-08-26,879.2500,,,nse_report
MYSORPETRO.NS,2026-10-08,,False,182.0300,2026-08-21,111.0000,2026-08-18,113.0400,,,nse_report
NATIONSTD.NS,2026-10-08,,False,1519.9500,2026-04-20,98.2700,2026-08-28,104.9000,,,nse_report
NEAGI.NS,2026-10-08,,False,3600.0000,2026-08-31,3001.0000,2026-08-17,3194.6000,,,nse_report
NICCOPAR.NS,2026-10-08,,False,98.9900,2026-08-28,72.0000,2026-08-18,76.9000,,,nse_report
NILE.NS,2026-10-08,,False,2018.9000,2026-07-14,1202.3000,2026-10-08,1216.4000,,,nse_report
NTCIND.NS,2026-10-08,,False,155.0000,2026-08-17,126.0000,2026-10-05,135.0300,,,nse_report
ODYCORP.NS,2026-10-08,,False,8.4800,2026-08-28,5.7100,2026-08-17,6.8600,,,nse_report
ONEGLOBAL.NS,2026-10-08,,False,606.0000,2026-10-08,494.0000,2026-09-03,561.3000,,,nse_report
ONIXSOLAR.NS,2026-10-08,,False,464.2000,2026-09-10,262.4500,2026-08-26,371.2000,,,nse_report
OPTIFIN.NS,2026-10-08,,False,17.0000,2026-09-23,11.2500,2026-08-17,14.2900,,,nse_report
ORIENTCABL.NS,2026-10-08,,False,464.8500,2026-10-05,364.5000,2026-10-06,386.8500,,,nse_report
ORIRAIL.NS,2026-10-08,,False,142.0000,2026-08-26,102.8000,2026-08-20,119.2800,,,nse_report
PACIFICI.NS,2026-10-08,,False,160.0000,2026-08-21,111.1500,2026-08-17,133.0100,,,nse_report
PANCHMAHQ.NS,2026-10-08,,False,339.0000,2026-09-25,253.9500,2026-09-08,269.0000,,,nse_report
PANORAMA.NS,2026-10-08,,False,69.5000,2026-10-05,40.0000,2026-09-02,63.6500,,,nse_report
PARNAXLAB.NS,2026-10-08,,False,149.5000,2026-09-10,104.0000,2026-09-10,113.0700,,,nse_report
PBMPOLY.NS,2026-10-08,,False,72.2000,2026-08-28,55.9700,2026-10-06,60.2400,,,nse_report
PERMAGN.NS,2026-10-08,,False,929.0000,2026-08-19,784.0500,2026-08-18,855.7500,,,nse_report
PERNIASPOP.NS,2026-10-08,,False,588.9000,2026-09-07,501.0500,2026-09-25,528.5500,,,nse_report
PHOENXINTL.NS,2026-10-08,,False,35.6400,2026-08-25,27.5000,2026-09-15,27.8400,,,nse_report
PIONRINV.NS,2026-10-08,,False,135.4400,2026-05-29,59.4700,2026-10-08,59.4700,,,nse_report
PML.NS,2026-10-08,,False,645.0000,2026-04-20,451.5500,2026-07-08,453.5000,,,nse_report
POEL.NS,2026-10-08,,False,168.9700,2026-08-24,125.1000,2026-10-08,128.2500,,,nse_report
POLYSPIN.NS,2026-10-08,,False,36.4900,2026-09-24,27.5300,2026-09-15,29.9600,,,nse_report
PRADPME.NS,2026-10-08,,False,653.1000,2026-10-07,357.0500,2026-04-22,587.7500,,,nse_report
PRANAV.NS,2026-10-08,,False,165.1000,2026-09-15,89.1000,2026-10-07,95.7300,,,nse_report
PRASOLCHEM.NS,2026-10-08,,False,914.9000,2026-09-30,601.0000,2026-09-16,878.2000,,,nse_report
PRAVEG.NS,2026-10-08,,False,325.0000,2026-04-29,210.4000,2026-06-11,233.6400,,,nse_report
PREMCO.NS,2026-10-08,,False,484.9000,2026-05-08,355.0000,2026-07-02,395.6500,,,nse_report
PRIORITY.NS,2026-10-08,,False,342.7000,2026-10-07,209.6100,2026-09-16,310.0500,,,nse_report
PRISMX.NS,2026-10-08,,False,0.6300,2026-09-15,0.4700,2026-08-26,0.4900,,,nse_report
QUINT.NS,2026-10-08,,False,90.0000,2026-09-25,33.4500,2026-04-22,56.0100,,,nse_report
RENTOMOJO.NS,2026-10-08,,False,648.0000,2026-10-08,482.4500,2026-09-17,600.4500,,,nse_report
RIR.NS,2026-10-08,,False,213.9400,2026-09-18,154.0000,2026-09-03,173.3400,,,nse_report
RRECL.NS,2026-10-08,,False,152.0000,2026-09-21,111.2000,2026-09-28,133.9600,,,nse_report
RRIL.NS,2026-10-08,,False,21.5000,2026-05-22,15.0600,2026-08-25,15.9700,,,nse_report
RSDFIN.NS,2026-10-08,,False,168.4800,2026-08-06,65.6000,2026-07-28,90.0000,,,nse_report
RTSPOWR.NS,2026-10-08,,False,138.0500,2026-09-29,68.8800,2026-09-16,113.6500,,,nse_report
RUNWALENTR.NS,2026-10-08,,False,307.7500,2026-10-05,258.9000,2026-10-08,263.2000,,,nse_report
SAB.NS,2026-10-08,,False,192.6000,2026-09-08,165.0000,2026-08-31,171.0000,,,nse_report
SAICAPI.NS,2026-10-08,,False,170.0500,2026-08-24,133.5000,2026-09-07,143.0500,,,nse_report
SAMBANDAM.NS,2026-10-08,,False,161.9000,2026-08-24,97.7000,2026-08-19,,,,nse_report
SAPPL.NS,2026-10-08,,False,335.0000,2026-10-05,252.0000,2026-07-01,328.4000,,,nse_report
SAYAJIIND.NS,2026-10-08,,False,125.9500,2026-09-28,106.5000,2026-08-20,115.4100,,,nse_report
SBIFUNDS.NS,2026-10-08,,False,624.9500,2026-07-21,494.0000,2026-10-05,499.9500,,,nse_report
SCANSTL.NS,2026-10-08,,False,68.8100,2026-08-06,31.3500,2026-04-20,48.6800,,,nse_report
SEIL.NS,2026-10-08,,False,239.9600,2026-07-06,172.9000,2026-04-21,178.1200,,,nse_report
SEKURITIND.NS,2026-10-08,,False,124.6500,2026-08-18,105.0500,2026-09-15,107.4100,,,nse_report
SGLRES.NS,2026-10-08,,False,2.7400,2026-08-17,2.1600,2026-10-07,2.2600,,,nse_report
SGRL.NS,2026-10-08,,False,749.8500,2026-09-23,477.0500,2026-08-17,706.2500,,,nse_report
SHAHINVEST.NS,2026-10-08,,False,179.5500,2026-10-06,158.4800,2026-10-08,158.4800,,,nse_report
SHANKESH.NS,2026-10-08,,False,115.9000,2026-09-11,86.5800,2026-10-01,91.8400,,,nse_report
SHBAJRG.NS,2026-10-08,,False,214.9500,2026-07-06,147.9800,2026-09-16,161.6600,,,nse_report
SHERVANI.NS,2026-10-08,,False,374.0000,2026-09-15,299.2500,2026-10-05,315.0000,,,nse_report
SHILGRAVQ.NS,2026-10-08,,False,179.7000,2026-08-19,136.6000,2026-10-08,141.9900,,,nse_report
SHINDL.NS,2026-10-08,,False,179.9900,2026-08-10,130.6000,2026-06-25,158.3900,,,nse_report
SHIPROCKET.NS,2026-10-08,,False,156.9000,2026-08-20,116.6400,2026-09-25,129.1000,,,nse_report
SHIVAAGRO.NS,2026-10-08,,False,45.9000,2026-08-18,36.0000,2026-09-28,39.0300,,,nse_report
SHIVACEM.NS,2026-10-08,,False,17.9400,2026-08-17,12.4500,2026-10-05,12.9500,,,nse_report
SHRADDHA.NS,2026-10-08,,False,179.0000,2026-10-05,142.0000,2026-08-26,158.8700,,,nse_report
SHRIKRISH.NS,2026-10-08,,False,56.0000,2026-04-28,32.5600,2026-10-05,35.0000,,,nse_report
SHRJAGP.NS,2026-10-08,,False,801.2500,2026-08-17,590.0500,2026-08-31,650.5000,,,nse_report
SHUKRAPHAR.NS,2026-10-08,,False,75.4000,2026-10-06,40.0600,2026-08-14,66.7800,,,nse_report
SIEL.NS,2026-10-08,,False,44.5400,2026-08-20,28.1000,2026-09-11,29.9500,,,nse_report
SIKA.NS,2026-10-08,,False,1359.4000,2026-07-03,870.1000,2026-05-18,1028.7000,,,nse_report
SIMPLXREA.NS,2026-10-08,,False,149.9800,2026-09-07,113.7500,2026-10-06,125.4000,,,nse_report
SKYWAYS.NS,2026-10-08,,False,137.3800,2026-09-21,106.8200,2026-09-08,111.1400,,,nse_report
SONA.NS,2026-10-08,,False,107.4200,2026-09-24,88.1000,2026-10-05,99.7700,,,nse_report
SONAL.NS,2026-10-08,,False,104.7500,2026-04-28,73.3500,2026-10-08,85.0000,,,nse_report
SRIKPRIND.NS,2026-10-08,,False,36.8000,2026-09-04,19.4000,2026-08-21,24.7000,,,nse_report
SRIT.NS,2026-10-08,,False,155.0900,2026-10-06,139.9800,2026-10-08,139.9800,,,nse_report
SSRETAIL.NS,2026-10-08,,False,888.0000,2026-09-24,603.0500,2026-09-23,681.4500,,,nse_report
STEAMHOUSE.NS,2026-10-08,,False,126.8000,2026-10-07,91.6000,2026-09-17,121.2100,,,nse_report
STLSTRINF.NS,2026-10-08,,False,27.9000,2026-09-16,14.5900,2026-08-21,22.0000,,,nse_report
SUMEDHA.NS,2026-10-08,,False,48.1000,2026-09-22,36.6000,2026-08-18,41.9500,,,nse_report
SUNLOC.NS,2026-10-08,,False,82.0000,2026-09-01,66.0100,2026-10-05,72.5000,,,nse_report
SUNRAKSHAK.NS,2026-10-08,,False,382.4000,2026-08-19,349.6000,2026-10-08,353.8000,,,nse_report
SUNSHIEL.NS,2026-10-08,,False,1284.8000,2026-09-08,1025.0000,2026-10-08,1048.3000,,,nse_report
SUNSHINE.NS,2026-10-08,,False,524.9500,2026-09-11,326.2500,2026-09-15,432.8000,,,nse_report
SUPTANERY.NS,2026-10-08,,False,16.2100,2026-09-02,6.8100,2026-08-17,8.8900,,,nse_report
SURYALA.NS,2026-10-08,,False,508.0000,2026-06-01,330.3000,2026-04-30,376.3500,,,nse_report
SVGLOBAL.NS,2026-10-08,,False,177.5000,2026-09-21,114.3000,2026-08-26,136.0600,,,nse_report
SWARNSAR.NS,2026-10-08,,False,45.7000,2026-09-09,32.0000,2026-08-21,39.1000,,,nse_report
SWASTIKAIN.NS,2026-10-08,,False,220.6300,2026-10-08,198.0500,2026-10-06,220.6100,,,nse_report
SWISSMLTRY.NS,2026-10-08,,False,18.5000,2026-08-24,13.0000,2026-08-17,13.9200,,,nse_report
SYMBIOTEC.NS,2026-10-08,,False,1246.0000,2026-10-01,934.2000,2026-09-01,1093.8000,,,nse_report
TAALTECH.NS,2026-10-08,,False,1234.0000,2026-09-22,523.2200,2026-05-19,1041.5000,,,nse_report
TAMBOLIIN.NS,2026-10-08,,False,318.8500,2026-09-15,141.5000,2026-04-21,290.5500,,,nse_report
TANAA.NS,2026-10-08,,False,378.9500,2026-09-22,238.0000,2026-09-11,330.3500,,,nse_report
TECHNOCRAF.NS,2026-10-08,,False,496.5000,2026-09-25,284.0000,2026-08-14,472.5000,,,nse_report
TECHNVISN.NS,2026-10-08,,False,6198.0000,2026-04-29,3222.8000,2026-07-20,4384.5000,,,nse_report
TEMPSENS.NS,2026-10-08,,False,634.8500,2026-08-28,486.0000,2026-10-05,561.0000,,,nse_report
TERAI.NS,2026-10-08,,False,140.0000,2026-09-07,100.3000,2026-10-07,116.6800,,,nse_report
TGVSL.NS,2026-10-08,,False,130.4900,2026-09-28,101.0100,2026-09-16,120.8200,,,nse_report
THACKER.NS,2026-10-08,,False,1689.9000,2026-06-03,900.1000,2026-10-01,938.7500,,,nse_report
THAKDEV.NS,2026-10-08,,False,163.0100,2026-07-27,115.1000,2026-09-21,133.0000,,,nse_report
TOYAMSL.NS,2026-10-08,,False,0.9200,2026-09-24,0.6000,2026-09-04,0.7300,,,nse_report
TRANSCOR.NS,2026-10-08,,False,29.0000,2026-09-22,21.0000,2026-10-01,23.9800,,,nse_report
TRITONV.NS,2026-10-08,,False,1219.3000,2026-08-19,1020.0000,2026-09-16,1029.9000,,,nse_report
TUTIALKA.NS,2026-10-08,,False,62.9000,2026-09-04,51.0800,2026-10-08,52.4100,,,nse_report
UDAYJEW.NS,2026-10-08,,False,180.8900,2026-09-10,115.0400,2026-08-20,168.7300,,,nse_report
UPHOT.NS,2026-10-08,,False,1597.0000,2026-10-08,1320.0000,2026-09-07,1597.0000,,,nse_report
VADILENT.NS,2026-10-08,,False,12598.0000,2026-09-01,9401.0000,2026-08-20,9822.0000,,,nse_report
VARMORA.NS,2026-10-08,,False,163.7700,2026-09-29,130.3500,2026-10-07,134.1600,,,nse_report
VASUPRADA.NS,2026-10-08,,False,111.3800,2026-09-07,92.0000,2026-10-06,98.9700,,,nse_report
VEDAVAAG.NS,2026-10-08,,False,25.6900,2026-09-11,16.9800,2026-08-31,22.2200,,,nse_report
VEEGALAND.NS,2026-10-08,,False,154.0000,2026-09-18,134.2100,2026-10-08,136.9000,,,nse_report
VELJAN.NS,2026-10-08,,False,2790.7000,2026-10-08,812.0000,2026-05-06,2762.9000,,,nse_report
VGCL.NS,2026-10-08,,False,62.9500,2026-08-24,45.0000,2026-09-22,48.0800,,,nse_report
VIJSOLX.NS,2026-10-08,,False,719.9000,2026-09-03,600.0000,2026-10-08,661.0000,,,nse_report
VIRAT.NS,2026-10-08,,False,494.4000,2026-08-25,268.0500,2026-08-18,406.2500,,,nse_report
VIRTUALG.NS,2026-10-08,,False,0.6000,2026-08-24,0.4000,2026-10-07,0.4300,,,nse_report
VISHAL.NS,2026-10-08,,False,21.9400,2026-08-31,16.0200,2026-10-08,16.4800,,,nse_report
VIVOBIOT.NS,2026-10-08,,False,20.9400,2026-08-17,12.8000,2026-10-07,14.5100,,,nse_report
VOITHPAPR.NS,2026-10-08,,False,1696.0000,2026-08-18,1392.3000,2026-10-05,1398.7000,,,nse_report
VTMLTD.NS,2026-10-08,,False,61.9000,2026-08-31,30.3000,2026-10-08,31.5800,,,nse_report
WATERBASE.NS,2026-10-08,,False,54.0000,2026-08-24,43.2100,2026-10-08,44.1200,,,nse_report
WELSPLSOL.NS,2026-10-08,,False,63.2500,2026-06-18,36.0000,2026-04-20,48.9200,,,nse_report
WHBRADY.NS,2026-10-08,,False,589.9000,2026-08-20,415.0000,2026-09-21,471.7500,,,nse_report
WPIL.NS,2026-10-08,,False,510.3500,2026-06-25,383.5500,2026-05-15,421.0000,,,nse_report
XTRANET.NS,2026-10-08,,False,358.5000,2026-09-22,122.5000,2026-08-04,287.6000,,,nse_report
YOGI.NS,2026-10-08,,False,180.0000,2026-08-21,130.0100,2026-08-21,156.3500,,,nse_report
ZSARACOM.NS,2026-10-08,,False,14400.0000,2026-07-09,9000.0000,2026-06-05,9901.0000,,,nse_report
