symbol,name,series,isin,yahoo,sector,industry,mcap_bucket
20MICRONS,20 Microns Limited,EQ,INE144J01027,20MICRONS.NS,Metals & Mining,Other Industrial Metals & Mining,Micro
21STCENMGM,21st Century Management Services Limited,EQ,INE253B01015,21STCENMGM.NS,Financial Services,Capital Markets,Micro
360ONE,360 ONE WAM LIMITED,EQ,INE466L01038,360ONE.NS,Financial Services,,Mid
3BBLACKBIO,3B Blackbio Dx Limited,EQ,INE994E01018,3BBLACKBIO.NS,Healthcare,Biotechnology,Micro
3IINFOLTD,3i Infotech Limited,BE,INE748C01038,3IINFOLTD.NS,Information Technology,Information Technology Services,Micro
3MINDIA,3M India Limited,EQ,INE470A01017,3MINDIA.NS,Diversified,Conglomerates,Micro
3PLAND,3P Land Holdings Limited,EQ,INE105C01023,3PLAND.NS,Realty,Real Estate Services,Micro
5PAISA,5Paisa Capital Limited,EQ,INE618L01018,5PAISA.NS,Financial Services,Capital Markets,Micro
63MOONS,63 moons technologies limited,EQ,INE111B01023,63MOONS.NS,Information Technology,Software - Application,Micro
A2ZINFRA,A2Z Infra Engineering Limited,EQ,INE619I01012,A2ZINFRA.NS,Construction,Engineering & Construction,Micro
AAATECH,AAA Technologies Limited,EQ,INE0D0U01013,AAATECH.NS,Information Technology,Information Technology Services,Micro
AADHARHFC,Aadhar Housing Finance Limited,EQ,INE883F01010,AADHARHFC.NS,Financial Services,,Small
AAKASH,Aakash Exploration Services Limited,EQ,INE087Z01024,AAKASH.NS,Oil Gas & Consumable Fuels,Oil & Gas Equipment & Services,Micro
AAREYDRUGS,Aarey Drugs & Pharmaceuticals Limited,EQ,INE198H01019,AAREYDRUGS.NS,Unclassified,,Micro
AARNAV,Aarnav Fashions Limited,BE,INE750R01016,AARNAV.NS,Unclassified,,Micro
AARON,Aaron Industries Limited,EQ,INE721Z01010,AARON.NS,Capital Goods,Specialty Industrial Machinery,Micro
AARTECH,Aartech Solonics Limited,BE,INE01C001026,AARTECH.NS,Capital Goods,Electrical Equipment & Parts,Micro
AARTIDRUGS,Aarti Drugs Limited,EQ,INE767A01016,AARTIDRUGS.NS,Healthcare,Drug Manufacturers - Specialty & Generic,Micro
AARTIIND,Aarti Industries Limited,EQ,INE769A01020,AARTIIND.NS,Chemicals,,Small
AARTIPHARM,Aarti Pharmalabs Limited,EQ,INE0LRU01027,AARTIPHARM.NS,Healthcare,,Micro
AARTISURF,Aarti Surfactants Limited,BE,INE09EO01013,AARTISURF.NS,Chemicals,Specialty Chemicals,Micro
AARVI,Aarvi Encon Limited,EQ,INE754X01016,AARVI.NS,Services,Staffing & Employment Services,Micro
AASTHA,Aastha Spintex Limited,EQ,INE2FMX01012,AASTHA.NS,Textiles,Textile Manufacturing,Micro
AAVAS,Aavas Financiers Limited,EQ,INE216P01012,AAVAS.NS,Financial Services,,Small
ABAN,Aban Offshore Limited,BE,INE421A01028,ABAN.NS,Oil Gas & Consumable Fuels,Oil & Gas Drilling,Micro
ABANSENT,Abans Enterprises Limited,EQ,INE365O01028,ABANSENT.NS,Financial Services,Capital Markets,Micro
ABB,ABB India Limited,EQ,INE117A01022,ABB.NS,Capital Goods,,Large
ABBOTINDIA,Abbott India Limited,EQ,INE358A01014,ABBOTINDIA.NS,Healthcare,,Mid
ABCAPITAL,Aditya Birla Capital Limited,EQ,INE674K01013,ABCAPITAL.NS,Financial Services,,Mid
ABCOTS,A B Cotspin India Limited,EQ,INE08PH01015,ABCOTS.NS,Textiles,Textile Manufacturing,Micro
ABDL,Allied Blenders and Distillers Limited,EQ,INE552Z01027,ABDL.NS,Fast Moving Consumer Goods,,Small
ABFRL,Aditya Birla Fashion and Retail Limited,EQ,INE647O01011,ABFRL.NS,Consumer Services,,Micro
ABINFRA,A B Infrabuild Limited,BE,INE00YB01025,ABINFRA.NS,Construction,Engineering & Construction,Micro
ABLBL,Aditya Birla Lifestyle Brands Limited,EQ,INE14LE01019,ABLBL.NS,Consumer Services,,Micro
ABMINTLLTD,ABM International Limited,BE,INE251C01025,ABMINTLLTD.NS,Chemicals,Specialty Chemicals,Micro
ABMKNO,ABM Knowledgeware Limited,EQ,INE850B01026,ABMKNO.NS,Information Technology,Software - Application,Micro
ABREL,Aditya Birla Real Estate Limited,EQ,INE055A01016,ABREL.NS,Realty,,Small
ABSLAMC,Aditya Birla Sun Life AMC Limited,EQ,INE404A01024,ABSLAMC.NS,Financial Services,,Small
ACC,ACC Limited,EQ,INE012A01025,ACC.NS,Construction Materials,,Small
ACCELYA,Accelya Solutions India Limited,EQ,INE793A01012,ACCELYA.NS,Information Technology,Information Technology Services,Micro
ACCURACY,Accuracy Shipping Limited,EQ,INE648Z01023,ACCURACY.NS,Services,Integrated Freight & Logistics,Micro
ACE,Action Construction Equipment Limited,EQ,INE731H01025,ACE.NS,Capital Goods,,Small
ACEINTEG,Ace Integrated Solutions Limited,EQ,INE543V01017,ACEINTEG.NS,Services,Staffing & Employment Services,Micro
ACEVECTOR,AceVector Limited,EQ,INE580P01029,ACEVECTOR.NS,Consumer Services,Internet Retail,Micro
ACGL,Automobile Corporation of Goa Limited,EQ,INE451C01013,ACGL.NS,Automobile and Auto Components,Auto Parts,Micro
ACI,Archean Chemical Industries Limited,EQ,INE128X01021,ACI.NS,Chemicals,,Micro
ACL,Andhra Cements Limited,EQ,INE666E01020,ACL.NS,Construction Materials,Building Materials,Micro
ACMESOLAR,Acme Solar Holdings Limited,EQ,INE622W01025,ACMESOLAR.NS,Power,,Small
ACSTECH,ACS Technologies Limited,BE,INE366C01021,ACSTECH.NS,Information Technology,Information Technology Services,Micro
ACUTAAS,Acutaas Chemicals Limited,EQ,INE00FF01025,ACUTAAS.NS,Healthcare,,Small
ADANIENSOL,Adani Energy Solutions Limited,EQ,INE931S01010,ADANIENSOL.NS,Power,,Large
ADANIENT,Adani Enterprises Limited,EQ,INE423A01024,ADANIENT.NS,Metals & Mining,,Large
ADANIGREEN,Adani Green Energy Limited,EQ,INE364U01010,ADANIGREEN.NS,Power,,Large
ADANIPORTS,Adani Ports and Special Economic Zone Limited,EQ,INE742F01042,ADANIPORTS.NS,Services,,Large
ADANIPOWER,Adani Power Limited,EQ,INE814H01029,ADANIPOWER.NS,Power,,Large
ADDIND,Addi Industries Limited,EQ,INE757C01021,ADDIND.NS,Textiles,Textile Manufacturing,Micro
ADFFOODS,ADF Foods Limited,EQ,INE982B01027,ADFFOODS.NS,Fast Moving Consumer Goods,Packaged Foods,Micro
ADL,Archidply Decor Limited,EQ,INE0CHO01012,ADL.NS,Consumer Durables,"Furnishings, Fixtures & Appliances",Micro
ADOR,Ador Welding Limited,EQ,INE045A01017,ADOR.NS,Capital Goods,Specialty Industrial Machinery,Micro
ADROITIND,Adroit Industries (India) Limited,BE,INE505M01015,ADROITIND.NS,Automobile and Auto Components,Auto Parts,Micro
ADROITINFO,Adroit Infotech Limited,BE,INE737B01033,ADROITINFO.NS,Information Technology,Information Technology Services,Micro
ADSL,Allied Digital Services Limited,EQ,INE102I01027,ADSL.NS,Information Technology,Information Technology Services,Micro
ADVAIT,Advait Energy Transitions Limited,EQ,INE0ALI01010,ADVAIT.NS,Capital Goods,Specialty Industrial Machinery,Micro
ADVANCE,Advance Agrolife Limited,EQ,INE1B0W01010,ADVANCE.NS,Chemicals,Agricultural Inputs,Micro
ADVANIHOTR,Advani Hotels & Resorts (India) Limited,EQ,INE199C01026,ADVANIHOTR.NS,Consumer Services,Lodging,Micro
ADVENTHTL,Advent Hotels International Limited,EQ,INE28GN01010,ADVENTHTL.NS,Consumer Services,Lodging,Micro
ADVENZYMES,Advanced Enzyme Technologies Limited,EQ,INE837H01020,ADVENZYMES.NS,Healthcare,,Micro
ADVIKCA,Advik Capital Limited,EQ,INE178T01024,ADVIKCA.NS,Financial Services,Credit Services,Micro
AEGISLOG,Aegis Logistics Limited,EQ,INE208C01025,AEGISLOG.NS,Oil Gas & Consumable Fuels,,Small
AEGISVOPAK,Aegis Vopak Terminals Limited,EQ,INE0INX01018,AEGISVOPAK.NS,Oil Gas & Consumable Fuels,,Small
AEPL,Artemis Electricals and Projects Limited,EQ,INE757T01025,AEPL.NS,Capital Goods,Electrical Equipment & Parts,Micro
AEQUS,Aequs Limited,EQ,INE947N01017,AEQUS.NS,Capital Goods,,Micro
AEROENTER,Aeroflex Enterprises Limited,EQ,INE065D01027,AEROENTER.NS,Metals & Mining,Steel,Micro
AEROFLEX,Aeroflex Industries Limited,EQ,INE024001021,AEROFLEX.NS,Capital Goods,,Micro
AERONEU,Aeroflex Neu Limited,EQ,INE035801013,AERONEU.NS,Consumer Services,Packaging & Containers,Micro
AEROPLANE,Amir Chand Jagdish Kumar (Exports) Limited,EQ,INE05TO01019,AEROPLANE.NS,Fast Moving Consumer Goods,Farm Products,Micro
AETHER,Aether Industries Limited,EQ,INE0BWX01014,AETHER.NS,Chemicals,,Small
AFCONS,Afcons Infrastructure Limited,EQ,INE101I01011,AFCONS.NS,Construction,,Small
AFFLE,Affle 3i Limited,EQ,INE00WC01027,AFFLE.NS,Information Technology,,Small
AFFORDABLE,Affordable Robotic & Automation Limited,EQ,INE692Z01013,AFFORDABLE.NS,Capital Goods,Specialty Industrial Machinery,Micro
AFIL,Akme Fintrade (India) Limited,EQ,INE916Y01027,AFIL.NS,Financial Services,Credit Services,Micro
AFSL,Abans Financial Services Limited,EQ,INE00ZE01026,AFSL.NS,Financial Services,Capital Markets,Micro
AGARIND,Agarwal Industrial Corporation Limited,EQ,INE204E01012,AGARIND.NS,Chemicals,Specialty Chemicals,Micro
AGARWALEYE,Dr. Agarwal's Health Care Limited,EQ,INE943P01029,AGARWALEYE.NS,Healthcare,Medical Instruments & Supplies,Micro
AGASTYAEN,Agastya Energy and Infrastructure Limited,BE,INE753W01010,AGASTYAEN.NS,Chemicals,Chemicals,Micro
AGI,AGI Greenpac Limited,EQ,INE415A01038,AGI.NS,Consumer Services,Packaging & Containers,Micro
AGIIL,Agi Infra Limited,EQ,INE976R01033,AGIIL.NS,Realty,Real Estate - Development,Micro
AGL,Allcargo Global Limited,EQ,INE1YPB01014,AGL.NS,Services,Integrated Freight & Logistics,Micro
AGRITECH,Agri-Tech (India) Limited,EQ,INE449G01018,AGRITECH.NS,Fast Moving Consumer Goods,Farm Products,Micro
AGROPHOS,Agro Phos India Limited,EQ,INE740V01019,AGROPHOS.NS,Chemicals,Agricultural Inputs,Micro
AHCL,Anlon Healthcare Limited,EQ,INE0Y8W01025,AHCL.NS,Healthcare,Drug Manufacturers - Specialty & Generic,Micro
AHLADA,Ahlada Engineers Limited,EQ,INE00PV01013,AHLADA.NS,Capital Goods,Building Products & Equipment,Micro
AHLEAST,Asian Hotels (East) Limited,EQ,INE926K01017,AHLEAST.NS,Consumer Services,Lodging,Micro
AHLUCONT,Ahluwalia Contracts (India) Limited,EQ,INE758C01029,AHLUCONT.NS,Construction,Engineering & Construction,Micro
AHLWEST,Asian Hotels (West) Limited,BE,INE915K01010,AHLWEST.NS,Consumer Services,Lodging,Micro
AIAENG,AIA Engineering Limited,EQ,INE212H01026,AIAENG.NS,Capital Goods,,Mid
AIIL,Authum Investment & Infrastructure Limited,EQ,INE206F01022,AIIL.NS,Financial Services,,Mid
AIRAN,Airan Limited,EQ,INE645W01026,AIRAN.NS,Information Technology,Information Technology Services,Micro
AIROLAM,Airo Lam limited,EQ,INE801L01010,AIROLAM.NS,Consumer Durables,"Furnishings, Fixtures & Appliances",Micro
AJANTPHARM,Ajanta Pharma Limited,EQ,INE031B01049,AJANTPHARM.NS,Healthcare,,Mid
AJAXENGG,Ajax Engineering Limited,EQ,INE274Y01021,AJAXENGG.NS,Capital Goods,Farm & Heavy Construction Machinery,Micro
AJMERA,Ajmera Realty & Infra India Limited,EQ,INE298G01035,AJMERA.NS,Realty,Real Estate - Development,Micro
AJOONI,Ajooni Biotech Limited,EQ,INE820Y01021,AJOONI.NS,Fast Moving Consumer Goods,Packaged Foods,Micro
AKASH,Akash Infra-Projects Limited,EQ,INE737W01013,AKASH.NS,Construction,Engineering & Construction,Micro
AKCAPIT,AK Capital Services Limited,EQ,INE701G01012,AKCAPIT.NS,Financial Services,Capital Markets,Micro
AKG,Akg Exim Limited,EQ,INE00Y801016,AKG.NS,Capital Goods,Industrial Distribution,Micro
AKI,AKI India Limited,BE,INE642Z01026,AKI.NS,Textiles,Footwear & Accessories,Micro
AKSHAR,Akshar Spintex Limited,EQ,INE256Z01025,AKSHAR.NS,Textiles,Textile Manufacturing,Micro
AKSHARCHEM,AksharChem India Limited,BE,INE542B01011,AKSHARCHEM.NS,Chemicals,Specialty Chemicals,Micro
AKSHOPTFBR,Aksh Optifibre Limited,BE,INE523B01011,AKSHOPTFBR.NS,Information Technology,Communication Equipment,Micro
AKUMS,Akums Drugs and Pharmaceuticals Limited,EQ,INE09XN01023,AKUMS.NS,Healthcare,,Micro
ALANKIT,Alankit Limited,EQ,INE914E01040,ALANKIT.NS,Information Technology,Information Technology Services,Micro
ALBERTDAVD,Albert David Limited,EQ,INE155C01010,ALBERTDAVD.NS,Healthcare,Drug Manufacturers - Specialty & Generic,Micro
ALEMBICLTD,Alembic Limited,EQ,INE426A01027,ALEMBICLTD.NS,Realty,Real Estate - Development,Micro
ALFREDHE,Alfred Herbert India Limited,EQ,INE782D01027,ALFREDHE.NS,Capital Goods,Specialty Industrial Machinery,Micro
ALGOQUANT,Algoquant Fintech Limited,EQ,INE598D01035,ALGOQUANT.NS,Financial Services,Capital Markets,Micro
ALICON,Alicon Castalloy Limited,EQ,INE062D01024,ALICON.NS,Metals & Mining,Metal Fabrication,Micro
ALIVUS,Alivus Life Sciences Limited,EQ,INE03Q201024,ALIVUS.NS,Healthcare,Drug Manufacturers - Specialty & Generic,Micro
ALKALI,Alkali Metals Limited,BE,INE773I01017,ALKALI.NS,Chemicals,Specialty Chemicals,Micro
ALKEM,Alkem Laboratories Limited,EQ,INE540L01014,ALKEM.NS,Healthcare,,Mid
ALKYLAMINE,Alkyl Amines Chemicals Limited,EQ,INE150B01039,ALKYLAMINE.NS,Chemicals,,Micro
ALLCARGO,Allcargo Logistics Limited,EQ,INE418H01029,ALLCARGO.NS,Services,Integrated Freight & Logistics,Micro
ALLDIGI,Alldigi Tech Limited,EQ,INE835G01018,ALLDIGI.NS,Services,Specialty Business Services,Micro
ALLTIME,All Time Plastics Limited,EQ,INE0GV601021,ALLTIME.NS,Fast Moving Consumer Goods,Household & Personal Products,Micro
ALMONDZ,Almondz Global Securities Limited,BE,INE326B01035,ALMONDZ.NS,Financial Services,Capital Markets,Micro
ALOKINDS,Alok Industries Limited,EQ,INE270A01029,ALOKINDS.NS,Textiles,Textile Manufacturing,Micro
ALPA,Alpa Laboratories Limited,EQ,INE385I01010,ALPA.NS,Healthcare,Drug Manufacturers - Specialty & Generic,Micro
ALPHAGEO,Alphageo (India) Limited,BE,INE137C01018,ALPHAGEO.NS,Oil Gas & Consumable Fuels,Oil & Gas Equipment & Services,Micro
ALPINETEX,Alpine Texworld Limited,EQ,INE1JCQ01037,ALPINETEX.NS,Textiles,Textile Manufacturing,Micro
ALUFLUOR,Alufluoride Limited,EQ,INE058F01019,ALUFLUOR.NS,Chemicals,Chemicals,Micro
AMAGI,Amagi Media Labs Limited,EQ,INE121R01077,AMAGI.NS,Information Technology,,Micro
AMAL,Amal Limited,EQ,INE841D01013,AMAL.NS,Chemicals,Chemicals,Micro
AMANTA,Amanta Healthcare Limited,BE,INE084K01015,AMANTA.NS,Healthcare,Drug Manufacturers - Specialty & Generic,Micro
AMARJOTHI,Amarjothi Spinning Mills Limited,EQ,INE484D01012,AMARJOTHI.NS,Textiles,Textile Manufacturing,Micro
AMBALALSA,Ambalal Sarabhai Enterprises Limited,BE,INE432A01017,AMBALALSA.NS,Healthcare,Drug Manufacturers - Specialty & Generic,Micro
AMBER,Amber Enterprises India Limited,EQ,INE371P01015,AMBER.NS,Consumer Durables,,Small
AMBICAAGAR,Ambica Agarbathies & Aroma industries Limited,EQ,INE792B01012,AMBICAAGAR.NS,Fast Moving Consumer Goods,Household & Personal Products,Micro
AMBIKCO,Ambika Cotton Mills Limited,EQ,INE540G01014,AMBIKCO.NS,Textiles,Textile Manufacturing,Micro
AMBUJACEM,Ambuja Cements Limited,EQ,INE079A01024,AMBUJACEM.NS,Construction Materials,,Large
AMDIND,AMD Industries Limited,BE,INE005I01014,AMDIND.NS,Consumer Services,Packaging & Containers,Micro
AMJLAND,Amj Land Holdings Limited,EQ,INE606A01024,AMJLAND.NS,Realty,Real Estate - Development,Micro
AMNPLST,Amines & Plasticizers Limited,EQ,INE275D01022,AMNPLST.NS,Chemicals,Chemicals,Micro
AMRUTANJAN,Amrutanjan Health Care Limited,EQ,INE098F01031,AMRUTANJAN.NS,Healthcare,Drug Manufacturers - Specialty & Generic,Micro
ANANDRATHI,Anand Rathi Wealth Limited,EQ,INE463V01026,ANANDRATHI.NS,Financial Services,,Small
ANANTRAJ,Anant Raj Limited,EQ,INE242C01024,ANANTRAJ.NS,Realty,,Small
ANDHRAPAP,ANDHRA PAPER LIMITED,EQ,INE435A01051,ANDHRAPAP.NS,Forest Materials,Paper & Paper Products,Micro
ANDHRSUGAR,The Andhra Sugars Limited,EQ,INE715B01021,ANDHRSUGAR.NS,Chemicals,Chemicals,Micro
ANDREWYU,Andrew Yule & Company Limited,EQ,INE449C01025,ANDREWYU.NS,Fast Moving Consumer Goods,Farm Products,Micro
ANGELONE,Angel One Limited,EQ,INE732I01021,ANGELONE.NS,Financial Services,,Small
ANIKINDS,Anik Industries Limited,EQ,INE087B01017,ANIKINDS.NS,Fast Moving Consumer Goods,Food Distribution,Micro
ANMOL,Anmol India Limited,BE,INE02AR01019,ANMOL.NS,Oil Gas & Consumable Fuels,Thermal Coal,Micro
ANNAPURNA,Annapurna Swadisht Limited,EQ,INE0MGM01017,ANNAPURNA.NS,Fast Moving Consumer Goods,Packaged Foods,Micro
ANNU,Annu Projects Limited,EQ,INE103001017,ANNU.NS,Construction,Infrastructure Operations,Micro
ANSALBU,Ansal Buildwell Limited,EQ,INE030C01015,ANSALBU.NS,Realty,Real Estate - Development,Micro
ANTELOPUS,Antelopus Selan Energy Limited,EQ,INE818A01017,ANTELOPUS.NS,Oil Gas & Consumable Fuels,Oil & Gas E&P,Micro
ANTGRAPHIC,Antarctica Limited,EQ,INE414B01021,ANTGRAPHIC.NS,Consumer Services,Packaging & Containers,Micro
ANTHEM,Anthem Biosciences Limited,EQ,INE0CZ201020,ANTHEM.NS,Healthcare,,Mid
ANUHPHR,Anuh Pharma Limited,EQ,INE489G01022,ANUHPHR.NS,Healthcare,Drug Manufacturers - Specialty & Generic,Micro
ANUP,The Anup Engineering Limited,EQ,INE294Z01018,ANUP.NS,Capital Goods,Specialty Industrial Machinery,Micro
ANURAS,Anupam Rasayan India Limited,EQ,INE930P01018,ANURAS.NS,Chemicals,,Small
AONESTEELS,A-One Steels India Limited,EQ,INE0OTC01025,AONESTEELS.NS,Metals & Mining,Steel,Micro
APARINDS,Apar Industries Limited,EQ,INE372A01015,APARINDS.NS,Capital Goods,,Mid
APCL,Anjani Portland Cement Limited,EQ,INE071F01012,APCL.NS,Construction Materials,Building Materials,Micro
APCOTEXIND,Apcotex Industries Limited,EQ,INE116A01032,APCOTEXIND.NS,Chemicals,Specialty Chemicals,Micro
APEX,Apex Frozen Foods Limited,EQ,INE346W01013,APEX.NS,Fast Moving Consumer Goods,Farm Products,Micro
APLAPOLLO,APL Apollo Tubes Limited,EQ,INE702C01027,APLAPOLLO.NS,Capital Goods,,Mid
APLLTD,Alembic Pharmaceuticals Limited,EQ,INE901L01018,APLLTD.NS,Healthcare,Drug Manufacturers - Specialty & Generic,Micro
APOLLO,Apollo Micro Systems Limited,EQ,INE713T01028,APOLLO.NS,Capital Goods,,Micro
APOLLOHOSP,Apollo Hospitals Enterprise Limited,EQ,INE437A01024,APOLLOHOSP.NS,Healthcare,,Large
APOLLOPIPE,Apollo Pipes Limited,EQ,INE126J01016,APOLLOPIPE.NS,Capital Goods,Building Products & Equipment,Micro
APOLLOTYRE,Apollo Tyres Limited,EQ,INE438A01022,APOLLOTYRE.NS,Automobile and Auto Components,,Small
APOLSINHOT,Apollo Sindoori Hotels Limited,EQ,INE451F01024,APOLSINHOT.NS,Services,Specialty Business Services,Micro
APOORVA,Apoorva Leasing Finance and Investment Company Limited,BE,INE217S01014,APOORVA.NS,Financial Services,Capital Markets,Micro
APTECHT,Aptech Limited,EQ,INE266F01018,APTECHT.NS,Services,Education & Training Services,Micro
APTUS,Aptus Value Housing Finance India Limited,EQ,INE852O01025,APTUS.NS,Financial Services,,Small
AQYLON,Aqylon Nexus Limited,EQ,INE416A01051,AQYLON.NS,Media Entertainment & Publication,Broadcasting,Micro
ARCHIDPLY,Archidply Industries Limited,EQ,INE877I01016,ARCHIDPLY.NS,Forest Materials,Lumber & Wood Production,Micro
ARCHIES,Archies Limited,EQ,INE731A01020,ARCHIES.NS,Consumer Services,Specialty Retail,Micro
ARCIL,Asset Reconstruction Company (India) Limited,EQ,INE148G01016,ARCIL.NS,Financial Services,Asset Management,Micro
ARCL,ARCL Organics Limited,EQ,INE372M01010,ARCL.NS,Chemicals,Specialty Chemicals,Micro
ARDEE,Ardee Industries Limited,EQ,INE0XNF01022,ARDEE.NS,Metals & Mining,Metal Fabrication,Micro
ARE&M,Amara Raja Energy & Mobility Limited,EQ,INE885A01032,ARE&M.NS,Automobile and Auto Components,,Small
ARENTERP,Rajdarshan Industries Limited,EQ,INE610C01014,ARENTERP.NS,Unclassified,,Micro
ARFIN,Arfin India Limited,EQ,INE784R01023,ARFIN.NS,Unclassified,,Micro
ARIES,Aries Agro Limited,BE,INE298I01015,ARIES.NS,Unclassified,,Micro
ARIHANT,Arihant Foundations & Housing Limited,EQ,INE413D01011,ARIHANT.NS,Unclassified,,Micro
ARIHANTCAP,Arihant Capital Markets Limited,EQ,INE420B01036,ARIHANTCAP.NS,Unclassified,,Micro
ARIHANTSUP,Arihant Superstructures Limited,EQ,INE643K01018,ARIHANTSUP.NS,Unclassified,,Micro
ARIS,Arisinfra Solutions Limited,EQ,INE0H9P01028,ARIS.NS,Unclassified,,Micro
ARKADE,Arkade Developers Limited,EQ,INE0QRL01017,ARKADE.NS,Unclassified,,Micro
ARMANFIN,Arman Financial Services Limited,EQ,INE109C01017,ARMANFIN.NS,Unclassified,,Micro
ARMEE,ArMee Infotech Limited,EQ,INE0TWE01016,ARMEE.NS,Unclassified,,Micro
AROGRANITE,Aro Granite Industries Limited,EQ,INE210C01013,AROGRANITE.NS,Unclassified,,Micro
ARROWGREEN,Arrow Greentech Limited,EQ,INE570D01018,ARROWGREEN.NS,Unclassified,,Micro
ARSSBL,Anand Rathi Share and Stock Brokers Limited,EQ,INE549H01021,ARSSBL.NS,Unclassified,,Micro
ARTEMISMED,Artemis Medicare Services Limited,EQ,INE025R01021,ARTEMISMED.NS,Unclassified,,Micro
ARTNIRMAN,Art Nirman Limited,EQ,INE738V01013,ARTNIRMAN.NS,Unclassified,,Micro
ARVEE,Arvee Laboratories (India) Limited,EQ,INE006Z01016,ARVEE.NS,Unclassified,,Micro
ARVIND,Arvind Limited,EQ,INE034A01011,ARVIND.NS,Textiles,,Micro
ARVINDFASN,Arvind Fashions Limited,EQ,INE955V01021,ARVINDFASN.NS,Consumer Services,,Micro
ARVSMART,Arvind SmartSpaces Limited,EQ,INE034S01021,ARVSMART.NS,Unclassified,,Micro
ARYAMAN,Aryaman Financial Services Limited,EQ,INE032E01017,ARYAMAN.NS,Unclassified,,Micro
ASAHIINDIA,Asahi India Glass Limited,EQ,INE439A01020,ASAHIINDIA.NS,Automobile and Auto Components,,Small
ASAHISONG,Asahi Songwon Colors Limited,BE,INE228I01012,ASAHISONG.NS,Unclassified,,Micro
ASAL,Automotive Stampings and Assemblies Limited,EQ,INE900C01027,ASAL.NS,Unclassified,,Micro
ASALCBR,Associated Alcohols & Breweries Ltd.,EQ,INE073G01016,ASALCBR.NS,Fast Moving Consumer Goods,Beverages - Wineries & Distilleries,Micro
ASHAPURMIN,Ashapura Minechem Limited,EQ,INE348A01023,ASHAPURMIN.NS,Metals & Mining,,Micro
ASHIANA,Ashiana Housing Limited,EQ,INE365D01021,ASHIANA.NS,Unclassified,,Micro
ASHIKAG,Ashika Global Securities Limited,BE,INE094B01013,ASHIKAG.NS,Unclassified,,Micro
ASHIMASYN,Ashima Limited,EQ,INE440A01010,ASHIMASYN.NS,Unclassified,,Micro
ASHOKA,Ashoka Buildcon Limited,EQ,INE442H01029,ASHOKA.NS,Construction,,Micro
ASHOKAMET,Ashoka Metcast Limited,EQ,INE760Y01011,ASHOKAMET.NS,Unclassified,,Micro
ASHOKLEY,Ashok Leyland Limited,EQ,INE208A01029,ASHOKLEY.NS,Capital Goods,,Mid
ASIANENE,Asian Energy Services Limited,EQ,INE276G01015,ASIANENE.NS,Unclassified,,Micro
ASIANHOTNR,Asian Hotels (North) Limited,EQ,INE363A01022,ASIANHOTNR.NS,Unclassified,,Micro
ASIANPAINT,Asian Paints Limited,EQ,INE021A01026,ASIANPAINT.NS,Consumer Durables,,Large
ASIANTILES,Asian Granito India Limited,EQ,INE022I01019,ASIANTILES.NS,Unclassified,,Micro
ASIANTNE,Asian Tea & Exports Limited,EQ,INE822B01017,ASIANTNE.NS,Unclassified,,Micro
ASKAUTOLTD,ASK Automotive Limited,EQ,INE491J01022,ASKAUTOLTD.NS,Unclassified,,Micro
ASMS,Avio Smart Market Stack Limited,EQ,INE855F01042,ASMS.NS,Unclassified,,Micro
ASPINWALL,Aspinwall and Company Limited,EQ,INE991I01015,ASPINWALL.NS,Unclassified,,Micro
ASSAMENT,Assam Entrade Limited,EQ,INE165G01010,ASSAMENT.NS,Unclassified,,Micro
ASTAR,Asian Star Company Limited,EQ,INE194D01017,ASTAR.NS,Unclassified,,Micro
ASTEC,Astec LifeSciences Limited,EQ,INE563J01010,ASTEC.NS,Unclassified,,Micro
ASTERDM,Aster DM Quality Care Limited,EQ,INE914M01019,ASTERDM.NS,Healthcare,,Mid
ASTRAL,Astral Limited,EQ,INE006I01046,ASTRAL.NS,Capital Goods,,Mid
ASTRAMICRO,Astra Microwave Products Limited,EQ,INE386C01029,ASTRAMICRO.NS,Capital Goods,,Micro
ASTRAZEN,AstraZeneca Pharma India Limited,EQ,INE203A01020,ASTRAZEN.NS,Healthcare,Drug Manufacturers - Specialty & Generic,Micro
ATALREAL,Atal Realtech Limited,EQ,INE0ALR01029,ATALREAL.NS,Construction,Engineering & Construction,Micro
ATAM,Atam Valves Limited,EQ,INE09KD01013,ATAM.NS,Capital Goods,Specialty Industrial Machinery,Micro
ATGL,Adani Total Gas Limited,EQ,INE399L01023,ATGL.NS,Oil Gas & Consumable Fuels,,Mid
ATHERENERG,Ather Energy Limited,EQ,INE0LEZ01016,ATHERENERG.NS,Automobile and Auto Components,,Small
ATL,Allcargo Terminals Limited,EQ,INE0NN701020,ATL.NS,Services,Integrated Freight & Logistics,Micro
ATLANTAA,ATLANTAA LIMITED,EQ,INE285H01022,ATLANTAA.NS,Construction,Infrastructure Operations,Micro
ATLANTAELE,Atlanta Electricals Limited,EQ,INE0Z4F01028,ATLANTAELE.NS,Capital Goods,,Micro
ATLASCYCLE,Atlas Cycles (Haryana) Limited,EQ,INE446A01025,ATLASCYCLE.NS,Consumer Services,Leisure,Micro
ATUL,Atul Limited,EQ,INE100A01010,ATUL.NS,Chemicals,,Small
ATULAUTO,Atul Auto Limited,EQ,INE951D01028,ATULAUTO.NS,Automobile and Auto Components,Auto Manufacturers,Micro
AUBANK,AU Small Finance Bank Limited,EQ,INE949L01017,AUBANK.NS,Financial Services,,Mid
AUGMONT,Augmont Enterprises Limited,EQ,INE16W401027,AUGMONT.NS,Consumer Durables,Luxury Goods,Micro
AURIONPRO,Aurionpro Solutions Limited,EQ,INE132H01018,AURIONPRO.NS,Information Technology,,Micro
AUROPHARMA,Aurobindo Pharma Limited,EQ,INE406A01037,AUROPHARMA.NS,Healthcare,,Mid
AURUM,Aurum PropTech Limited,EQ,INE898S01029,AURUM.NS,Realty,Real Estate Services,Micro
AURUS,AURUS GEM CORPORATION LIMITED,EQ,INE142K01011,AURUS.NS,Consumer Durables,Luxury Goods,Micro
AUSOMENT,Ausom Enterprise Limited,EQ,INE218C01016,AUSOMENT.NS,Financial Services,Capital Markets,Micro
AUSTENG,Austin Engineering Company  Limited,EQ,INE759F01012,AUSTENG.NS,Capital Goods,Tools & Accessories,Micro
AUTOAXLES,Automotive Axles Limited,EQ,INE449A01011,AUTOAXLES.NS,Automobile and Auto Components,Auto Parts,Micro
AUTOIND,Autoline Industries Limited,EQ,INE718H01014,AUTOIND.NS,Automobile and Auto Components,Auto Parts,Micro
AVADHSUGAR,Avadh Sugar & Energy Limited,EQ,INE349W01017,AVADHSUGAR.NS,Unclassified,,Micro
AVALON,Avalon Technologies Limited,EQ,INE0LCL01028,AVALON.NS,Capital Goods,,Micro
AVANCE,Avance Technologies Limited,EQ,INE758A01072,AVANCE.NS,Information Technology,Information Technology Services,Micro
AVANTEL,Avantel Limited,EQ,INE005B01027,AVANTEL.NS,Information Technology,Communication Equipment,Micro
AVANTIFEED,Avanti Feeds Limited,EQ,INE871C01038,AVANTIFEED.NS,Fast Moving Consumer Goods,,Small
AVG,AVG Logistics Limited,EQ,INE680Z01018,AVG.NS,Services,Integrated Freight & Logistics,Micro
AVL,Aditya Vision Limited,EQ,INE679V01027,AVL.NS,Consumer Services,,Micro
AVONMORE,Avonmore Capital & Management Services Limited,EQ,INE323B01024,AVONMORE.NS,Financial Services,Capital Markets,Micro
AVROIND,AVRO INDIA LIMITED,EQ,INE652Z01025,AVROIND.NS,Consumer Durables,"Furnishings, Fixtures & Appliances",Micro
AVTNPL,AVT Natural Products Limited,EQ,INE488D01021,AVTNPL.NS,Chemicals,Specialty Chemicals,Micro
AWFIS,Awfis Space Solutions Limited,EQ,INE108V01019,AWFIS.NS,Services,Rental & Leasing Services,Micro
AWHCL,Antony Waste Handling Cell Limited,EQ,INE01BK01022,AWHCL.NS,Capital Goods,Waste Management,Micro
AWL,AWL Agri Business Limited,EQ,INE699H01024,AWL.NS,Fast Moving Consumer Goods,,Small
AXISBANK,Axis Bank Limited,EQ,INE238A01034,AXISBANK.NS,Financial Services,,Large
AXISCADES,AXISCADES Technologies Limited,EQ,INE555B01013,AXISCADES.NS,Capital Goods,,Micro
AXITA,Axita Cotton Limited,EQ,INE02EZ01022,AXITA.NS,Textiles,Textile Manufacturing,Micro
AXTEL,Axtel Industries Limited,EQ,INE767C01012,AXTEL.NS,Capital Goods,Specialty Industrial Machinery,Micro
AYE,Aye Finance Limited,EQ,INE501X01029,AYE.NS,Financial Services,Credit Services,Micro
AYMSYNTEX,AYM Syntex Limited,EQ,INE193B01039,AYMSYNTEX.NS,Textiles,Textile Manufacturing,Micro
AZAD,Azad Engineering Limited,EQ,INE02IJ01035,AZAD.NS,Capital Goods,,Small
AZADIND,Azad India Mobility Limited,EQ,INE566M01017,AZADIND.NS,Metals & Mining,Steel,Micro
BAFNAPH,Bafna Pharmaceuticals Limited,BE,INE878I01022,BAFNAPH.NS,Unclassified,,Micro
BAGFILMS,B.A.G Films and Media Limited,EQ,INE116D01028,BAGFILMS.NS,Media Entertainment & Publication,Broadcasting,Micro
BAIDFIN,Baid Finserv Limited,EQ,INE020D01022,BAIDFIN.NS,Financial Services,Credit Services,Micro
BAJAJ-AUTO,Bajaj Auto Limited,EQ,INE917I01010,BAJAJ-AUTO.NS,Automobile and Auto Components,,Large
BAJAJCON,Bajaj Consumer Care Limited,EQ,INE933K01021,BAJAJCON.NS,Fast Moving Consumer Goods,,Micro
BAJAJELEC,Bajaj Electricals Limited,EQ,INE193E01025,BAJAJELEC.NS,Consumer Durables,"Furnishings, Fixtures & Appliances",Micro
BAJAJFINSV,Bajaj Finserv Limited,EQ,INE918I01026,BAJAJFINSV.NS,Financial Services,,Large
BAJAJHCARE,Bajaj Healthcare Limited,EQ,INE411U01027,BAJAJHCARE.NS,Healthcare,Drug Manufacturers - Specialty & Generic,Micro
BAJAJHFL,Bajaj Housing Finance Limited,EQ,INE377Y01014,BAJAJHFL.NS,Financial Services,,Mid
BAJAJHIND,Bajaj Hindusthan Sugar Limited,EQ,INE306A01021,BAJAJHIND.NS,Fast Moving Consumer Goods,Confectioners,Micro
BAJAJHLDNG,Bajaj Holdings & Investment Limited,EQ,INE118A01012,BAJAJHLDNG.NS,Financial Services,,Large
BAJAJINDEF,Indef Manufacturing Limited,EQ,INE0O9T01021,BAJAJINDEF.NS,Capital Goods,Farm & Heavy Construction Machinery,Micro
BAJAJST,Bajaj Steel Industries Limited,EQ,INE704G01024,BAJAJST.NS,Capital Goods,Specialty Industrial Machinery,Micro
BAJEL,Bajel Projects Limited,EQ,INE0KQN01018,BAJEL.NS,Power,Utilities - Regulated Electric,Micro
BAJFINANCE,Bajaj Finance Limited,EQ,INE296A01032,BAJFINANCE.NS,Financial Services,,Large
BALAJEE,Shree Tirupati Balajee Agro Trading Company Limited,EQ,INE0S2G01011,BALAJEE.NS,Consumer Services,Packaging & Containers,Micro
BALAJITELE,Balaji Telefilms Limited,EQ,INE794B01026,BALAJITELE.NS,Media Entertainment & Publication,Entertainment,Micro
BALAMINES,Balaji Amines Limited,EQ,INE050E01027,BALAMINES.NS,Chemicals,,Micro
BALAXI,BALAXI PHARMACEUTICALS LIMITED,EQ,INE618N01022,BALAXI.NS,Healthcare,Drug Manufacturers - Specialty & Generic,Micro
BALKRISHNA,Balkrishna Paper Mills Limited,EQ,INE875R01011,BALKRISHNA.NS,Consumer Services,Packaging & Containers,Micro
BALKRISIND,Balkrishna Industries Limited,EQ,INE787D01026,BALKRISIND.NS,Automobile and Auto Components,,Mid
BALMLAWRIE,Balmer Lawrie & Company Limited,EQ,INE164A01016,BALMLAWRIE.NS,Diversified,Conglomerates,Micro
BALPHARMA,Bal Pharma Limited,BE,INE083D01012,BALPHARMA.NS,Healthcare,Drug Manufacturers - Specialty & Generic,Micro
BALRAMCHIN,Balrampur Chini Mills Limited,EQ,INE119A01028,BALRAMCHIN.NS,Fast Moving Consumer Goods,,Small
BALUFORGE,Balu Forge Industries Limited,EQ,INE011E01029,BALUFORGE.NS,Capital Goods,,Micro
BANARBEADS,Banaras Beads Limited,EQ,INE655B01011,BANARBEADS.NS,Textiles,Footwear & Accessories,Micro
BANARISUG,Bannari Amman Sugars Limited,EQ,INE459A01010,BANARISUG.NS,Fast Moving Consumer Goods,Confectioners,Micro
BANCOINDIA,Banco Products (I) Limited,EQ,INE213C01025,BANCOINDIA.NS,Automobile and Auto Components,,Micro
BANDHANBNK,Bandhan Bank Limited,EQ,INE545U01014,BANDHANBNK.NS,Financial Services,,Small
BANG,Bang Overseas Limited,EQ,INE863I01016,BANG.NS,Textiles,Apparel Manufacturing,Micro
BANKA,Banka BioLoo Limited,EQ,INE862Y01015,BANKA.NS,Capital Goods,Pollution & Treatment Controls,Micro
BANKBARODA,Bank of Baroda,EQ,INE028A01039,BANKBARODA.NS,Financial Services,,Large
BANKINDIA,Bank of India,EQ,INE084A01016,BANKINDIA.NS,Financial Services,,Mid
BANSALWIRE,Bansal Wire Industries Limited,EQ,INE0B9K01025,BANSALWIRE.NS,Metals & Mining,Steel,Micro
BANSWRAS,Banswara Syntex Limited,EQ,INE629D01020,BANSWRAS.NS,Textiles,Textile Manufacturing,Micro
BASF,BASF India Limited,EQ,INE373A01013,BASF.NS,Chemicals,Specialty Chemicals,Micro
BASML,Bannari Amman Spinning Mills Limited,EQ,INE186H01022,BASML.NS,Textiles,Textile Manufacturing,Micro
BATAINDIA,Bata India Limited,EQ,INE176A01028,BATAINDIA.NS,Consumer Durables,,Small
BATLIBOI,Batliboi Limited,EQ,INE177C01022,BATLIBOI.NS,Capital Goods,Specialty Industrial Machinery,Micro
BAYERCROP,Bayer Cropscience Limited,EQ,INE462A01022,BAYERCROP.NS,Chemicals,Agricultural Inputs,Micro
BBL,Bharat Bijlee Limited,EQ,INE464A01036,BBL.NS,Capital Goods,Electrical Equipment & Parts,Micro
BBOX,Black Box Limited,EQ,INE676A01027,BBOX.NS,Information Technology,,Small
BBTC,The Bombay Burmah Trading Corporation Limited,EQ,INE050A01025,BBTC.NS,Fast Moving Consumer Goods,Packaged Foods,Micro
BBTCL,B&B Triplewall Containers Limited,EQ,INE01EE01011,BBTCL.NS,Consumer Services,Packaging & Containers,Micro
BCG,Brightcom Group Limited,EQ,INE425B01027,BCG.NS,Media Entertainment & Publication,Advertising Agencies,Micro
BCLIND,Bcl Industries Limited,EQ,INE412G01024,BCLIND.NS,Fast Moving Consumer Goods,Beverages - Wineries & Distilleries,Micro
BCONCEPTS,Brand Concepts Limited,EQ,INE977Y01011,BCONCEPTS.NS,Textiles,Footwear & Accessories,Micro
BCPL,BCPL Railway Infrastructure Limited,EQ,INE00SW01015,BCPL.NS,Construction,Infrastructure Operations,Micro
BDL,Bharat Dynamics Limited,EQ,INE171Z01026,BDL.NS,Capital Goods,,Mid
BEARDSELL,Beardsell Limited,EQ,INE520H01022,BEARDSELL.NS,Capital Goods,Building Products & Equipment,Micro
BECTORFOOD,Mrs. Bectors Food Specialities Limited,EQ,INE495P01020,BECTORFOOD.NS,Fast Moving Consumer Goods,,Micro
BEDMUTHA,Bedmutha Industries Limited,EQ,INE844K01012,BEDMUTHA.NS,Metals & Mining,Steel,Micro
BEEKAY,Beekay Steel Industries Limited,EQ,INE213D01015,BEEKAY.NS,Metals & Mining,Steel,Micro
BEL,Bharat Electronics Limited,EQ,INE263A01024,BEL.NS,Capital Goods,,Large
BELLACASA,Bella Casa Fashion & Retail Limited,EQ,INE344T01014,BELLACASA.NS,Textiles,Textile Manufacturing,Micro
BELRISE,Belrise Industries Limited,EQ,INE894V01022,BELRISE.NS,Automobile and Auto Components,,Small
BEML,BEML Limited,EQ,INE258A01024,BEML.NS,Capital Goods,,Small
BENARAS,Benares Hotels Limited,EQ,INE664D01019,BENARAS.NS,Consumer Services,Lodging,Micro
BENGALASM,Bengal & Assam Company Limited,EQ,INE083K01017,BENGALASM.NS,Automobile and Auto Components,Auto Parts,Micro
BEPL,Bhansali Engineering Polymers Limited,EQ,INE922A01025,BEPL.NS,Chemicals,Chemicals,Micro
BERGEPAINT,Berger Paints (I) Limited,EQ,INE463A01038,BERGEPAINT.NS,Consumer Durables,,Mid
BESTAGRO,Best Agrolife Limited,EQ,INE052T01021,BESTAGRO.NS,Chemicals,Agricultural Inputs,Micro
BETA,Beta Drugs Limited,EQ,INE351Y01019,BETA.NS,Healthcare,Drug Manufacturers - Specialty & Generic,Micro
BFINVEST,BF Investment Limited,EQ,INE878K01010,BFINVEST.NS,Financial Services,Asset Management,Micro
BFUTILITIE,BF Utilities Limited,EQ,INE243D01012,BFUTILITIE.NS,Construction,Infrastructure Operations,Micro
BGRENERGY,BGR Energy Systems Limited,BE,INE661I01014,BGRENERGY.NS,Construction,Engineering & Construction,Micro
BHAGCHEM,Bhagiradha Chemicals & Industries Limited,EQ,INE414D01027,BHAGCHEM.NS,Chemicals,Agricultural Inputs,Micro
BHAGERIA,Bhageria Industries Limited,EQ,INE354C01027,BHAGERIA.NS,Chemicals,Specialty Chemicals,Micro
BHAGYANGR,Bhagyanagar India Limited,EQ,INE458B01036,BHAGYANGR.NS,Metals & Mining,Copper,Micro
BHANDARI,Bhandari Hosiery Exports Limited,EQ,INE474E01029,BHANDARI.NS,Textiles,Apparel Manufacturing,Micro
BHARATCOAL,Bharat Coking Coal Limited,EQ,INE05XR01022,BHARATCOAL.NS,Oil Gas & Consumable Fuels,,Small
BHARATFORG,Bharat Forge Limited,EQ,INE465A01025,BHARATFORG.NS,Automobile and Auto Components,,Mid
BHARATGEAR,Bharat Gears Limited,BE,INE561C01019,BHARATGEAR.NS,Automobile and Auto Components,Auto Parts,Micro
BHARATRAS,Bharat Rasayan Limited,EQ,INE838B01021,BHARATRAS.NS,Chemicals,Agricultural Inputs,Micro
BHARATSE,Bharat Seats Limited,EQ,INE415D01024,BHARATSE.NS,Automobile and Auto Components,Auto Parts,Micro
BHARATWIRE,Bharat Wire Ropes Limited,EQ,INE316L01019,BHARATWIRE.NS,Metals & Mining,Steel,Micro
BHARTIARTL,Bharti Airtel Limited,EQ,INE397D01024,BHARTIARTL.NS,Telecommunication,,Large
BHARTIHEXA,Bharti Hexacom Limited,EQ,INE343G01021,BHARTIHEXA.NS,Telecommunication,,Mid
BHEL,Bharat Heavy Electricals Limited,EQ,INE257A01026,BHEL.NS,Capital Goods,,Mid
BI,Bilcare Limited,BE,INE986A01012,BI.NS,Consumer Services,Packaging & Containers,Micro
BIGBLOC,Bigbloc Construction Limited,EQ,INE412U01025,BIGBLOC.NS,Capital Goods,Building Products & Equipment,Micro
BIKAJI,Bikaji Foods International Limited,EQ,INE00E101023,BIKAJI.NS,Fast Moving Consumer Goods,Packaged Foods,Micro
BIL,Bhartiya International Limited,EQ,INE828A01016,BIL.NS,Textiles,Footwear & Accessories,Micro
BILVYAPAR,BIL VYAPAR LIMITED,BE,INE071A01013,BILVYAPAR.NS,Chemicals,Specialty Chemicals,Micro
BIMETAL,Bimetal Bearings Limited,EQ,INE469A01019,BIMETAL.NS,Automobile and Auto Components,Auto Parts,Micro
BIOCON,Biocon Limited,EQ,INE376G01013,BIOCON.NS,Healthcare,,Mid
BIOFILCHEM,Biofil Chemicals & Pharmaceuticals Limited,EQ,INE829A01014,BIOFILCHEM.NS,Healthcare,Drug Manufacturers - Specialty & Generic,Micro
BIRLACABLE,Birla Cable Limited,EQ,INE800A01015,BIRLACABLE.NS,Information Technology,Communication Equipment,Micro
BIRLACORPN,Birla Corporation Limited,EQ,INE340A01012,BIRLACORPN.NS,Construction Materials,,Micro
BIRLAMONEY,Aditya Birla Money Limited,EQ,INE865C01022,BIRLAMONEY.NS,Financial Services,Capital Markets,Micro
BIRLANU,BirlaNu Limited,EQ,INE557A01011,BIRLANU.NS,Capital Goods,Building Products & Equipment,Micro
BIRLAPREC,Birla Precision Technologies Limited,BE,INE372E01025,BIRLAPREC.NS,Capital Goods,Tools & Accessories,Micro
BLACKBUCK,BLACKBUCK LIMITED,EQ,INE0UIZ01018,BLACKBUCK.NS,Services,,Micro
BLACKROSE,Black Rose Inds. Limited,EQ,INE761G01016,BLACKROSE.NS,Chemicals,Specialty Chemicals,Micro
BLAL,BEML Land Assets Limited,EQ,INE0N7W01012,BLAL.NS,Financial Services,Shell Companies,Micro
BLBLIMITED,BLB Limited,EQ,INE791A01024,BLBLIMITED.NS,Financial Services,Capital Markets,Micro
BLEL,Behari Lal Engineering Limited,EQ,INE1EEM01017,BLEL.NS,Metals & Mining,Steel,Micro
BLIL,Balmer Lawrie Investments Limited,EQ,INE525F01025,BLIL.NS,Diversified,Conglomerates,Micro
BLISSGVS,Bliss GVS Pharma Limited,BE,INE416D01022,BLISSGVS.NS,Healthcare,Drug Manufacturers - Specialty & Generic,Micro
BLKASHYAP,B. L. Kashyap and Sons Limited,EQ,INE350H01032,BLKASHYAP.NS,Construction,Engineering & Construction,Micro
BLS,BLS International Services Limited,EQ,INE153T01027,BLS.NS,Consumer Services,,Small
BLSE,BLS E-Services Limited,EQ,INE0NLT01028,BLSE.NS,Services,Specialty Business Services,Micro
BLUECLOUDS,Blue Cloud Softech Solutions Limited,EQ,INE373T01047,BLUECLOUDS.NS,Information Technology,Information Technology Services,Micro
BLUECOAST,Blue Coast Hotels Limited,EQ,INE472B01011,BLUECOAST.NS,Consumer Services,Lodging,Micro
BLUEDART,Blue Dart Express Limited,EQ,INE233B01017,BLUEDART.NS,Services,Integrated Freight & Logistics,Micro
BLUEJET,Blue Jet Healthcare Limited,EQ,INE0KBH01020,BLUEJET.NS,Healthcare,,Micro
BLUESTARCO,Blue Star Limited,EQ,INE472A01039,BLUESTARCO.NS,Consumer Durables,,Mid
BLUESTONE,BlueStone Jewellery and Lifestyle Limited,EQ,INE304W01038,BLUESTONE.NS,Consumer Durables,,Micro
BLUSPRING,Bluspring Enterprises Limited,EQ,INE0U4101014,BLUSPRING.NS,Services,Specialty Business Services,Micro
BMWVENTLTD,BMW Ventures Limited,EQ,INE965W01036,BMWVENTLTD.NS,Metals & Mining,Steel,Micro
BNAGROCHEM,BN Agrochem Limited,EQ,INE00HZ01011,BNAGROCHEM.NS,Fast Moving Consumer Goods,Packaged Foods,Micro
BNALTD,B & A Limited,BE,INE489D01011,BNALTD.NS,Fast Moving Consumer Goods,Packaged Foods,Micro
BODALCHEM,Bodal Chemicals Limited,BE,INE338D01028,BODALCHEM.NS,Chemicals,Specialty Chemicals,Micro
BOHRAIND,Bohra Industries Limited,EQ,INE802W01023,BOHRAIND.NS,Chemicals,Agricultural Inputs,Micro
BOMDYEING,Bombay Dyeing & Mfg Company Limited,EQ,INE032A01023,BOMDYEING.NS,Textiles,Textile Manufacturing,Micro
BONLON,Bonlon Industries Limited,EQ,INE0B9A01018,BONLON.NS,Metals & Mining,Other Industrial Metals & Mining,Micro
BORANA,Borana Weaves Limited,EQ,INE16SF01016,BORANA.NS,Textiles,Textile Manufacturing,Micro
BOROLTD,Borosil Limited,EQ,INE02PY01013,BOROLTD.NS,Consumer Durables,"Furnishings, Fixtures & Appliances",Micro
BORORENEW,BOROSIL RENEWABLES LIMITED,EQ,INE666D01022,BORORENEW.NS,Capital Goods,,Micro
BOROSCI,Borosil Scientific Limited,EQ,INE02L001032,BOROSCI.NS,Consumer Services,Packaging & Containers,Micro
BOSCH-HCIL,BOSCH HOME COMFORT INDIA LIMITED,EQ,INE782A01015,BOSCH-HCIL.NS,Consumer Durables,"Furnishings, Fixtures & Appliances",Micro
BOSCHLTD,Bosch Limited,EQ,INE323A01026,BOSCHLTD.NS,Automobile and Auto Components,,Large
BPCL,Bharat Petroleum Corporation Limited,EQ,INE029A01011,BPCL.NS,Oil Gas & Consumable Fuels,,Large
BPL,BPL Limited,EQ,INE110A01019,BPL.NS,Consumer Durables,Consumer Electronics,Micro
BPLPHARMA,Bharat Parenterals Limited,EQ,INE365Y01019,BPLPHARMA.NS,Healthcare,Drug Manufacturers - Specialty & Generic,Micro
BRAHMINFRA,Brahmaputra Infrastructure Limited,EQ,INE320I01017,BRAHMINFRA.NS,Construction,Engineering & Construction,Micro
BRIGADE,Brigade Enterprises Limited,EQ,INE791I01019,BRIGADE.NS,Realty,,Small
BRIGHOTEL,Brigade Hotel Ventures Limited,EQ,INE03NU01014,BRIGHOTEL.NS,Consumer Services,Lodging,Micro
BRIGHTBR,Bright Brothers Limited,EQ,INE630D01010,BRIGHTBR.NS,Chemicals,Specialty Chemicals,Micro
BRITANNIA,Britannia Industries Limited,EQ,INE216A01030,BRITANNIA.NS,Fast Moving Consumer Goods,,Large
BRNL,Bharat Road Network Limited,EQ,INE727S01012,BRNL.NS,Construction,Infrastructure Operations,Micro
BROOKS,Brooks Laboratories Limited,EQ,INE650L01011,BROOKS.NS,Healthcare,Drug Manufacturers - Specialty & Generic,Micro
BSE,BSE Limited,EQ,INE118H01025,BSE.NS,Financial Services,,Large
BSHSL,Bombay Super Hybrid Seeds Limited,EQ,INE032Z01020,BSHSL.NS,Chemicals,Agricultural Inputs,Micro
BSL,BSL Limited,EQ,INE594B01012,BSL.NS,Textiles,Textile Manufacturing,Micro
BSOFT,BIRLASOFT LIMITED,EQ,INE836A01035,BSOFT.NS,Information Technology,,Small
BTML,Bodhi Tree Multimedia Limited,EQ,INE0EEJ01023,BTML.NS,Media Entertainment & Publication,Entertainment,Micro
BTTL,Bhilwara Technical Textiles Limited,BE,INE274K01012,BTTL.NS,Textiles,Textile Manufacturing,Micro
BUILDPRO,Shankara Buildpro Limited,EQ,INE24OJ01011,BUILDPRO.NS,Consumer Durables,Home Improvement Retail,Micro
BURNPUR,Burnpur Cement Limited,BE,INE817H01022,BURNPUR.NS,Construction Materials,Building Materials,Micro
BUTTERFLY,Butterfly Gandhimathi Appliances Limited,EQ,INE295F01017,BUTTERFLY.NS,Consumer Durables,"Furnishings, Fixtures & Appliances",Micro
BVCL,Barak Valley Cements Limited,EQ,INE139I01011,BVCL.NS,Construction Materials,Building Materials,Micro
BYKE,The Byke Hospitality Ltd,EQ,INE319B01014,BYKE.NS,Consumer Services,Lodging,Micro
CALSOFT,California Software Company Limited,BE,INE526B01014,CALSOFT.NS,Information Technology,Software - Application,Micro
CAMLINFINE,Camlin Fine Sciences Limited,EQ,INE052I01032,CAMLINFINE.NS,Chemicals,Specialty Chemicals,Micro
CAMPUS,Campus Activewear Limited,EQ,INE278Y01022,CAMPUS.NS,Consumer Durables,,Micro
CAMS,Computer Age Management Services Limited,EQ,INE596I01020,CAMS.NS,Financial Services,,Small
CANBK,Canara Bank,EQ,INE476A01022,CANBK.NS,Financial Services,,Large
CANFINHOME,Can Fin Homes Limited,EQ,INE477A01020,CANFINHOME.NS,Financial Services,,Small
CANHLIFE,Canara HSBC Life Insurance Company Limited,EQ,INE01TY01017,CANHLIFE.NS,Financial Services,,Small
CANTABIL,Cantabil Retail India Limited,EQ,INE068L01024,CANTABIL.NS,Textiles,Apparel Manufacturing,Micro
CAPACITE,Capacit'e Infraprojects Limited,EQ,INE264T01014,CAPACITE.NS,Construction,Engineering & Construction,Micro
CAPILLARY,Capillary Technologies India Limited,EQ,INE0ILV01024,CAPILLARY.NS,Information Technology,,Micro
CAPITALSFB,Capital Small Finance Bank Limited,EQ,INE646H01017,CAPITALSFB.NS,Financial Services,Banks - Regional,Micro
CAPLIPOINT,Caplin Point Laboratories Limited,EQ,INE475E01026,CAPLIPOINT.NS,Healthcare,,Small
CAPTRUST,Capital Trust Limited,BE,INE707C01018,CAPTRUST.NS,Financial Services,Credit Services,Micro
CARBORUNIV,Carborundum Universal Limited,EQ,INE120A01034,CARBORUNIV.NS,Capital Goods,,Small
CARERATING,CARE Ratings Limited,EQ,INE752H01013,CARERATING.NS,Financial Services,Financial Data & Stock Exchanges,Micro
CARRARO,Carraro India Limited,EQ,INE0V7W01012,CARRARO.NS,Automobile and Auto Components,Auto Parts,Micro
CARTRADE,Cartrade Tech Limited,EQ,INE290S01011,CARTRADE.NS,Consumer Services,,Small
CARYSIL,CARYSIL LIMITED,EQ,INE482D01024,CARYSIL.NS,Consumer Durables,"Furnishings, Fixtures & Appliances",Micro
CASTROLIND,Castrol India Limited,EQ,INE172A01027,CASTROLIND.NS,Oil Gas & Consumable Fuels,,Small
CCAVENUE,AvenuesAI Limited,EQ,INE483S01020,CCAVENUE.NS,Financial Services,,Micro
CCCL,Consolidated Construction Consortium Limited,EQ,INE429I01024,CCCL.NS,Construction,Engineering & Construction,Micro
CCHHL,Country Club Hospitality & Holidays Limited,EQ,INE652F01027,CCHHL.NS,Consumer Services,Lodging,Micro
CCL,CCL Products (India) Limited,EQ,INE421D01022,CCL.NS,Fast Moving Consumer Goods,,Small
CDSL,Central Depository Services (India) Limited,EQ,INE736A01011,CDSL.NS,Financial Services,,Small
CEATLTD,CEAT Limited,EQ,INE482A01020,CEATLTD.NS,Automobile and Auto Components,,Small
CEIGALL,Ceigall India Limited,EQ,INE0AG901020,CEIGALL.NS,Construction,,Micro
CEINSYS,Ceinsys Tech Limited,EQ,INE016Q01014,CEINSYS.NS,Construction,Engineering & Construction,Micro
CELEBRITY,Celebrity Fashions Limited,EQ,INE185H01016,CELEBRITY.NS,Textiles,Apparel Manufacturing,Micro
CELLO,Cello World Limited,EQ,INE0LMW01024,CELLO.NS,Consumer Durables,,Micro
CEMPRO,Cemindia Projects Limited,EQ,INE686A01026,CEMPRO.NS,Construction,,Small
CENTENKA,Century Enka Limited,EQ,INE485A01015,CENTENKA.NS,Textiles,Textile Manufacturing,Micro
CENTEXT,Century Extrusions Limited,EQ,INE281A01026,CENTEXT.NS,Metals & Mining,Aluminum,Micro
CENTEXT-RE,Century Extrusions Limited-RE,BE,INE281A20018,CENTEXT-RE.NS,Unclassified,,Micro
CENTRALBK,Central Bank of India,EQ,INE483A01010,CENTRALBK.NS,Financial Services,,Small
CENTRUM,Centrum Capital Limited,EQ,INE660C01027,CENTRUM.NS,Financial Services,Financial Conglomerates,Micro
CENTUM,Centum Electronics Limited,EQ,INE320B01020,CENTUM.NS,Capital Goods,,Micro
CENTURYPLY,Century Plyboards (India) Limited,EQ,INE348B01021,CENTURYPLY.NS,Forest Materials,Lumber & Wood Production,Micro
CERA,Cera Sanitaryware Limited,EQ,INE739E01017,CERA.NS,Consumer Durables,,Micro
CESC,CESC Limited,EQ,INE486A01021,CESC.NS,Power,,Small
CEWATER,Concord Enviro Systems Limited,EQ,INE037Z01029,CEWATER.NS,Power,Utilities - Regulated Water,Micro
CFEL,Confidence Futuristic Energetech Limited,BE,INE700F01024,CFEL.NS,Oil Gas & Consumable Fuels,Utilities - Regulated Gas,Micro
CGCL,Capri Global Capital Limited,EQ,INE180C01042,CGCL.NS,Financial Services,,Small
CGPOWER,CG Power and Industrial Solutions Limited,EQ,INE067A01029,CGPOWER.NS,Capital Goods,,Large
CGVAK,CG Vak Software & Exports Limited,EQ,INE084D01010,CGVAK.NS,Information Technology,Software - Application,Micro
CHALET,Chalet Hotels Limited,EQ,INE427F01016,CHALET.NS,Consumer Services,,Micro
CHAMBLFERT,Chambal Fertilizers & Chemicals Limited,EQ,INE085A01013,CHAMBLFERT.NS,Chemicals,,Small
CHEMBOND,Chembond Material Technologies Limited,EQ,INE995D01025,CHEMBOND.NS,Chemicals,Specialty Chemicals,Micro
CHEMBONDCH,Chembond Chemicals Limited,BE,INE0TGX01019,CHEMBONDCH.NS,Chemicals,Specialty Chemicals,Micro
CHEMCON,Chemcon Speciality Chemicals Limited,EQ,INE03YM01018,CHEMCON.NS,Chemicals,Specialty Chemicals,Micro
CHEMCRUX,Chemcrux Enterprises Limited,EQ,INE298W01016,CHEMCRUX.NS,Chemicals,Specialty Chemicals,Micro
CHEMFAB,Chemfab Alkalis Limited,EQ,INE783X01023,CHEMFAB.NS,Chemicals,Specialty Chemicals,Micro
CHEMPLASTS,Chemplast Sanmar Limited,EQ,INE488A01050,CHEMPLASTS.NS,Chemicals,Chemicals,Micro
CHENNPETRO,Chennai Petroleum Corporation Limited,EQ,INE178A01016,CHENNPETRO.NS,Oil Gas & Consumable Fuels,,Small
CHEVIOT,Cheviot Company Limited,EQ,INE974B01016,CHEVIOT.NS,Textiles,Textile Manufacturing,Micro
CHOICEIN,Choice International Limited,EQ,INE102B01014,CHOICEIN.NS,Financial Services,,Small
CHOLAFIN,Cholamandalam Investment and Finance Company Limited,EQ,INE121A01024,CHOLAFIN.NS,Financial Services,,Large
CHOLAHLDNG,Cholamandalam Financial Holdings Limited,EQ,INE149A01033,CHOLAHLDNG.NS,Financial Services,,Small
CIEINDIA,CIE Automotive India Limited,EQ,INE536H01010,CIEINDIA.NS,Automobile and Auto Components,,Small
CIFL,Capital India Finance Limited,EQ,INE345H01024,CIFL.NS,Financial Services,Credit Services,Micro
CINELINE,Cineline India Limited,EQ,INE704H01022,CINELINE.NS,Media Entertainment & Publication,Entertainment,Micro
CINEVISTA,Cinevista Limited,EQ,INE039B01026,CINEVISTA.NS,Media Entertainment & Publication,Entertainment,Micro
CIPLA,Cipla Limited,EQ,INE059A01026,CIPLA.NS,Healthcare,,Large
CLEAN,Clean Science and Technology Limited,EQ,INE227W01023,CLEAN.NS,Chemicals,,Small
CLEANMAX,Clean Max Enviro Energy Solutions Limited,EQ,INE647U01026,CLEANMAX.NS,Power,,Small
CLEDUCATE,CL Educate Limited,EQ,INE201M01029,CLEDUCATE.NS,Services,Education & Training Services,Micro
CLSEL,Chaman Lal Setia Exports Limited,EQ,INE419D01026,CLSEL.NS,Fast Moving Consumer Goods,Packaged Foods,Micro
CMLL,Caliber Mining and Logistics Limited,EQ,INE11XY01018,CMLL.NS,Oil Gas & Consumable Fuels,Thermal Coal,Micro
CMPDI,Central Mine Planning & Design Institute Limited,EQ,INE05HV01027,CMPDI.NS,Services,,Small
CMRGREEN,CMR Green Technologies Limited,EQ,INE00WV01027,CMRGREEN.NS,Capital Goods,,Micro
CMSINFO,CMS Info Systems Limited,EQ,INE925R01014,CMSINFO.NS,Services,,Micro
CNL,Creative Newtech Limited,EQ,INE985W01018,CNL.NS,Information Technology,Electronics & Computer Distribution,Micro
COALINDIA,Coal India Limited,EQ,INE522F01014,COALINDIA.NS,Oil Gas & Consumable Fuels,,Large
COASTCORP,Coastal Corporation Limited,EQ,INE377E01024,COASTCORP.NS,Fast Moving Consumer Goods,Packaged Foods,Micro
COCHINSHIP,Cochin Shipyard Limited,EQ,INE704P01025,COCHINSHIP.NS,Capital Goods,,Mid
COCKERILL,John Cockerill India Limited,EQ,INE515A01019,COCKERILL.NS,Metals & Mining,Metal Fabrication,Micro
COFFEEDAY,Coffee Day Enterprises Limited,EQ,INE335K01011,COFFEEDAY.NS,Consumer Services,Restaurants,Micro
COFORGE,Coforge Limited,EQ,INE591G01025,COFORGE.NS,Information Technology,,Mid
COHANCE,Cohance Lifesciences Limited,EQ,INE03QK01018,COHANCE.NS,Healthcare,,Small
COLPAL,Colgate Palmolive (India) Limited,EQ,INE259A01022,COLPAL.NS,Fast Moving Consumer Goods,,Mid
COMFINTE,Comfort Intech Limited,EQ,INE819A01049,COMFINTE.NS,Diversified,Conglomerates,Micro
COMPEAU,Competent Automobiles Company Limited,EQ,INE823B01015,COMPEAU.NS,Automobile and Auto Components,Auto & Truck Dealerships,Micro
COMPUSOFT,Compucom Software Limited,EQ,INE453B01029,COMPUSOFT.NS,Services,Education & Training Services,Micro
COMSYN,Commercial Syn Bags Limited,EQ,INE073V01015,COMSYN.NS,Consumer Services,Packaging & Containers,Micro
CONCOR,Container Corporation of India Limited,EQ,INE111A01025,CONCOR.NS,Services,,Mid
CONCORDBIO,Concord Biotech Limited,EQ,INE338H01029,CONCORDBIO.NS,Healthcare,,Small
CONFIPET,Confidence Petroleum India Limited,EQ,INE552D01024,CONFIPET.NS,Unclassified,,Micro
CONSOFINVT,Consolidated Finvest & Holdings Limited,BE,INE025A01027,CONSOFINVT.NS,Unclassified,,Micro
CONTROLPR,Control Print Limited,EQ,INE663B01015,CONTROLPR.NS,Unclassified,,Micro
CORALFINAC,Coral India Finance & Housing Limited,EQ,INE558D01021,CORALFINAC.NS,Unclassified,,Micro
CORDELIA,Waterways Leisure Tourism Limited,EQ,INE0LZF01039,CORDELIA.NS,Unclassified,,Micro
CORDSCABLE,Cords Cable Industries Limited,BE,INE792I01017,CORDSCABLE.NS,Unclassified,,Micro
COROMANDEL,Coromandel International Limited,EQ,INE169A01031,COROMANDEL.NS,Chemicals,,Mid
CORONA,CORONA Remedies Limited,EQ,INE02ZQ01018,CORONA.NS,Unclassified,,Micro
COSMOFIRST,COSMO FIRST LIMITED,EQ,INE757A01017,COSMOFIRST.NS,Unclassified,,Micro
COUNCODOS,Country Condo's Limited,BE,INE695B01025,COUNCODOS.NS,Unclassified,,Micro
CPCAP,CP Capital Limited,EQ,INE521J01018,CPCAP.NS,Financial Services,Credit Services,Micro
CPEDU,Career Point Edutech Limited,EQ,INE0P6P01016,CPEDU.NS,Unclassified,,Micro
CPL,Captain Polyplast Limited,EQ,INE536P01021,CPL.NS,Unclassified,,Micro
CPPLUS,Aditya Infotech Limited,EQ,INE819V01029,CPPLUS.NS,Capital Goods,,Small
CRAFTSMAN,Craftsman Automation Limited,EQ,INE00LO01017,CRAFTSMAN.NS,Automobile and Auto Components,,Small
CRAMC,Canara Robeco Asset Management Company Limited,EQ,INE218I01013,CRAMC.NS,Financial Services,,Micro
CRAVATEX,Cravatex Limited,EQ,INE145E01017,CRAVATEX.NS,Unclassified,,Micro
CREATIVEYE,Creative Eye Limited,EQ,INE230B01021,CREATIVEYE.NS,Unclassified,,Micro
CREDITACC,CREDITACCESS GRAMEEN LIMITED,EQ,INE741K01010,CREDITACC.NS,Financial Services,,Small
CREST,Crest Ventures Limited,EQ,INE559D01011,CREST.NS,Unclassified,,Micro
CRESTO,CRESTO TECHNO LIMITED,BE,INE203Y01012,CRESTO.NS,Unclassified,,Micro
CRISIL,Crisil Limited,EQ,INE007A01025,CRISIL.NS,Financial Services,,Mid
CRIZAC,Crizac Limited,EQ,INE0S4R01014,CRIZAC.NS,Unclassified,,Micro
CROMPTON,Crompton Greaves Consumer Electricals Limited,EQ,INE299U01018,CROMPTON.NS,Consumer Durables,,Small
CROWN,Crown Lifters Limited,EQ,INE491V01019,CROWN.NS,Unclassified,,Micro
CSBBANK,CSB Bank Limited,EQ,INE679A01013,CSBBANK.NS,Financial Services,,Micro
CSLFINANCE,CSL Finance Limited,EQ,INE718F01018,CSLFINANCE.NS,Unclassified,,Micro
CSM,CSM Technologies Limited,EQ,INE0ZK601013,CSM.NS,Unclassified,,Micro
CTE,Cambridge Technology Enterprises Limited,BE,INE627H01017,CTE.NS,Unclassified,,Micro
CUB,City Union Bank Limited,EQ,INE491A01021,CUB.NS,Financial Services,,Small
CUBEXTUB,Cubex Tubings Limited,BE,INE144D01012,CUBEXTUB.NS,Unclassified,,Micro
CUMMINSIND,Cummins India Limited,EQ,INE298A01020,CUMMINSIND.NS,Capital Goods,,Large
CUPID,Cupid Limited,EQ,INE509F01029,CUPID.NS,Fast Moving Consumer Goods,,Small
CURAA,Cura Technologies Limited,BE,INE117B01020,CURAA.NS,Unclassified,,Micro
CYBERMEDIA,Cyber Media (India) Limited,BE,INE278G01037,CYBERMEDIA.NS,Unclassified,,Micro
CYBERTECH,Cybertech Systems And Software Limited,EQ,INE214A01019,CYBERTECH.NS,Unclassified,,Micro
CYIENT,Cyient Limited,EQ,INE136B01020,CYIENT.NS,Information Technology,,Small
CYIENTDLM,Cyient DLM Limited,EQ,INE055S01018,CYIENTDLM.NS,Unclassified,,Micro
DABUR,Dabur India Limited,EQ,INE016A01026,DABUR.NS,Fast Moving Consumer Goods,,Mid
DAICHI,Dai-Ichi Karkaria Limited,BE,INE928C01010,DAICHI.NS,Unclassified,,Micro
DALBHARAT,Dalmia Bharat Limited,EQ,INE00R701025,DALBHARAT.NS,Construction Materials,,Mid
DALMIASUG,Dalmia Bharat Sugar and Industries Limited,EQ,INE495A01022,DALMIASUG.NS,Unclassified,,Micro
DAMCAPITAL,Dam Capital Advisors Limited,EQ,INE284H01025,DAMCAPITAL.NS,Unclassified,,Micro
DAMODARIND,Damodar Industries Limited,BE,INE497D01022,DAMODARIND.NS,Unclassified,,Micro
DANGEE,Dangee Dums Limited,EQ,INE688Y01022,DANGEE.NS,Unclassified,,Micro
DATAMATICS,Datamatics Global Services Limited,EQ,INE365B01017,DATAMATICS.NS,Information Technology,,Micro
DATAPATTNS,Data Patterns (India) Limited,EQ,INE0IX101010,DATAPATTNS.NS,Capital Goods,,Small
DAVANGERE,Davangere Sugar Company Limited,EQ,INE179G01029,DAVANGERE.NS,Unclassified,,Micro
DBCORP,D.B.Corp Limited,EQ,INE950I01011,DBCORP.NS,Unclassified,,Micro
DBEIL,Deepak Builders & Engineers India Limited,EQ,INE0OPA01027,DBEIL.NS,Unclassified,,Micro
DBL,Dilip Buildcon Limited,EQ,INE917M01012,DBL.NS,Construction,,Micro
DBOL,Dhampur Bio Organics Limited,EQ,INE0I3401014,DBOL.NS,Unclassified,,Micro
DBREALTY,Valor Estate Limited,EQ,INE879I01012,DBREALTY.NS,Realty,,Micro
DBSTOCKBRO,DB (International) Stock Brokers Limited,BE,INE921B01025,DBSTOCKBRO.NS,Unclassified,,Micro
DCAL,Dishman Carbogen Amcis Limited,EQ,INE385W01011,DCAL.NS,Unclassified,,Micro
DCBBANK,DCB Bank Limited,EQ,INE503A01015,DCBBANK.NS,Financial Services,,Micro
DCI,Dc Infotech And Communication Limited,EQ,INE0A1101019,DCI.NS,Unclassified,,Micro
DCM,DCM  Limited,EQ,INE498A01018,DCM.NS,Unclassified,,Micro
DCMFINSERV,DCM Financial Services Limited,EQ,INE891B01012,DCMFINSERV.NS,Unclassified,,Micro
DCMNVL,DCM Nouvelle Limited,BE,INE08KP01019,DCMNVL.NS,Unclassified,,Micro
DCMSHRIRAM,DCM Shriram Limited,EQ,INE499A01024,DCMSHRIRAM.NS,Unclassified,,Micro
DCMSIL,DCM Shriram International Limited,EQ,INE0OU201013,DCMSIL.NS,Unclassified,,Micro
DCMSRIND,DCM Shriram Industries Limited,EQ,INE843D01027,DCMSRIND.NS,Unclassified,,Micro
DCW,DCW Limited,EQ,INE500A01029,DCW.NS,Unclassified,,Micro
DCXINDIA,DCX Systems Limited,EQ,INE0KL801015,DCXINDIA.NS,Unclassified,,Micro
DDEVPLSTIK,Ddev Plastiks Industries Limited,EQ,INE0HR601026,DDEVPLSTIK.NS,Unclassified,,Micro
DECCANCE,Deccan Cements Limited,EQ,INE583C01021,DECCANCE.NS,Unclassified,,Micro
DECNGOLD,Deccan Gold Mines Limited,EQ,INE945F01025,DECNGOLD.NS,Unclassified,,Micro
DEEDEV,DEE Development Engineers Limited,EQ,INE841L01016,DEEDEV.NS,Unclassified,,Micro
DEEP,Deep Polymers Limited,BE,INE00IY01012,DEEP.NS,Unclassified,,Micro
DEEPA,Deepa Jewellers Limited,EQ,INE1M2N01020,DEEPA.NS,Unclassified,,Micro
DEEPAKFERT,Deepak Fertilizers and Petrochemicals Corporation Limited,EQ,INE501A01019,DEEPAKFERT.NS,Chemicals,,Small
DEEPAKNTR,Deepak Nitrite Limited,EQ,INE288B01029,DEEPAKNTR.NS,Chemicals,,Small
DEEPINDS,Deep Industries Limited,EQ,INE0FHS01024,DEEPINDS.NS,Unclassified,,Micro
DELHIVERY,Delhivery Limited,EQ,INE148O01028,DELHIVERY.NS,Services,,Small
DELPHIFX,DELPHI WORLD MONEY LIMITED,BE,INE726L01027,DELPHIFX.NS,Unclassified,,Micro
DELTACORP,Delta Corp Limited,EQ,INE124G01033,DELTACORP.NS,Consumer Services,Resorts & Casinos,Micro
DELTAMAGNT,Delta Manufacturing Limited,EQ,INE393A01011,DELTAMAGNT.NS,Unclassified,,Micro
DEN,Den Networks Limited,EQ,INE947J01015,DEN.NS,Unclassified,,Micro
DENORA,De Nora India Limited,EQ,INE244A01016,DENORA.NS,Unclassified,,Micro
DENTA,Denta Water and Infra Solutions Limited,EQ,INE0R4L01018,DENTA.NS,Unclassified,,Micro
DEVIT,Dev Information Technology Limited,EQ,INE060X01034,DEVIT.NS,Information Technology,Information Technology Services,Micro
DEVX,Dev Accelerator Limited,EQ,INE0VOV01021,DEVX.NS,Unclassified,,Micro
DEVYANI,Devyani International Limited,EQ,INE872J01023,DEVYANI.NS,Consumer Services,,Small
DGCONTENT,Digicontent Limited,EQ,INE03JI01017,DGCONTENT.NS,Unclassified,,Micro
DHABRIYA,Dhabriya Polywood Limited,BE,INE260R01016,DHABRIYA.NS,Unclassified,,Micro
DHAMPURSUG,Dhampur Sugar Mills Limited,EQ,INE041A01016,DHAMPURSUG.NS,Unclassified,,Micro
DHANBANK,Dhanlaxmi Bank Limited,EQ,INE680A01011,DHANBANK.NS,Unclassified,,Micro
DHANUKA,Dhanuka Agritech Limited,EQ,INE435G01025,DHANUKA.NS,Unclassified,,Micro
DHARMAJ,Dharmaj Crop Guard Limited,EQ,INE00OQ01016,DHARMAJ.NS,Unclassified,,Micro
DHATRE,Dhatre Udyog Limited,EQ,INE715T01031,DHATRE.NS,Unclassified,,Micro
DHOOTTRANS,Dhoot Transmission Limited,EQ,INE01NH01023,DHOOTTRANS.NS,Unclassified,,Micro
DHRUV,Dhruv Consultancy Services Limited,EQ,INE506Z01015,DHRUV.NS,Construction,Engineering & Construction,Micro
DHUNINV,Dhunseri Investments Limited,EQ,INE320L01011,DHUNINV.NS,Unclassified,,Micro
DIACABS,Diamond Power Infrastructure Limited,BE,INE989C01038,DIACABS.NS,Capital Goods,,Micro
DIAMINESQ,Diamines & Chemicals Limited,EQ,INE591D01014,DIAMINESQ.NS,Unclassified,,Micro
DIAMONDYD,Prataap Snacks Limited,EQ,INE393P01035,DIAMONDYD.NS,Unclassified,,Micro
DICIND,DIC India Limited,EQ,INE303A01010,DICIND.NS,Unclassified,,Micro
DIFFNKG,Diffusion Engineers Limited,EQ,INE184O01015,DIFFNKG.NS,Unclassified,,Micro
DIGIDRIVE,Digidrive Distributors Limited,EQ,INE0PSC01024,DIGIDRIVE.NS,Unclassified,,Micro
DIGISPICE,DiGiSPICE Technologies Limited,EQ,INE927C01020,DIGISPICE.NS,Unclassified,,Micro
DIGITIDE,Digitide Solutions Limited,EQ,INE0U4701011,DIGITIDE.NS,Unclassified,,Micro
DIGJAMLMTD,Digjam Limited,BE,INE731U01028,DIGJAMLMTD.NS,Unclassified,,Micro
DISAQ,Disa India Limited,EQ,INE131C01011,DISAQ.NS,Unclassified,,Micro
DISHTV,Dish TV India Limited,EQ,INE836F01026,DISHTV.NS,Unclassified,,Micro
DIVGIITTS,Divgi Torqtransfer Systems Limited,EQ,INE753U01022,DIVGIITTS.NS,Unclassified,,Micro
DIVISLAB,Divi's Laboratories Limited,EQ,INE361B01024,DIVISLAB.NS,Healthcare,,Large
DIXON,Dixon Technologies (India) Limited,EQ,INE935N01020,DIXON.NS,Consumer Durables,,Mid
DJML,DJ Mediaprint & Logistics Limited,EQ,INE0B1K01014,DJML.NS,Unclassified,,Micro
DLF,DLF Limited,EQ,INE271C01023,DLF.NS,Realty,,Large
DLINKINDIA,D-Link (India) Limited,EQ,INE250K01012,DLINKINDIA.NS,Unclassified,,Micro
DMART,Avenue Supermarts Limited,EQ,INE192R01011,DMART.NS,Consumer Services,,Large
DMCC,DMCC SPECIALITY CHEMICALS LIMITED,EQ,INE505A01010,DMCC.NS,Chemicals,Chemicals,Micro
DNAMEDIA,Diligent Media Corporation Limited,EQ,INE016M01021,DNAMEDIA.NS,Unclassified,,Micro
DODLA,Dodla Dairy Limited,EQ,INE021O01019,DODLA.NS,Unclassified,,Micro
DOLATALGO,Dolat Algotech Limited,EQ,INE966A01022,DOLATALGO.NS,Financial Services,Capital Markets,Micro
DOLLAR,Dollar Industries Limited,EQ,INE325C01035,DOLLAR.NS,Unclassified,,Micro
DOLLEX,Dollex Agrotech Limited,EQ,INE0JHH01011,DOLLEX.NS,Unclassified,,Micro
DOLPHIN,Dolphin Offshore Enterprises (India) Limited,EQ,INE920A01037,DOLPHIN.NS,Unclassified,,Micro
DOMS,DOMS Industries Limited,EQ,INE321T01012,DOMS.NS,Fast Moving Consumer Goods,,Small
DONEAR,Donear Industries Limited,EQ,INE668D01028,DONEAR.NS,Unclassified,,Micro
DPABHUSHAN,D. P. Abhushan Limited,EQ,INE266Y01019,DPABHUSHAN.NS,Unclassified,,Micro
DPSCLTD,DPSC Limited,BE,INE360C01024,DPSCLTD.NS,Unclassified,,Micro
DPWIRES,D P Wires Limited,EQ,INE864X01013,DPWIRES.NS,Unclassified,,Micro
DRAGARWQ,Dr Agarwals Eye Hospital Limited,EQ,INE934C01018,DRAGARWQ.NS,Unclassified,,Micro
DRCSYSTEMS,DRC Systems India Limited,EQ,INE03RS01027,DRCSYSTEMS.NS,Unclassified,,Micro
DREAMFOLKS,Dreamfolks Services Limited,EQ,INE0JS101016,DREAMFOLKS.NS,Unclassified,,Micro
DREDGECORP,Dredging Corporation of India Limited,EQ,INE506A01018,DREDGECORP.NS,Unclassified,,Micro
DRREDDY,Dr. Reddy's Laboratories Limited,EQ,INE089A01031,DRREDDY.NS,Healthcare,,Large
DSFCL,DCM Shriram Fine Chemicals Limited,BE,INE0OFM01015,DSFCL.NS,Unclassified,,Micro
DSKULKARNI,DS Kulkarni Developers Limited,BE,INE891A01022,DSKULKARNI.NS,Realty,Real Estate - Development,Micro
DSSL,Dynacons Systems & Solutions Limited,EQ,INE417B01040,DSSL.NS,Unclassified,,Micro
DTIL,Dhunseri Tea & Industries Limited,BE,INE341R01014,DTIL.NS,Unclassified,,Micro
DUCON,Ducon Infratechnologies Limited,EQ,INE741L01018,DUCON.NS,Unclassified,,Micro
DVL,Dhunseri Ventures Limited,EQ,INE477B01010,DVL.NS,Unclassified,,Micro
DWARKESH,Dwarikesh Sugar Industries Limited,EQ,INE366A01041,DWARKESH.NS,Unclassified,,Micro
DYCL,Dynamic Cables Limited,EQ,INE600Y01019,DYCL.NS,Unclassified,,Micro
DYNAMATECH,Dynamatic Technologies Limited,EQ,INE221B01012,DYNAMATECH.NS,Capital Goods,,Micro
DYNPRO,Dynemic Products Limited,EQ,INE256H01015,DYNPRO.NS,Unclassified,,Micro
E2E,E2E Networks Limited,BE,INE255Z01027,E2E.NS,Information Technology,,Micro
EASEMYTRIP,Easy Trip Planners Limited,EQ,INE07O001026,EASEMYTRIP.NS,Unclassified,,Micro
EASTSILK,Eastern Silk Industries Limited,BE,INE962C01035,EASTSILK.NS,Unclassified,,Micro
EASTWEST,East West Freight Carriers Limited,EQ,INE595R01023,EASTWEST.NS,Unclassified,,Micro
EBGNG,GNG Electronics Limited,EQ,INE18JU01028,EBGNG.NS,Information Technology,,Micro
EBIX,EBIX Limited,BE,INE432F01032,EBIX.NS,Unclassified,,Micro
ECLERX,eClerx Services Limited,EQ,INE738I01010,ECLERX.NS,Services,,Small
ECORECO,Eco Recycling Limited,EQ,INE316A01038,ECORECO.NS,Unclassified,,Micro
ECOSMOBLTY,Ecos (India) Mobility & Hospitality Limited,EQ,INE06HJ01020,ECOSMOBLTY.NS,Unclassified,,Micro
EDELWEISS,Edelweiss Financial Services Limited,EQ,INE532F01054,EDELWEISS.NS,Financial Services,,Micro
EFCIL,EFC (I) Limited,EQ,INE886D01026,EFCIL.NS,Realty,Real Estate Services,Micro
EICHERMOT,Eicher Motors Limited,EQ,INE066A01021,EICHERMOT.NS,Automobile and Auto Components,,Large
EIDPARRY,EID Parry India Limited,EQ,INE126A01031,EIDPARRY.NS,Fast Moving Consumer Goods,,Small
EIEL,Enviro Infra Engineers Limited,EQ,INE0LLY01014,EIEL.NS,Utilities,,Micro
EIFFL,Euro India Fresh Foods Limited,BE,INE546V01010,EIFFL.NS,Unclassified,,Micro
EIHAHOTELS,EIH Associated Hotels Limited,EQ,INE276C01014,EIHAHOTELS.NS,Unclassified,,Micro
EIHOTEL,EIH Limited,EQ,INE230A01023,EIHOTEL.NS,Consumer Services,,Small
EIMCOELECO,Eimco Elecon (India) Limited,EQ,INE158B01016,EIMCOELECO.NS,Capital Goods,Farm & Heavy Construction Machinery,Micro
EKC,Everest Kanto Cylinder Limited,EQ,INE184H01027,EKC.NS,Unclassified,,Micro
EKI,EKI Energy Services Limited,BE,INE0CPR01018,EKI.NS,Unclassified,,Micro
ELANTAS,Elantas Beck India Limited,EQ,INE280B01018,ELANTAS.NS,Unclassified,,Micro
ELCIDIN,EL CID Investments Limited,EQ,INE927X01018,ELCIDIN.NS,Unclassified,,Micro
ELDEHSG,Eldeco Housing And Industries Limited,EQ,INE668G01021,ELDEHSG.NS,Unclassified,,Micro
ELECON,Elecon Engineering Company Limited,EQ,INE205B01031,ELECON.NS,Capital Goods,,Small
ELECTCAST,Electrosteel Castings Limited,EQ,INE086A01029,ELECTCAST.NS,Capital Goods,,Micro
ELECTHERM,Electrotherm (India) Limited,EQ,INE822G01016,ELECTHERM.NS,Unclassified,,Micro
ELEVATE,Elevate Campuses Limited,EQ,INE147X01013,ELEVATE.NS,Unclassified,,Micro
ELGIEQUIP,Elgi Equipments Limited,EQ,INE285A01027,ELGIEQUIP.NS,Capital Goods,,Small
ELGIRUBCO,Elgi Rubber Company Limited,EQ,INE819L01012,ELGIRUBCO.NS,Unclassified,,Micro
ELIN,Elin Electronics Limited,EQ,INE050401020,ELIN.NS,Unclassified,,Micro
ELITECON,Elitecon International Limited,EQ,INE669R01026,ELITECON.NS,Unclassified,,Micro
ELLEN,Ellenbarrie Industrial Gases Limited,EQ,INE236E01022,ELLEN.NS,Chemicals,,Micro
ELPROINTL,Elpro International Limited,EQ,INE579B01039,ELPROINTL.NS,Unclassified,,Micro
EMAMILTD,Emami Limited,EQ,INE548C01032,EMAMILTD.NS,Fast Moving Consumer Goods,,Small
EMAMIPAP,Emami Paper Mills Limited,BE,INE830C01026,EMAMIPAP.NS,Unclassified,,Micro
EMAMIREAL,Emami Realty Limited,EQ,INE778K01012,EMAMIREAL.NS,Unclassified,,Micro
EMBDL,Embassy Developments Limited,EQ,INE069I01010,EMBDL.NS,Realty,,Micro
EMCURE,Emcure Pharmaceuticals Limited,EQ,INE168P01015,EMCURE.NS,Healthcare,,Small
EMIL,Electronics Mart India Limited,EQ,INE02YR01019,EMIL.NS,Consumer Services,,Micro
EMKAY,Emkay Global Financial Services Limited,EQ,INE296H01011,EMKAY.NS,Unclassified,,Micro
EMMBI,Emmbi Industries Limited,EQ,INE753K01015,EMMBI.NS,Unclassified,,Micro
EMMVEE,Emmvee Photovoltaic Power Limited,EQ,INE1C6T01020,EMMVEE.NS,Capital Goods,,Small
EMPIND,Empire Industries Limited,EQ,INE515H01014,EMPIND.NS,Unclassified,,Micro
EMPOWER,Empower India Limited,EQ,INE507F01023,EMPOWER.NS,Unclassified,,Micro
EMSLIMITED,EMS Limited,EQ,INE0OV601013,EMSLIMITED.NS,Unclassified,,Micro
EMUDHRA,eMudhra Limited,EQ,INE01QM01018,EMUDHRA.NS,Unclassified,,Micro
ENDURANCE,Endurance Technologies Limited,EQ,INE913H01037,ENDURANCE.NS,Automobile and Auto Components,,Mid
ENERGYDEV,Energy Development Company Limited,EQ,INE306C01019,ENERGYDEV.NS,Unclassified,,Micro
ENGINERSIN,Engineers India Limited,EQ,INE510A01028,ENGINERSIN.NS,Construction,,Small
ENIL,Entertainment Network (India) Limited,EQ,INE265F01028,ENIL.NS,Unclassified,,Micro
ENKEIWHEL,Enkei Wheels (India) Limited,EQ,INE130L01014,ENKEIWHEL.NS,Unclassified,,Micro
ENRIN,Siemens Energy India Limited,EQ,INE1NPP01017,ENRIN.NS,Capital Goods,,Large
ENTERO,Entero Healthcare Solutions Limited,EQ,INE010601016,ENTERO.NS,Consumer Services,,Micro
EPACK,EPACK Durable Limited,EQ,INE0G5901015,EPACK.NS,Unclassified,,Micro
EPACKPEB,EPack Prefab Technologies Limited,EQ,INE0MLS01022,EPACKPEB.NS,Unclassified,,Micro
EPIGRAL,Epigral Limited,EQ,INE071N01016,EPIGRAL.NS,Unclassified,,Micro
EPL,EPL Limited,EQ,INE255A01020,EPL.NS,Capital Goods,,Micro
EQUIPPP,Equippp Social Impact Technologies Limited,BE,INE217G01035,EQUIPPP.NS,Unclassified,,Micro
EQUITASBNK,Equitas Small Finance Bank Limited,EQ,INE063P01018,EQUITASBNK.NS,Financial Services,,Micro
ERIS,Eris Lifesciences Limited,EQ,INE406M01024,ERIS.NS,Healthcare,,Micro
ESABINDIA,Esab India Limited,EQ,INE284A01012,ESABINDIA.NS,Unclassified,,Micro
ESAFSFB,ESAF Small Finance Bank Limited,BE,INE818W01011,ESAFSFB.NS,Unclassified,,Micro
ESCORTS,Escorts Kubota Limited,EQ,INE042A01014,ESCORTS.NS,Capital Goods,,Mid
ESDS,ESDS Software Solution Limited,EQ,INE0DRI01029,ESDS.NS,Unclassified,,Micro
ESSARSHPNG,Essar Shipping Limited,EQ,INE122M01019,ESSARSHPNG.NS,Unclassified,,Micro
ESSENTIA,Integra Essentia Limited,EQ,INE418N01035,ESSENTIA.NS,Unclassified,,Micro
ESTER,Ester Industries Limited,EQ,INE778B01029,ESTER.NS,Unclassified,,Micro
ETERNAL,ETERNAL LIMITED,EQ,INE758T01015,ETERNAL.NS,Consumer Services,,Large
ETHOSLTD,Ethos Limited,EQ,INE04TZ01018,ETHOSLTD.NS,Unclassified,,Micro
EUREKAFORB,Eureka Forbes Limited,EQ,INE0KCE01017,EUREKAFORB.NS,Unclassified,,Micro
EUROBOND,Euro Panel Products Limited,EQ,INE505V01016,EUROBOND.NS,Unclassified,,Micro
EUROPRATIK,Euro Pratik Sales Limited,EQ,INE198501012,EUROPRATIK.NS,Construction Materials,Building Materials,Micro
EUROTEXIND,Eurotex Industries and Exports Limited,EQ,INE022C01012,EUROTEXIND.NS,Unclassified,,Micro
EVEREADY,Eveready Industries India Limited,EQ,INE128A01029,EVEREADY.NS,Unclassified,,Micro
EVERESTIND,Everest Industries Limited,EQ,INE295A01018,EVERESTIND.NS,Unclassified,,Micro
EXCELINDUS,Excel Industries Limited,EQ,INE369A01029,EXCELINDUS.NS,Unclassified,,Micro
EXCELSOFT,Excelsoft Technologies Limited,EQ,INE606N01019,EXCELSOFT.NS,Unclassified,,Micro
EXICOM,Exicom Tele-Systems Limited,EQ,INE777F01014,EXICOM.NS,Unclassified,,Micro
EXIDEIND,Exide Industries Limited,EQ,INE302A01020,EXIDEIND.NS,Automobile and Auto Components,,Mid
EXPLEOSOL,Expleo Solutions Limited,EQ,INE201K01015,EXPLEOSOL.NS,Unclassified,,Micro
EXXARO,Exxaro Tiles Limited,EQ,INE0GFE01026,EXXARO.NS,Unclassified,,Micro
FABTECH,Fabtech Technologies Limited,EQ,INE0HF201011,FABTECH.NS,Unclassified,,Micro
FACT,Fertilizers and Chemicals Travancore Limited,EQ,INE188A01015,FACT.NS,Chemicals,,Mid
FAIRCHEMOR,Fairchem Organics Limited,EQ,INE0DNW01011,FAIRCHEMOR.NS,Unclassified,,Micro
FAZE3Q,Faze Three Limited,EQ,INE963C01033,FAZE3Q.NS,Unclassified,,Micro
FCL,Fineotex Chemical Limited,EQ,INE045J01034,FCL.NS,Unclassified,,Micro
FCSSOFT,FCS Software Solutions Limited,EQ,INE512B01022,FCSSOFT.NS,Unclassified,,Micro
FDC,FDC Limited,EQ,INE258B01022,FDC.NS,Unclassified,,Micro
FEDDERSHOL,Fedders Holding Limited,EQ,INE417D01020,FEDDERSHOL.NS,Unclassified,,Micro
FEDERALBNK,The Federal Bank  Limited,EQ,INE171A01029,FEDERALBNK.NS,Financial Services,,Mid
FEDFINA,Fedbank Financial Services Limited,EQ,INE007N01010,FEDFINA.NS,Financial Services,,Micro
FERMENTA,Fermenta Biotech Limited,EQ,INE225B01021,FERMENTA.NS,Unclassified,,Micro
FIBERWEB,Fiberweb (India) Limited,EQ,INE296C01020,FIBERWEB.NS,Unclassified,,Micro
FIEMIND,Fiem Industries Limited,EQ,INE737H01014,FIEMIND.NS,Automobile and Auto Components,,Micro
FILATEX,Filatex India Limited,EQ,INE816B01035,FILATEX.NS,Unclassified,,Micro
FILATFASH,Filatex Fashions Limited,EQ,INE185E01021,FILATFASH.NS,Unclassified,,Micro
FINCABLES,Finolex Cables Limited,EQ,INE235A01022,FINCABLES.NS,Capital Goods,,Small
FINEORG,Fine Organic Industries Limited,EQ,INE686Y01026,FINEORG.NS,Chemicals,Specialty Chemicals,Micro
FINKURVE,Finkurve Financial Services Limited,EQ,INE734I01027,FINKURVE.NS,Unclassified,,Micro
FINOPB,Fino Payments Bank Limited,EQ,INE02NC01014,FINOPB.NS,Unclassified,,Micro
FINPIPE,Finolex Industries Limited,EQ,INE183A01024,FINPIPE.NS,Capital Goods,,Micro
FIRSTCRY,Brainbees Solutions Limited,EQ,INE02RE01045,FIRSTCRY.NS,Consumer Services,,Small
FISCHER,Fischer Medical Ventures Limited,EQ,INE771F01041,FISCHER.NS,Unclassified,,Micro
FIVESTAR,Five-Star Business Finance Limited,EQ,INE128S01021,FIVESTAR.NS,Financial Services,,Small
FLAIR,Flair Writing Industries Limited,EQ,INE00Y201027,FLAIR.NS,Unclassified,,Micro
FLEXITUFF,Flexituff Ventures International Limited,BE,INE060J01017,FLEXITUFF.NS,Unclassified,,Micro
FLUOROCHEM,Gujarat Fluorochemicals Limited,EQ,INE09N301011,FLUOROCHEM.NS,Chemicals,,Mid
FMGOETZE,Federal-Mogul Goetze (India) Limited.,EQ,INE529A01010,FMGOETZE.NS,Unclassified,,Micro
FMNL,Future Market Networks Limited,EQ,INE360L01017,FMNL.NS,Unclassified,,Micro
FOCUS,Focus Lighting and Fixtures Limited,EQ,INE593W01028,FOCUS.NS,Unclassified,,Micro
FOODSIN,Foods & Inns Limited,EQ,INE976E01023,FOODSIN.NS,Unclassified,,Micro
FORCEMOT,FORCE MOTORS LTD,EQ,INE451A01017,FORCEMOT.NS,Automobile and Auto Components,,Small
FORTIS,Fortis Healthcare Limited,EQ,INE061F01013,FORTIS.NS,Healthcare,,Mid
FOSECOIND,Foseco India Limited,EQ,INE519A01011,FOSECOIND.NS,Unclassified,,Micro
FRACTAL,Fractal Analytics Limited,EQ,INE212S01015,FRACTAL.NS,Information Technology,,Small
FREDUN,Fredun Pharmaceuticals Limited,EQ,INE194R01017,FREDUN.NS,Unclassified,,Micro
FRONTSP,Frontier Springs Limited,EQ,INE572D01014,FRONTSP.NS,Unclassified,,Micro
FSL,Firstsource Solutions Limited,EQ,INE684F01012,FSL.NS,Services,,Small
FUSION,Fusion Finance Limited,EQ,INE139R01012,FUSION.NS,Unclassified,,Micro
GABRIEL,Gabriel India Limited,EQ,INE524A01029,GABRIEL.NS,Automobile and Auto Components,,Small
GAEL,Gujarat Ambuja Exports Limited,EQ,INE036B01030,GAEL.NS,Fast Moving Consumer Goods,,Micro
GAIL,GAIL (India) Limited,EQ,INE129A01019,GAIL.NS,Oil Gas & Consumable Fuels,,Large
GAJA,Gaja Alternative Asset Management Limited,EQ,INE18UN01038,GAJA.NS,Unclassified,,Micro
GALAPREC,Gala Precision Engineering Limited,EQ,INE0RE001014,GALAPREC.NS,Unclassified,,Micro
GALAXYSURF,Galaxy Surfactants Limited,EQ,INE600K01018,GALAXYSURF.NS,Unclassified,,Micro
GALLANTT,Gallantt Ispat Limited,EQ,INE297H01019,GALLANTT.NS,Capital Goods,,Small
GANDHAR,Gandhar Oil Refinery (India) Limited,EQ,INE717W01049,GANDHAR.NS,Unclassified,,Micro
GANDHITUBE,Gandhi Special Tubes Limited,EQ,INE524B01027,GANDHITUBE.NS,Unclassified,,Micro
GANECOS,Ganesha Ecosphere Limited,EQ,INE845D01014,GANECOS.NS,Unclassified,,Micro
GANESHBE,Ganesh Benzoplast Limited,BE,INE388A01029,GANESHBE.NS,Unclassified,,Micro
GANESHCP,Ganesh Consumer Products Limited,EQ,INE652V01016,GANESHCP.NS,Fast Moving Consumer Goods,Packaged Foods,Micro
GANESHHOU,GANESH HOUSING LIMITED,EQ,INE460C01014,GANESHHOU.NS,Unclassified,,Micro
GANGAFORGE,Ganga Forging Limited,EQ,INE691Z01023,GANGAFORGE.NS,Unclassified,,Micro
GANGESSECU,Ganges Securities Limited,EQ,INE335W01016,GANGESSECU.NS,Unclassified,,Micro
GARFIBRES,Garware Technical Fibres Limited,EQ,INE276A01018,GARFIBRES.NS,Unclassified,,Micro
GARUDA,Garuda Construction and Engineering Limited,EQ,INE0JVO01026,GARUDA.NS,Unclassified,,Micro
GATECH,GACM Technologies Limited,BE,INE224E01028,GATECH.NS,Unclassified,,Micro
GATECHDVR,GACM Technologies Limited,BE,INE224E01036,GATECHDVR.NS,Unclassified,,Micro
GATEWAY,Gateway Distriparks Limited,EQ,INE079J01017,GATEWAY.NS,Unclassified,,Micro
GAUDIUMIVF,Gaudium IVF and Women Health Limited,EQ,INE0P8B01020,GAUDIUMIVF.NS,Unclassified,,Micro
GAYAHWS,Gayatri Highways Limited,EQ,INE287Z01012,GAYAHWS.NS,Construction,Infrastructure Operations,Micro
GAYAPROJ,Gayatri Projects Limited,EQ,INE336H01023,GAYAPROJ.NS,Unclassified,,Micro
GCSL,Gretex Corporate Services Limited,EQ,INE199P01028,GCSL.NS,Financial Services,Capital Markets,Micro
GEECEE,GeeCee Ventures Limited,EQ,INE916G01016,GEECEE.NS,Unclassified,,Micro
GEEKAYWIRE,Geekay Wires Limited,EQ,INE669X01032,GEEKAYWIRE.NS,Unclassified,,Micro
GEMAROMA,Gem Aromatics Limited,EQ,INE06XZ01023,GEMAROMA.NS,Unclassified,,Micro
GENCON,Generic Engineering Construction and Projects Limited,EQ,INE854S01022,GENCON.NS,Unclassified,,Micro
GENESYS,Genesys International Corporation Limited,EQ,INE727B01026,GENESYS.NS,Unclassified,,Micro
GENUSPAPER,Genus Paper & Boards Limited,EQ,INE949P01018,GENUSPAPER.NS,Unclassified,,Micro
GENUSPOWER,Genus Power Infrastructures Limited,EQ,INE955D01029,GENUSPOWER.NS,Capital Goods,,Micro
GEOJITFSL,Geojit Financial Services Limited,EQ,INE007B01023,GEOJITFSL.NS,Unclassified,,Micro
GERMAN,German Green Steel and Power Limited,EQ,INE0D4501011,GERMAN.NS,Unclassified,,Micro
GESHIP,The Great Eastern Shipping Company Limited,EQ,INE017A01032,GESHIP.NS,Services,,Small
GFLLIMITED,GFL Limited,EQ,INE538A01037,GFLLIMITED.NS,Unclassified,,Micro
GFSTEELS,Grand Foundry Limited,BE,INE534A01028,GFSTEELS.NS,Metals & Mining,Steel,Micro
GHCL,GHCL Limited,EQ,INE539A01019,GHCL.NS,Unclassified,,Micro
GHCLTEXTIL,GHCL Textiles Limited,EQ,INE0PA801013,GHCLTEXTIL.NS,Unclassified,,Micro
GICHSGFIN,GIC Housing Finance Limited,EQ,INE289B01019,GICHSGFIN.NS,Unclassified,,Micro
GICL,Globe International Carriers Limited,BE,INE947T01022,GICL.NS,Unclassified,,Micro
GICRE,General Insurance Corporation of India,EQ,INE481Y01014,GICRE.NS,Financial Services,,Mid
GILLANDERS,Gillanders Arbuthnot & Company Limited,EQ,INE047B01011,GILLANDERS.NS,Unclassified,,Micro
GILLETTE,Gillette India Limited,EQ,INE322A01010,GILLETTE.NS,Fast Moving Consumer Goods,,Small
GINNIFILA,Ginni Filaments Limited,BE,INE424C01010,GINNIFILA.NS,Unclassified,,Micro
GIPCL,Gujarat Industries Power Company Limited,EQ,INE162A01010,GIPCL.NS,Unclassified,,Micro
GKB,GKB Ophthalmics Limited,EQ,INE265D01015,GKB.NS,Unclassified,,Micro
GKENERGY,GK Energy Limited,EQ,INE1AG301022,GKENERGY.NS,Unclassified,,Micro
GKSL,Gujarat Kidney And Super Speciality Limited,EQ,INE0V0W01025,GKSL.NS,Unclassified,,Micro
GKWLIMITED,GKW Limited,EQ,INE528A01020,GKWLIMITED.NS,Unclassified,,Micro
GLAND,Gland Pharma Limited,EQ,INE068V01023,GLAND.NS,Healthcare,,Small
GLASSWALL,Glass Wall Systems (India) Limited,EQ,INE644Q01039,GLASSWALL.NS,Unclassified,,Micro
GLAXO,GlaxoSmithKline Pharmaceuticals Limited,EQ,INE159A01016,GLAXO.NS,Healthcare,,Mid
GLENMARK,Glenmark Pharmaceuticals Limited,EQ,INE935A01035,GLENMARK.NS,Healthcare,,Mid
GLFL,Gujarat Lease Financing Limited,EQ,INE540A01017,GLFL.NS,Unclassified,,Micro
GLOBAL,Global Education Limited,EQ,INE291W01037,GLOBAL.NS,Services,Education & Training Services,Micro
GLOBALE,Globale Tessile Limited,EQ,INE0URU01010,GLOBALE.NS,Unclassified,,Micro
GLOBALVECT,Global Vectra Helicorp Limited,EQ,INE792H01019,GLOBALVECT.NS,Unclassified,,Micro
GLOBE,GLOBE ENTERPRISES (INDIA) LIMITED,EQ,INE581X01021,GLOBE.NS,Unclassified,,Micro
GLOBECIVIL,Globe Civil Projects Limited,EQ,INE0V3U01015,GLOBECIVIL.NS,Unclassified,,Micro
GLOBUSSPR,Globus Spirits Limited,EQ,INE615I01010,GLOBUSSPR.NS,Unclassified,,Micro
GLOSTERLTD,Gloster Limited,EQ,INE350Z01018,GLOSTERLTD.NS,Unclassified,,Micro
GLOTTIS,Glottis Limited,EQ,INE0TQE01026,GLOTTIS.NS,Unclassified,,Micro
GMBREW,GM Breweries Limited,EQ,INE075D01018,GMBREW.NS,Unclassified,,Micro
GMDCLTD,Gujarat Mineral Development Corporation Limited,EQ,INE131A01031,GMDCLTD.NS,Metals & Mining,,Small
GMMPFAUDLR,GMM Pfaudler Limited,EQ,INE541A01023,GMMPFAUDLR.NS,Unclassified,,Micro
GMRAIRPORT,GMR AIRPORTS LIMITED,EQ,INE776C01039,GMRAIRPORT.NS,Services,,Mid
GMRP&UI,GMR Power and Urban Infra Limited,EQ,INE0CU601026,GMRP&UI.NS,Power,,Micro
GNA,GNA Axles Limited,EQ,INE934S01014,GNA.NS,Unclassified,,Micro
GNFC,Gujarat Narmada Valley Fertilizers and Chemicals Limited,EQ,INE113A01013,GNFC.NS,Chemicals,,Micro
GNRL,Gujarat Natural Resources Limited,EQ,INE207H01018,GNRL.NS,Unclassified,,Micro
GOACARBON,Goa Carbon Limited,EQ,INE426D01013,GOACARBON.NS,Unclassified,,Micro
GOCLCORP,GOCL Corporation Limited,EQ,INE077F01035,GOCLCORP.NS,Unclassified,,Micro
GOCOLORS,Go Fashion (India) Limited,EQ,INE0BJS01011,GOCOLORS.NS,Unclassified,,Micro
GODAVARIB,Godavari Biorefineries Limited,EQ,INE497S01012,GODAVARIB.NS,Unclassified,,Micro
GODFRYPHLP,Godfrey Phillips India Limited,EQ,INE260B01028,GODFRYPHLP.NS,Fast Moving Consumer Goods,,Mid
GODIGIT,Go Digit General Insurance Limited,EQ,INE03JT01014,GODIGIT.NS,Unclassified,,Micro
GODREJAGRO,Godrej Agrovet Limited,EQ,INE850D01014,GODREJAGRO.NS,Fast Moving Consumer Goods,,Micro
GODREJCP,Godrej Consumer Products Limited,EQ,INE102D01028,GODREJCP.NS,Fast Moving Consumer Goods,,Large
GODREJIND,Godrej Industries Limited,EQ,INE233A01035,GODREJIND.NS,Diversified,,Mid
GODREJPROP,Godrej Properties Limited,EQ,INE484J01027,GODREJPROP.NS,Realty,,Mid
GOKEX,Gokaldas Exports Limited,EQ,INE887G01027,GOKEX.NS,Textiles,,Micro
GOKUL,Gokul Refoils and Solvent Limited,EQ,INE020J01029,GOKUL.NS,Unclassified,,Micro
GOKULAGRO,Gokul Agro Resources Limited,EQ,INE314T01033,GOKULAGRO.NS,Fast Moving Consumer Goods,,Micro
GOLDIAM,Goldiam International Limited,EQ,INE025B01025,GOLDIAM.NS,Consumer Durables,,Micro
GOLDTECH,AION-TECH SOLUTIONS LIMITED,BE,INE805A01014,GOLDTECH.NS,Unclassified,,Micro
GOODLUCK,Goodluck India Limited,EQ,INE127I01024,GOODLUCK.NS,Unclassified,,Micro
GOODYEAR,Goodyear India Limited,EQ,INE533A01012,GOODYEAR.NS,Unclassified,,Micro
GOPAL,Gopal Snacks Limited,EQ,INE0L9R01028,GOPAL.NS,Unclassified,,Micro
GOYALALUM,Goyal Aluminiums Limited,EQ,INE705X01026,GOYALALUM.NS,Unclassified,,Micro
GPIL,Godawari Power And Ispat limited,EQ,INE177H01039,GPIL.NS,Capital Goods,,Small
GPPL,Gujarat Pipavav Port Limited,EQ,INE517F01014,GPPL.NS,Services,,Micro
GPTHEALTH,GPT Healthcare Limited,EQ,INE486R01017,GPTHEALTH.NS,Unclassified,,Micro
GPTINFRA,GPT Infraprojects Limited,EQ,INE390G01014,GPTINFRA.NS,Unclassified,,Micro
GRADIENTE,Gradiente Infotainment Limited,BE,INE361K01017,GRADIENTE.NS,Unclassified,,Micro
GRANDOAK,Grand Oak Canyons Distillery Limited,EQ,INE926B01016,GRANDOAK.NS,Unclassified,,Micro
GRANULES,Granules India Limited,EQ,INE101D01020,GRANULES.NS,Healthcare,,Small
GRAPHITE,Graphite India Limited,EQ,INE371A01025,GRAPHITE.NS,Capital Goods,,Small
GRASIM,Grasim Industries Limited,EQ,INE047A01021,GRASIM.NS,Construction Materials,,Large
GRAUWEIL,Grauer & Weil India Limited,EQ,INE266D01021,GRAUWEIL.NS,Unclassified,,Micro
GRAVISSHO,Graviss Hospitality Limited,BE,INE214F01026,GRAVISSHO.NS,Unclassified,,Micro
GRAVITA,Gravita India Limited,EQ,INE024L01027,GRAVITA.NS,Metals & Mining,,Small
GREAVESCOT,Greaves Cotton Limited,EQ,INE224A01026,GREAVESCOT.NS,Capital Goods,,Micro
GREENLAM,Greenlam Industries Limited,EQ,INE544R01021,GREENLAM.NS,Unclassified,,Micro
GREENPANEL,Greenpanel Industries Limited,EQ,INE08ZM01014,GREENPANEL.NS,Unclassified,,Micro
GREENPLY,Greenply Industries Limited,EQ,INE461C01038,GREENPLY.NS,Unclassified,,Micro
GREENPOWER,Orient Green Power Company Limited,EQ,INE999K01014,GREENPOWER.NS,Unclassified,,Micro
GRINDWELL,Grindwell Norton Limited,EQ,INE536A01023,GRINDWELL.NS,Capital Goods,,Micro
GRINFRA,G R Infraprojects Limited,EQ,INE201P01022,GRINFRA.NS,Unclassified,,Micro
GRMOVER,GRM Overseas Limited,EQ,INE192H01020,GRMOVER.NS,Unclassified,,Micro
GROBTEA,The Grob Tea Company Limited,EQ,INE646C01018,GROBTEA.NS,Unclassified,,Micro
GROWW,Billionbrains Garage Ventures Limited,EQ,INE0HOQ01053,GROWW.NS,Financial Services,,Mid
GRPLTD,GRP Limited,EQ,INE137I01015,GRPLTD.NS,Unclassified,,Micro
GRSE,Garden Reach Shipbuilders & Engineers Limited,EQ,INE382Z01011,GRSE.NS,Capital Goods,,Small
GRWRHITECH,Garware Hi-Tech Films Limited,EQ,INE291A01017,GRWRHITECH.NS,Capital Goods,,Micro
GSFC,Gujarat State Fertilizers & Chemicals Limited,EQ,INE026A01025,GSFC.NS,Chemicals,,Micro
GSLSU,Global Surfaces Limited,EQ,INE0JSX01015,GSLSU.NS,Unclassified,,Micro
GSPCROP,GSP Crop Science Limited,EQ,INE713R01022,GSPCROP.NS,Unclassified,,Micro
GSPLTRANS,GSPL Transmission Limited,BE,INE1TUG01013,GSPLTRANS.NS,Unclassified,,Micro
GSS,GSS Infotech Limited,EQ,INE871H01011,GSS.NS,Unclassified,,Micro
GTECJAINX,G-TEC JAINX EDUCATION LIMITED,EQ,INE586X01012,GTECJAINX.NS,Services,Education & Training Services,Micro
GTL,GTL Limited,EQ,INE043A01012,GTL.NS,Unclassified,,Micro
GTLINFRA,GTL Infrastructure Limited,EQ,INE221H01019,GTLINFRA.NS,Unclassified,,Micro
GTPL,GTPL Hathway Limited,EQ,INE869I01013,GTPL.NS,Unclassified,,Micro
GUFICBIO,Gufic Biosciences Limited,EQ,INE742B01025,GUFICBIO.NS,Unclassified,,Micro
GUJALKALI,Gujarat Alkalies and Chemicals Limited,EQ,INE186A01019,GUJALKALI.NS,Chemicals,,Micro
GUJAPOLLO,Gujarat Apollo Industries Limited,EQ,INE826C01016,GUJAPOLLO.NS,Unclassified,,Micro
GUJENERGY,GUJARAT ENERGY LIMITED,EQ,INE844O01030,GUJENERGY.NS,Unclassified,,Micro
GUJRAFFIA,Gujarat Raffia Industries Limited,EQ,INE610B01024,GUJRAFFIA.NS,Unclassified,,Micro
GUJTHEM,Gujarat Themis Biosyn Limited,EQ,INE942C01045,GUJTHEM.NS,Unclassified,,Micro
GULFOILLUB,Gulf Oil Lubricants India Limited,EQ,INE635Q01029,GULFOILLUB.NS,Unclassified,,Micro
GULFPETRO,GP Petroleums Limited,BE,INE586G01017,GULFPETRO.NS,Unclassified,,Micro
GULPOLY,Gulshan Polyols Limited,EQ,INE255D01024,GULPOLY.NS,Unclassified,,Micro
GVKPIL,GVK Power & Infrastructure Limited,BE,INE251H01024,GVKPIL.NS,Unclassified,,Micro
GVPIL,GE Power India Limited,EQ,INE878A01011,GVPIL.NS,Unclassified,,Micro
GVPTECH,GVP Infotech Limited,BE,INE382T01030,GVPTECH.NS,Unclassified,,Micro
GVT&D,GE Vernova T&D India Limited,EQ,INE200A01026,GVT&D.NS,Capital Goods,,Mid
GYFTR,Gyftr Limited,EQ,INE724A01017,GYFTR.NS,Unclassified,,Micro
HAL,Hindustan Aeronautics Limited,EQ,INE066F01020,HAL.NS,Capital Goods,,Large
HALDER,Halder Venture Limited,EQ,INE115S01010,HALDER.NS,Unclassified,,Micro
HALDYNGL,Haldyn Glass Limited,EQ,INE506D01020,HALDYNGL.NS,Unclassified,,Micro
HALEOSLABS,HALEOS LABS LIMITED,EQ,INE320X01016,HALEOSLABS.NS,Unclassified,,Micro
HAMPTON,Hampton Sky Realty Limited,EQ,INE299D01022,HAMPTON.NS,Unclassified,,Micro
HAPPSTMNDS,Happiest Minds Technologies Limited,EQ,INE419U01012,HAPPSTMNDS.NS,Information Technology,,Micro
HAPPYFORGE,Happy Forgings Limited,EQ,INE330T01021,HAPPYFORGE.NS,Capital Goods,,Micro
HARDWYN,Hardwyn India Limited,EQ,INE626Z01029,HARDWYN.NS,Unclassified,,Micro
HARIOMPIPE,Hariom Pipe Industries Limited,EQ,INE00EV01017,HARIOMPIPE.NS,Unclassified,,Micro
HARRMALAYA,Harrisons  Malayalam Limited,EQ,INE544A01019,HARRMALAYA.NS,Unclassified,,Micro
HARSHA,Harsha Engineers International Limited,EQ,INE0JUS01029,HARSHA.NS,Unclassified,,Micro
HATHWAY,Hathway Cable & Datacom Limited,EQ,INE982F01036,HATHWAY.NS,Unclassified,,Micro
HATSUN,Hatsun Agro Product Limited,EQ,INE473B01035,HATSUN.NS,Unclassified,,Micro
HAVELLS,Havells India Limited,EQ,INE176B01034,HAVELLS.NS,Consumer Durables,,Mid
HAVISHA,Sri Havisha Hospitality and Infrastructure Limited,EQ,INE293B01029,HAVISHA.NS,Unclassified,,Micro
HAWKINCOOK,Hawkins Cookers Limited,EQ,INE979B01015,HAWKINCOOK.NS,Unclassified,,Micro
HAZOOR,Hazoor Multi Projects Limited,EQ,INE550F01049,HAZOOR.NS,Unclassified,,Micro
HBESD,HB Estate Developers Limited,EQ,INE640B01021,HBESD.NS,Unclassified,,Micro
HBLENGINE,HBL Engineering Limited,EQ,INE292B01021,HBLENGINE.NS,Capital Goods,,Small
HBPOR,HB Portfolio Limited,EQ,INE638B01025,HBPOR.NS,Unclassified,,Micro
HBSL,HB Stockholdings Limited,EQ,INE550B01022,HBSL.NS,Unclassified,,Micro
HCC,Hindustan Construction Company Limited,EQ,INE549A01026,HCC.NS,Construction,,Micro
HCG,Healthcare Global Enterprises Limited,EQ,INE075I01017,HCG.NS,Healthcare,,Micro
HCL-INSYS,HCL Infosystems Limited,EQ,INE236A01020,HCL-INSYS.NS,Unclassified,,Micro
HCLTECH,HCL Technologies Limited,EQ,INE860A01027,HCLTECH.NS,Information Technology,,Large
HDBFS,HDB Financial Services Limited,EQ,INE756I01012,HDBFS.NS,Financial Services,,Mid
HDFCAMC,HDFC Asset Management Company Limited,EQ,INE127D01025,HDFCAMC.NS,Financial Services,,Large
HDFCBANK,HDFC Bank Limited,EQ,INE040A01034,HDFCBANK.NS,Financial Services,,Large
HDFCLIFE,HDFC Life Insurance Company Limited,EQ,INE795G01014,HDFCLIFE.NS,Financial Services,,Large
HEADSUP,Heads UP Ventures Limited,EQ,INE759V01019,HEADSUP.NS,Unclassified,,Micro
HEALTHX,Health X Platform Limited,EQ,INE019J01013,HEALTHX.NS,Unclassified,,Micro
HECPROJECT,HEC Infra Projects Limited,EQ,INE558R01013,HECPROJECT.NS,Unclassified,,Micro
HEGAM,HEG Advanced Materials Limited,EQ,INE545A01024,HEGAM.NS,Capital Goods,,Small
HEIDELBERG,HeidelbergCement India Limited,EQ,INE578A01017,HEIDELBERG.NS,Construction Materials,Building Materials,Micro
HEMIPROP,Hemisphere Properties India Limited,EQ,INE0AJG01018,HEMIPROP.NS,Unclassified,,Micro
HERANBA,Heranba Industries Limited,EQ,INE694N01015,HERANBA.NS,Unclassified,,Micro
HERITGFOOD,Heritage Foods Limited,EQ,INE978A01027,HERITGFOOD.NS,Fast Moving Consumer Goods,,Micro
HEROMOTOCO,Hero MotoCorp Limited,EQ,INE158A01026,HEROMOTOCO.NS,Automobile and Auto Components,,Mid
HEROMOTORS,Hero Motors Limited,EQ,INE012G01022,HEROMOTORS.NS,Unclassified,,Micro
HESTERBIO,Hester Biosciences Limited,EQ,INE782E01017,HESTERBIO.NS,Unclassified,,Micro
HEXAGON,Hexagon Nutrition Limited,BE,INE0JUI01012,HEXAGON.NS,Unclassified,,Micro
HEXATRADEX,Hexa Tradex Limited,EQ,INE750M01017,HEXATRADEX.NS,Unclassified,,Micro
HEXT,Hexaware Technologies Limited,EQ,INE093A01041,HEXT.NS,Information Technology,,Mid
HFCL,HFCL Limited,BE,INE548A01028,HFCL.NS,Telecommunication,,Small
HGINFRA,H.G. Infra Engineering Limited,EQ,INE926X01010,HGINFRA.NS,Construction,,Micro
HGM,HandsOn Global Management (HGM) Limited,EQ,INE596H01014,HGM.NS,Unclassified,,Micro
HGS,Hinduja Global Solutions Limited,EQ,INE170I01016,HGS.NS,Unclassified,,Micro
HIKAL,Hikal Limited,EQ,INE475B01022,HIKAL.NS,Unclassified,,Micro
HILINFRA,Highway Infrastructure Limited,EQ,INE00RL01028,HILINFRA.NS,Unclassified,,Micro
HILTON,Hilton Metal Forging Limited,EQ,INE788H01017,HILTON.NS,Unclassified,,Micro
HIMATSEIDE,Himatsingka Seide Limited,EQ,INE049A01027,HIMATSEIDE.NS,Unclassified,,Micro
HINDADH,Hindustan Adhesives Limited,EQ,INE074C01013,HINDADH.NS,Unclassified,,Micro
HINDALCO,Hindalco Industries Limited,EQ,INE038A01020,HINDALCO.NS,Metals & Mining,,Large
HINDALUMI,Hind Aluminium Industries Limited,EQ,INE227B01019,HINDALUMI.NS,Unclassified,,Micro
HINDCOMPOS,Hindustan Composites Limited,EQ,INE310C01029,HINDCOMPOS.NS,Unclassified,,Micro
HINDCON,Hindcon Chemicals Limited,BE,INE642Y01029,HINDCON.NS,Unclassified,,Micro
HINDCOPPER,Hindustan Copper Limited,EQ,INE531E01026,HINDCOPPER.NS,Metals & Mining,,Mid
HINDOILEXP,Hindustan Oil Exploration Company Limited,EQ,INE345A01011,HINDOILEXP.NS,Unclassified,,Micro
HINDPETRO,Hindustan Petroleum Corporation Limited,EQ,INE094A01015,HINDPETRO.NS,Oil Gas & Consumable Fuels,,Mid
HINDUNILVR,Hindustan Unilever Limited,EQ,INE030A01027,HINDUNILVR.NS,Fast Moving Consumer Goods,,Large
HINDWAREAP,Hindware Home Innovation Limited,EQ,INE05AN01011,HINDWAREAP.NS,Unclassified,,Micro
HINDZINC,Hindustan Zinc Limited,EQ,INE267A01025,HINDZINC.NS,Metals & Mining,,Large
HIRECT,Hirect Limited,EQ,INE835D01023,HIRECT.NS,Unclassified,,Micro
HISARMETAL,Hisar Metal Industries Limited,EQ,INE598C01011,HISARMETAL.NS,Unclassified,,Micro
HITECH,Hi-Tech Pipes Limited,EQ,INE106T01025,HITECH.NS,Unclassified,,Micro
HITECHCORP,Hitech Corporation Limited,BE,INE120D01012,HITECHCORP.NS,Unclassified,,Micro
HITECHGEAR,The Hi-Tech Gears Limited,BE,INE127B01011,HITECHGEAR.NS,Unclassified,,Micro
HLEGLAS,HLE Glascoat Limited,EQ,INE461D01028,HLEGLAS.NS,Unclassified,,Micro
HLVLTD,HLV LIMITED,EQ,INE102A01024,HLVLTD.NS,Unclassified,,Micro
HMAAGRO,HMA Agro Industries Limited,EQ,INE0ECP01024,HMAAGRO.NS,Unclassified,,Micro
HMVL,Hindustan Media Ventures Limited,BE,INE871K01015,HMVL.NS,Unclassified,,Micro
HNDFDS,Hindustan Foods Limited,EQ,INE254N01026,HNDFDS.NS,Unclassified,,Micro
HOMEFIRST,Home First Finance Company India Limited,EQ,INE481N01025,HOMEFIRST.NS,Financial Services,,Small
HONASA,Honasa Consumer Limited,EQ,INE0J5401028,HONASA.NS,Fast Moving Consumer Goods,,Small
HONAUT,Honeywell Automation India Limited,EQ,INE671A01010,HONAUT.NS,Capital Goods,,Small
HONDAPOWER,Honda India Power Products Limited,EQ,INE634A01018,HONDAPOWER.NS,Unclassified,,Micro
HORIZONIND,Horizon Industrial Parks Limited,EQ,INE685T01010,HORIZONIND.NS,Unclassified,,Micro
HPAL,HP Adhesives Limited,EQ,INE0GSL01024,HPAL.NS,Unclassified,,Micro
HPIL,Hindprakash Industries Limited,EQ,INE05X901010,HPIL.NS,Unclassified,,Micro
HPL,HPL Electric & Power Limited,EQ,INE495S01016,HPL.NS,Unclassified,,Micro
HRYNSHP,Hariyana Ship Breakers Limited,EQ,INE400G01011,HRYNSHP.NS,Unclassified,,Micro
HSCL,Himadri Speciality Chemical Limited,EQ,INE019C01026,HSCL.NS,Chemicals,,Small
HTEL,Hy-Tech Engineers Limited,EQ,INE0LEG01024,HTEL.NS,Unclassified,,Micro
HTMEDIA,HT Media Limited,EQ,INE501G01024,HTMEDIA.NS,Unclassified,,Micro
HUBTOWN,Hubtown Limited,EQ,INE703H01016,HUBTOWN.NS,Unclassified,,Micro
HUDCO,Housing & Urban Development Corporation Limited,EQ,INE031A01017,HUDCO.NS,Financial Services,,Mid
HUHTAMAKI,Huhtamaki India Limited,EQ,INE275B01026,HUHTAMAKI.NS,Unclassified,,Micro
HYBRIDFIN,Hybrid Financial Services Limited,EQ,INE965B01022,HYBRIDFIN.NS,Unclassified,,Micro
HYUNDAI,Hyundai Motor India Limited,EQ,INE0V6F01027,HYUNDAI.NS,Automobile and Auto Components,,Large
IBULLSLTD,Indiabulls Limited,EQ,INE126M01010,IBULLSLTD.NS,Unclassified,,Micro
ICDSLTD,ICDS Limited,BE,INE613B01010,ICDSLTD.NS,Unclassified,,Micro
ICEMAKE,Ice Make Refrigeration Limited,EQ,INE520Y01019,ICEMAKE.NS,Unclassified,,Micro
ICICIAMC,ICICI Prudential Asset Management Company Limited,EQ,INE346A01027,ICICIAMC.NS,Financial Services,,Mid
ICICIBANK,ICICI Bank Limited,EQ,INE090A01021,ICICIBANK.NS,Financial Services,,Large
ICICIGI,ICICI Lombard General Insurance Company Limited,EQ,INE765G01017,ICICIGI.NS,Financial Services,,Mid
ICICIPRULI,ICICI Prudential Life Insurance Company Limited,EQ,INE726G01019,ICICIPRULI.NS,Financial Services,,Mid
ICIL,Indo Count Industries Limited,EQ,INE483B01026,ICIL.NS,Textiles,,Micro
ICRA,ICRA Limited,EQ,INE725G01011,ICRA.NS,Unclassified,,Micro
IDBI,IDBI Bank Limited,EQ,INE008A01015,IDBI.NS,Financial Services,,Small
IDEA,Vodafone Idea Limited,EQ,INE669E01016,IDEA.NS,Telecommunication,,Large
IDEAFORGE,Ideaforge Technology Limited,EQ,INE349Y01013,IDEAFORGE.NS,Unclassified,,Micro
IDFCFIRSTB,IDFC First Bank Limited,EQ,INE092T01019,IDFCFIRSTB.NS,Financial Services,,Mid
IEX,Indian Energy Exchange Limited,EQ,INE022Q01020,IEX.NS,Financial Services,,Small
IFBAGRO,IFB Agro Industries Limited,EQ,INE076C01018,IFBAGRO.NS,Unclassified,,Micro
IFBIND,IFB Industries Limited,EQ,INE559A01017,IFBIND.NS,Consumer Durables,,Micro
IFCI,IFCI Limited,EQ,INE039A01010,IFCI.NS,Financial Services,,Small
IFGLEXPOR,IFGL Refractories Limited,EQ,INE133Y01011,IFGLEXPOR.NS,Unclassified,,Micro
IGARASHI,Igarashi Motors India Limited,EQ,INE188B01013,IGARASHI.NS,Unclassified,,Micro
IGCL,Indogulf Cropsciences Limited,EQ,INE05J901018,IGCL.NS,Unclassified,,Micro
IGIL,International Gemological Institute Limited,EQ,INE0Q9301021,IGIL.NS,Services,,Small
IGL,Indraprastha Gas Limited,EQ,INE203G01027,IGL.NS,Oil Gas & Consumable Fuels,,Small
IGPL,IG Petrochemicals Limited,EQ,INE204A01010,IGPL.NS,Unclassified,,Micro
IIFL,IIFL Finance Limited,EQ,INE530B01024,IIFL.NS,Financial Services,,Small
IIFLCAPS,IIFL Capital Services Limited,EQ,INE489L01022,IIFLCAPS.NS,Financial Services,,Micro
IITL,Industrial Investment Trust Limited,EQ,INE886A01014,IITL.NS,Unclassified,,Micro
IKIO,IKIO Technologies Limited,EQ,INE0LOJ01019,IKIO.NS,Unclassified,,Micro
IKS,Inventurus Knowledge Solutions Limited,EQ,INE115Q01022,IKS.NS,Information Technology,,Small
IMAGICAA,Imagicaaworld Entertainment Limited,EQ,INE172N01012,IMAGICAA.NS,Unclassified,,Micro
IMFA,Indian Metals & Ferro Alloys Limited,EQ,INE919H01018,IMFA.NS,Metals & Mining,,Micro
IMPAL,India Motor Parts and Accessories Limited,EQ,INE547E01014,IMPAL.NS,Unclassified,,Micro
INA,Insolation Energy Limited,EQ,INE0LGX01024,INA.NS,Unclassified,,Micro
INCREDIBLE,INCREDIBLE INDUSTRIES LIMITED,EQ,INE452L01012,INCREDIBLE.NS,Unclassified,,Micro
INDBANK,Indbank Merchant Banking Services Limited,EQ,INE841B01017,INDBANK.NS,Unclassified,,Micro
INDGN,Indegene Limited,EQ,INE065X01017,INDGN.NS,Healthcare,,Micro
INDHOTEL,The Indian Hotels Company Limited,EQ,INE053A01029,INDHOTEL.NS,Consumer Services,,Mid
INDIACEM,The India Cements Limited,EQ,INE383A01012,INDIACEM.NS,Construction Materials,,Small
INDIAGLYCO,India Glycols Limited,EQ,INE560A01023,INDIAGLYCO.NS,Fast Moving Consumer Goods,,Micro
INDIAMART,Indiamart Intermesh Limited,EQ,INE933S01016,INDIAMART.NS,Consumer Services,,Small
INDIANB,Indian Bank,EQ,INE562A01011,INDIANB.NS,Financial Services,,Mid
INDIANCARD,Indian Card Clothing Company Limited,EQ,INE061A01014,INDIANCARD.NS,Unclassified,,Micro
INDIANHUME,Indian Hume Pipe Company Limited,EQ,INE323C01030,INDIANHUME.NS,Unclassified,,Micro
INDIASHLTR,India Shelter Finance Corporation Limited,EQ,INE922K01024,INDIASHLTR.NS,Unclassified,,Micro
INDIGO,InterGlobe Aviation Limited,EQ,INE646L01027,INDIGO.NS,Services,,Large
INDIGOPNTS,Indigo Paints Limited,EQ,INE09VQ01012,INDIGOPNTS.NS,Consumer Durables,,Micro
INDIQUBE,Indiqube Spaces Limited,EQ,INE06ST01018,INDIQUBE.NS,Unclassified,,Micro
INDNIPPON,India Nippon Electricals Limited,EQ,INE092B01025,INDNIPPON.NS,Unclassified,,Micro
INDOAMIN,Indo Amines Limited,EQ,INE760F01028,INDOAMIN.NS,Chemicals,Chemicals,Micro
INDOBORAX,Indo Borax & Chemicals Limited,EQ,INE803D01021,INDOBORAX.NS,Unclassified,,Micro
INDOCO,Indoco Remedies Limited,EQ,INE873D01024,INDOCO.NS,Unclassified,,Micro
INDOFARM,Indo Farm Equipment Limited,EQ,INE622H01018,INDOFARM.NS,Unclassified,,Micro
INDOKEM,Indokem Limited,EQ,INE716F01012,INDOKEM.NS,Unclassified,,Micro
INDOMIM,INDO-MIM Limited,EQ,INE084101034,INDOMIM.NS,Unclassified,,Micro
INDORAMA,Indo Rama Synthetics (India) Limited,EQ,INE156A01020,INDORAMA.NS,Unclassified,,Micro
INDOSTAR,IndoStar Capital Finance Limited,EQ,INE896L01010,INDOSTAR.NS,Unclassified,,Micro
INDOTECH,Indo Tech Transformers Limited,EQ,INE332H01014,INDOTECH.NS,Unclassified,,Micro
INDOTHAI,Indo Thai Securities Limited,EQ,INE337M01021,INDOTHAI.NS,Unclassified,,Micro
INDOUS,Indo Us Biotech Limited,EQ,INE250Z01010,INDOUS.NS,Unclassified,,Micro
INDOWIND,Indowind Energy Limited,EQ,INE227G01018,INDOWIND.NS,Unclassified,,Micro
INDPRUD,Industrial & Prudential Investment Company Limited,EQ,INE620D01011,INDPRUD.NS,Unclassified,,Micro
INDRAMEDCO,Indraprastha Medical Corporation Limited,EQ,INE681B01017,INDRAMEDCO.NS,Healthcare,Medical Care Facilities,Micro
INDSWFTLAB,Ind-Swift Laboratories Limited,EQ,INE915B01019,INDSWFTLAB.NS,Unclassified,,Micro
INDTERRAIN,Indian Terrain Fashions Limited,EQ,INE611L01021,INDTERRAIN.NS,Unclassified,,Micro
INDUSINDBK,IndusInd Bank Limited,EQ,INE095A01012,INDUSINDBK.NS,Financial Services,,Mid
INDUSTOWER,Indus Towers Limited,EQ,INE121J01017,INDUSTOWER.NS,Telecommunication,,Mid
INFOBEAN,InfoBeans Technologies Limited,EQ,INE344S01016,INFOBEAN.NS,Unclassified,,Micro
INFOMEDIA,Infomedia Press Limited,EQ,INE669A01022,INFOMEDIA.NS,Unclassified,,Micro
INFY,Infosys Limited,EQ,INE009A01021,INFY.NS,Information Technology,,Large
INGERRAND,Ingersoll Rand (India) Limited,EQ,INE177A01018,INGERRAND.NS,Unclassified,,Micro
INNOVACAP,Innova Captab Limited,EQ,INE0DUT01020,INNOVACAP.NS,Unclassified,,Micro
INNOVANA,Innovana Thinklabs Limited,EQ,INE403Y01018,INNOVANA.NS,Unclassified,,Micro
INNOVISION,Innovision Limited,EQ,INE0ADB01012,INNOVISION.NS,Unclassified,,Micro
INOXGREEN,Inox Green Energy Services Limited,EQ,INE510W01014,INOXGREEN.NS,Unclassified,,Micro
INOXINDIA,INOX India Limited,EQ,INE616N01034,INOXINDIA.NS,Capital Goods,,Small
INOXWIND,Inox Wind Limited,EQ,INE066P01011,INOXWIND.NS,Capital Goods,,Small
INSECTICID,Insecticides (India) Limited,EQ,INE070I01018,INSECTICID.NS,Unclassified,,Micro
INSPIRISYS,Inspirisys Solutions Limited,EQ,INE020G01017,INSPIRISYS.NS,Unclassified,,Micro
INTELLECT,Intellect Design Arena Limited,EQ,INE306R01017,INTELLECT.NS,Information Technology,,Small
INTENTECH,Intense Technologies Limited,EQ,INE781A01025,INTENTECH.NS,Unclassified,,Micro
INTERARCH,Interarch Building Solutions Limited,EQ,INE00M901018,INTERARCH.NS,Unclassified,,Micro
INTLCONV,International Conveyors Limited,EQ,INE575C01027,INTLCONV.NS,Capital Goods,Specialty Industrial Machinery,Micro
INVENTURE,Inventure Growth & Securities Limited,EQ,INE878H01024,INVENTURE.NS,Financial Services,Capital Markets,Micro
INVPRECQ,Investment & Precision Castings Limited,BE,INE155E01016,INVPRECQ.NS,Metals & Mining,Steel,Micro
IOB,Indian Overseas Bank,EQ,INE565A01014,IOB.NS,Financial Services,,Mid
IOC,Indian Oil Corporation Limited,EQ,INE242A01010,IOC.NS,Oil Gas & Consumable Fuels,,Large
IOLCP,IOL Chemicals and Pharmaceuticals Limited,EQ,INE485C01029,IOLCP.NS,Unclassified,,Micro
IONEXCHANG,ION Exchange (India) Limited,EQ,INE570A01022,IONEXCHANG.NS,Utilities,,Micro
IPCALAB,IPCA Laboratories Limited,EQ,INE571A01038,IPCALAB.NS,Healthcare,,Mid
IPL,India Pesticides Limited,EQ,INE0D6701023,IPL.NS,Chemicals,Agricultural Inputs,Micro
IPRINGLTD,IP Rings Limited,EQ,INE558A01019,IPRINGLTD.NS,Automobile and Auto Components,Auto Parts,Micro
IRB,IRB Infrastructure Developers Limited,EQ,INE821I01022,IRB.NS,Construction,,Small
IRCON,Ircon International Limited,EQ,INE962Y01021,IRCON.NS,Construction,,Small
IRCTC,Indian Railway Catering And Tourism Corporation Limited,EQ,INE335Y01020,IRCTC.NS,Consumer Services,,Mid
IREDA,Indian Renewable Energy Development Agency Limited,EQ,INE202E01016,IREDA.NS,Financial Services,,Mid
IRFC,Indian Railway Finance Corporation Limited,EQ,INE053F01010,IRFC.NS,Financial Services,,Large
IRIS,IRIS RegTech Solutions Limited,EQ,INE864K01010,IRIS.NS,Information Technology,Software - Application,Micro
IRISDOREME,Iris Clothings Limited,EQ,INE01GN01025,IRISDOREME.NS,Textiles,Apparel Manufacturing,Micro
IRMENERGY,IRM Energy Limited,EQ,INE07U701015,IRMENERGY.NS,Oil Gas & Consumable Fuels,Utilities - Regulated Gas,Micro
ISFT,Intrasoft Technologies Limited,BE,INE566K01011,ISFT.NS,Consumer Services,Internet Retail,Micro
ISGEC,Isgec Heavy Engineering Limited,EQ,INE858B01029,ISGEC.NS,Capital Goods,Specialty Industrial Machinery,Micro
ISHANCH,Ishan Dyes and Chemicals Limited,EQ,INE561M01018,ISHANCH.NS,Chemicals,Chemicals,Micro
ISTLTD,I S T Limited,EQ,INE684B01029,ISTLTD.NS,Automobile and Auto Components,Auto Parts,Micro
ITC,ITC Limited,EQ,INE154A01025,ITC.NS,Fast Moving Consumer Goods,,Large
ITCHOTELS,ITC Hotels Limited,EQ,INE379A01028,ITCHOTELS.NS,Consumer Services,,Mid
ITDC,India Tourism Development Corporation Limited,EQ,INE353K01014,ITDC.NS,Consumer Services,Lodging,Micro
ITI,ITI Limited,EQ,INE248A01017,ITI.NS,Telecommunication,,Small
ITL,ITL Industries Limited,EQ,INE478D01014,ITL.NS,Capital Goods,Specialty Industrial Machinery,Micro
IVALUE,Ivalue Infosolutions Limited,EQ,INE056801025,IVALUE.NS,Information Technology,Information Technology Services,Micro
IVC,IL&FS Investment Managers Limited,EQ,INE050B01023,IVC.NS,Financial Services,Financial Conglomerates,Micro
IVP,IVP Limited,BE,INE043C01018,IVP.NS,Unclassified,,Micro
IWP,The Indian Wood Products Company Limited,EQ,INE586E01020,IWP.NS,Forest Materials,Lumber & Wood Production,Micro
IXIGO,Le Travenues Technology Limited,EQ,INE0HV901016,IXIGO.NS,Consumer Services,,Micro
IZMO,IZMO Limited,EQ,INE848A01014,IZMO.NS,Information Technology,Software - Application,Micro
J&KBANK,The Jammu & Kashmir Bank Limited,EQ,INE168A01041,J&KBANK.NS,Financial Services,,Small
JAGRAN,Jagran Prakashan Limited,EQ,INE199G01027,JAGRAN.NS,Media Entertainment & Publication,Publishing,Micro
JAGSNPHARM,Jagsonpal Pharmaceuticals Limited,EQ,INE048B01035,JAGSNPHARM.NS,Healthcare,Drug Manufacturers - Specialty & Generic,Micro
JAIBALAJI,Jai Balaji Industries Limited,EQ,INE091G01026,JAIBALAJI.NS,Metals & Mining,,Micro
JAICORPLTD,Jai Corp Limited,EQ,INE070D01027,JAICORPLTD.NS,Chemicals,Specialty Chemicals,Micro
JAINREC,Jain Resource Recycling Limited,EQ,INE0YD401026,JAINREC.NS,Metals & Mining,,Small
JAIPURKURT,Nandani Creation Limited,EQ,INE696V01013,JAIPURKURT.NS,Textiles,Apparel Manufacturing,Micro
JAMNAAUTO,Jamna Auto Industries Limited,EQ,INE039C01032,JAMNAAUTO.NS,Automobile and Auto Components,,Micro
JARO,Jaro Institute of Technology Management and Research Limited,EQ,INE00YJ01010,JARO.NS,Services,Education & Training Services,Micro
JASH,Jash Engineering Limited,EQ,INE039O01029,JASH.NS,Capital Goods,Specialty Industrial Machinery,Micro
JAYAGROGN,Jayant Agro Organics Limited,EQ,INE785A01026,JAYAGROGN.NS,Chemicals,Specialty Chemicals,Micro
JAYBARMARU,Jay Bharat Maruti Limited,EQ,INE571B01036,JAYBARMARU.NS,Automobile and Auto Components,Auto Parts,Micro
JAYKAY,Jaykay Enterprises Limited,EQ,INE903A01025,JAYKAY.NS,Services,Specialty Business Services,Micro
JAYNECOIND,Jayaswal Neco Industries Limited,EQ,INE854B01010,JAYNECOIND.NS,Capital Goods,,Micro
JAYSREETEA,Jayshree Tea & Industries Limited,EQ,INE364A01020,JAYSREETEA.NS,Fast Moving Consumer Goods,Farm Products,Micro
JBMA,JBM Auto Limited,EQ,INE927D01051,JBMA.NS,Automobile and Auto Components,,Small
JENBURPH,Jenburkt Pharmaceuticals Limited,EQ,INE354A01013,JENBURPH.NS,Healthcare,Drug Manufacturers - Specialty & Generic,Micro
JETFREIGHT,Jet Freight Logistics Limited,EQ,INE982V01025,JETFREIGHT.NS,Services,Integrated Freight & Logistics,Micro
JGCHEM,J.G.Chemicals Limited,EQ,INE0MB501011,JGCHEM.NS,Metals & Mining,Other Industrial Metals & Mining,Micro
JHS,JHS Svendgaard Laboratories Limited,BE,INE544H01014,JHS.NS,Fast Moving Consumer Goods,Household & Personal Products,Micro
JINDALPHOT,Jindal Photo Limited,EQ,INE796G01012,JINDALPHOT.NS,Financial Services,Asset Management,Micro
JINDALPOLY,Jindal Poly Films Limited,EQ,INE197D01010,JINDALPOLY.NS,Consumer Services,Packaging & Containers,Micro
JINDALSAW,Jindal Saw Limited,EQ,INE324A01032,JINDALSAW.NS,Capital Goods,,Small
JINDALSTEL,JINDAL STEEL LIMITED,EQ,INE749A01030,JINDALSTEL.NS,Metals & Mining,,Large
JINDRILL,Jindal Drilling And Industries Limited,EQ,INE742C01031,JINDRILL.NS,Oil Gas & Consumable Fuels,Oil & Gas Equipment & Services,Micro
JINDWORLD,Jindal Worldwide Limited,EQ,INE247D01039,JINDWORLD.NS,Textiles,Textile Manufacturing,Micro
JIOFIN,Jio Financial Services Limited,EQ,INE758E01017,JIOFIN.NS,Financial Services,,Large
JISLDVREQS,Jain Irrigation Systems Limited,EQ,IN9175A01010,JISLDVREQS.NS,Diversified,Conglomerates,Micro
JISLJALEQS,Jain Irrigation Systems Limited,EQ,INE175A01038,JISLJALEQS.NS,Diversified,Conglomerates,Micro
JITFINFRA,JITF Infralogistics Limited,EQ,INE863T01013,JITFINFRA.NS,Construction,Engineering & Construction,Micro
JKCEMENT,JK Cement Limited,EQ,INE823G01014,JKCEMENT.NS,Construction Materials,,Mid
JKIL,J.Kumar Infraprojects Limited,EQ,INE576I01022,JKIL.NS,Construction,Engineering & Construction,Micro
JKIPL,Jinkushal Industries Limited,EQ,INE1FF001016,JKIPL.NS,Capital Goods,Industrial Distribution,Micro
JKLAKSHMI,JK Lakshmi Cement Limited,EQ,INE786A01032,JKLAKSHMI.NS,Construction Materials,Building Materials,Micro
JKPAPER,JK Paper Limited,EQ,INE789E01012,JKPAPER.NS,Forest Materials,,Micro
JKTYRE,JK Tyre & Industries Limited,EQ,INE573A01042,JKTYRE.NS,Automobile and Auto Components,,Small
JLHL,Jupiter Life Line Hospitals Limited,EQ,INE682M01020,JLHL.NS,Healthcare,Medical Care Facilities,Micro
JMA,Jullundur Motor Agency (Delhi) Limited,EQ,INE412C01023,JMA.NS,Automobile and Auto Components,Auto Parts,Micro
JMFINANCIL,JM Financial Limited,EQ,INE780C01023,JMFINANCIL.NS,Financial Services,,Small
JNKINDIA,JNK India Limited,EQ,INE0OAF01028,JNKINDIA.NS,Capital Goods,Specialty Industrial Machinery,Micro
JNPR,Juniper Green Energy Limited,EQ,INE05C901015,JNPR.NS,Power,Utilities - Renewable,Micro
JOCIL,Jocil Limited,EQ,INE839G01010,JOCIL.NS,Chemicals,Specialty Chemicals,Micro
JPOLYINVST,Jindal Poly Investment and Finance Company Limited,EQ,INE147P01019,JPOLYINVST.NS,Financial Services,Asset Management,Micro
JPPOWER,Jaiprakash Power Ventures Limited,EQ,INE351F01018,JPPOWER.NS,Power,,Small
JSFB,Jana Small Finance Bank Limited,EQ,INE953L01027,JSFB.NS,Financial Services,,Micro
JSIPL,Jindal Supreme (India) Limited,BE,INE1DLO01028,JSIPL.NS,Metals & Mining,Steel,Micro
JSL,Jindal Stainless Limited,EQ,INE220G01021,JSL.NS,Metals & Mining,,Mid
JSLL,Jeena Sikho Lifecare Limited,EQ,INE0J5801029,JSLL.NS,Consumer Services,,Micro
JSWCEMENT,JSW Cement Limited,EQ,INE718I01012,JSWCEMENT.NS,Construction Materials,,Small
JSWDULUX,JSW Dulux Limited,EQ,INE133A01011,JSWDULUX.NS,Chemicals,Specialty Chemicals,Micro
JSWENERGY,JSW Energy Limited,EQ,INE121E01018,JSWENERGY.NS,Power,,Mid
JSWHL,JSW Holdings Limited,EQ,INE824G01012,JSWHL.NS,Financial Services,Asset Management,Micro
JSWINFRA,JSW Infrastructure Limited,EQ,INE880J01026,JSWINFRA.NS,Services,,Mid
JSWSTEEL,JSW Steel Limited,EQ,INE019A01038,JSWSTEEL.NS,Metals & Mining,,Large
JTEKTINDIA,Jtekt India Limited,EQ,INE643A01035,JTEKTINDIA.NS,Automobile and Auto Components,Auto Parts,Micro
JTLIND,JTL INDUSTRIES LIMITED,EQ,INE391J01032,JTLIND.NS,Metals & Mining,Steel,Micro
JUBLCPL,Jubilant Agri and Consumer Products Limited,EQ,INE03CC01015,JUBLCPL.NS,Chemicals,Specialty Chemicals,Micro
JUBLFOOD,Jubilant Foodworks Limited,EQ,INE797F01020,JUBLFOOD.NS,Consumer Services,,Mid
JUBLINGREA,Jubilant Ingrevia Limited,EQ,INE0BY001018,JUBLINGREA.NS,Chemicals,,Small
JUBLPHARMA,Jubilant Pharmova Limited,EQ,INE700A01033,JUBLPHARMA.NS,Healthcare,,Micro
JUNIPER,Juniper Hotels Limited,EQ,INE696F01016,JUNIPER.NS,Consumer Services,Lodging,Micro
JUSTDIAL,Just Dial Limited,EQ,INE599M01018,JUSTDIAL.NS,Consumer Services,,Micro
JWL,Jupiter Wagons Limited,EQ,INE209L01016,JWL.NS,Capital Goods,,Small
JYOTHYLAB,Jyothy Labs Limited,EQ,INE668F01031,JYOTHYLAB.NS,Fast Moving Consumer Goods,,Micro
JYOTICNC,Jyoti CNC Automation Limited,EQ,INE980O01024,JYOTICNC.NS,Capital Goods,,Small
JYOTIRES,Jyoti Resins & Adhesives Limited,EQ,INE577D01013,JYOTIRES.NS,Chemicals,Specialty Chemicals,Micro
JYOTISTRUC,Jyoti Structures Limited,EQ,INE197A01024,JYOTISTRUC.NS,Capital Goods,Specialty Industrial Machinery,Micro
KABRAEXTRU,Kabra Extrusion Technik Limited,BE,INE900B01029,KABRAEXTRU.NS,Capital Goods,Specialty Industrial Machinery,Micro
KAJARIACER,Kajaria Ceramics Limited,EQ,INE217B01036,KAJARIACER.NS,Consumer Durables,,Small
KAKATCEM,Kakatiya Cement Sugar & Industries Limited,EQ,INE437B01014,KAKATCEM.NS,Construction Materials,Building Materials,Micro
KALAMANDIR,Sai Silks (Kalamandir) Limited,EQ,INE438K01021,KALAMANDIR.NS,Textiles,Apparel Retail,Micro
KALPATARU,Kalpataru Limited,EQ,INE227J01012,KALPATARU.NS,Realty,Real Estate - Development,Micro
KALYANI,Kalyani Commercials Limited,BE,INE610E01010,KALYANI.NS,Automobile and Auto Components,Auto & Truck Dealerships,Micro
KALYANIFRG,Kalyani Forge Limited,BE,INE314G01014,KALYANIFRG.NS,Automobile and Auto Components,Auto Parts,Micro
KALYANKJIL,Kalyan Jewellers India Limited,EQ,INE303R01014,KALYANKJIL.NS,Consumer Durables,,Mid
KAMAHOLD,Kama Holdings Limited,EQ,INE411F01010,KAMAHOLD.NS,Diversified,Conglomerates,Micro
KAMANWALA,Kamanwala Housing Construction Limited,EQ,INE344D01018,KAMANWALA.NS,Realty,Real Estate - Development,Micro
KAMATHOTEL,Kamat Hotels (I) Limited,EQ,INE967C01018,KAMATHOTEL.NS,Consumer Services,Lodging,Micro
KAMDHENU,Kamdhenu Limited,EQ,INE390H01020,KAMDHENU.NS,Metals & Mining,Steel,Micro
KAMOPAINTS,Kamdhenu Ventures Limited,EQ,INE0BTI01037,KAMOPAINTS.NS,Metals & Mining,Steel,Micro
KANANIIND,Kanani Industries Limited,EQ,INE879E01037,KANANIIND.NS,Consumer Durables,Luxury Goods,Micro
KANCHI,Kanchi Karpooram Limited,EQ,INE081G01019,KANCHI.NS,Chemicals,Specialty Chemicals,Micro
KANCOTEA,Kanco Tea & Industries Limited,EQ,INE398L01017,KANCOTEA.NS,Fast Moving Consumer Goods,Farm Products,Micro
KANOHAR,Kanohar Electricals Limited,EQ,INE877D01025,KANOHAR.NS,Capital Goods,Electrical Equipment & Parts,Micro
KANORICHEM,Kanoria Chemicals & Industries Limited,BE,INE138C01024,KANORICHEM.NS,Chemicals,Chemicals,Micro
KANPRPLA,Kanpur Plastipack Limited,EQ,INE694E01014,KANPRPLA.NS,Consumer Services,Packaging & Containers,Micro
KANSAINER,Kansai Nerolac Paints Limited,EQ,INE531A01024,KANSAINER.NS,Consumer Durables,,Micro
KAPSTON,Kapston Services Limited,EQ,INE542Z01028,KAPSTON.NS,Services,Specialty Business Services,Micro
KARAMTARA,Karamtara Engineering Limited,EQ,INE590T01012,KARAMTARA.NS,Power,Solar,Micro
KARMAENG,Karma Energy Limited,EQ,INE725L01011,KARMAENG.NS,Power,Utilities - Renewable,Micro
KARURVYSYA,Karur Vysya Bank Limited,EQ,INE036D01028,KARURVYSYA.NS,Financial Services,,Small
KAUSHALYA,Kaushalya Infrastructure Development Corporation Limited,BE,INE234I01028,KAUSHALYA.NS,Construction,Engineering & Construction,Micro
KAVDEFENCE,Kavveri Defence & Wireless Technologies Limited,BE,INE641C01019,KAVDEFENCE.NS,Information Technology,Communication Equipment,Micro
KAYA,Kaya Limited,BE,INE587G01015,KAYA.NS,Fast Moving Consumer Goods,Household & Personal Products,Micro
KAYNES,Kaynes Technology India Limited,EQ,INE918Z01012,KAYNES.NS,Capital Goods,,Small
KCP,KCP Limited,EQ,INE805C01028,KCP.NS,Construction Materials,Building Materials,Micro
KCPSUGIND,KCP Sugar and Industries Corporation Limited,BE,INE790B01024,KCPSUGIND.NS,Fast Moving Consumer Goods,Confectioners,Micro
KDDL,KDDL Limited,EQ,INE291D01011,KDDL.NS,Consumer Durables,Luxury Goods,Micro
KDGREEN,KD Green Industries Limited,EQ,INE348N01042,KDGREEN.NS,Textiles,Footwear & Accessories,Micro
KEC,KEC International Limited,EQ,INE389H01022,KEC.NS,Construction,,Small
KECL,Kirloskar Electric Company Limited,EQ,INE134B01017,KECL.NS,Capital Goods,Specialty Industrial Machinery,Micro
KEEPLEARN,DSJ Keep Learning Limited,EQ,INE055C01020,KEEPLEARN.NS,Services,Education & Training Services,Micro
KEI,KEI Industries Limited,EQ,INE878B01027,KEI.NS,Capital Goods,,Mid
KELLTONTEC,Kellton Tech Solutions Limited,EQ,INE164B01030,KELLTONTEC.NS,Information Technology,Software - Application,Micro
KENNAMET,Kennametal India Limited,EQ,INE717A01029,KENNAMET.NS,Capital Goods,Tools & Accessories,Micro
KERNEX,Kernex Microsystems (India) Limited,EQ,INE202H01019,KERNEX.NS,Information Technology,Software - Application,Micro
KESORAMIND,Kesoram Industries Limited,EQ,INE087A01019,KESORAMIND.NS,Construction Materials,Building Materials,Micro
KEYFINSERV,Keynote Financial Services Limited,EQ,INE681C01015,KEYFINSERV.NS,Financial Services,Capital Markets,Micro
KFINTECH,Kfin Technologies Limited,EQ,INE138Y01010,KFINTECH.NS,Financial Services,,Small
KHADIM,Khadim India Limited,BE,INE834I01025,KHADIM.NS,Textiles,Footwear & Accessories,Micro
KHAICHEM,Khaitan Chemicals & Fertilizers Limited,EQ,INE745B01028,KHAICHEM.NS,Chemicals,Agricultural Inputs,Micro
KHAITANLTD,Khaitan (India) Limited,EQ,INE731C01018,KHAITANLTD.NS,Capital Goods,Industrial Distribution,Micro
KHANDSE,Khandwala Securities Limited,EQ,INE060B01014,KHANDSE.NS,Financial Services,Capital Markets,Micro
KICL,Kalyani Investment Company Limited,EQ,INE029L01018,KICL.NS,Financial Services,Asset Management,Micro
KILITCH,Kilitch Drugs (India) Limited,EQ,INE729D01010,KILITCH.NS,Healthcare,Drug Manufacturers - Specialty & Generic,Micro
KIMS,Krishna Institute of Medical Sciences Limited,EQ,INE967H01025,KIMS.NS,Healthcare,,Small
KINGFA,Kingfa Science & Technology (India) Limited,EQ,INE473D01015,KINGFA.NS,Chemicals,Specialty Chemicals,Micro
KIOCL,KIOCL Limited,EQ,INE880L01014,KIOCL.NS,Metals & Mining,Steel,Micro
KIRANVYPAR,Kiran Vyapar Limited,EQ,INE555P01013,KIRANVYPAR.NS,Financial Services,Capital Markets,Micro
KIRIINDUS,Kiri Industries Limited,EQ,INE415I01015,KIRIINDUS.NS,Chemicals,Specialty Chemicals,Micro
KIRLFER,Kirloskar Ferrous Industries Limited,EQ,INE884B01025,KIRLFER.NS,Metals & Mining,Metal Fabrication,Micro
KIRLOSBROS,Kirloskar Brothers Limited,EQ,INE732A01036,KIRLOSBROS.NS,Capital Goods,,Small
KIRLOSENG,Kirloskar Oil Engines Limited,EQ,INE146L01010,KIRLOSENG.NS,Capital Goods,,Small
KIRLOSIND,Kirloskar Industries Limited,EQ,INE250A01039,KIRLOSIND.NS,Metals & Mining,Metal Fabrication,Micro
KIRLPNU,Kirloskar Pneumatic Company Limited,EQ,INE811A01038,KIRLPNU.NS,Capital Goods,,Micro
KISSHT,OnEMI Technology Solutions Limited,EQ,INE12F801023,KISSHT.NS,Financial Services,,Micro
KITEX,Kitex Garments Limited,EQ,INE602G01020,KITEX.NS,Textiles,,Micro
KJMCFIN,KJMC Financial Services Limited,EQ,INE533C01018,KJMCFIN.NS,Financial Services,Capital Markets,Micro
KKCL,Kewal Kiran Clothing Limited,EQ,INE401H01017,KKCL.NS,Textiles,Apparel Manufacturing,Micro
KLBRENG-B,Kilburn Engineering Limited,EQ,INE338F01015,KLBRENG-B.NS,Capital Goods,Specialty Industrial Machinery,Micro
KMCSHIL,K M C Speciality Hospitals (India) Limited,EQ,INE879K01018,KMCSHIL.NS,Healthcare,Medical Care Facilities,Micro
KMEW,Knowledge Marine & Engineering Works Limited,EQ,INE0CJD01029,KMEW.NS,Services,,Micro
KMSUGAR,K.M.Sugar Mills Limited,BE,INE157H01023,KMSUGAR.NS,Fast Moving Consumer Goods,Confectioners,Micro
KNACK,Knack Packaging Limited,EQ,INE17QZ01016,KNACK.NS,Consumer Services,Packaging & Containers,Micro
KNAGRI,KN Agri Resources Limited,EQ,INE0KNW01016,KNAGRI.NS,Fast Moving Consumer Goods,Farm Products,Micro
KNRCON,KNR Constructions Limited,EQ,INE634I01029,KNRCON.NS,Construction,,Micro
KOHINOOR,Kohinoor Foods Limited,EQ,INE080B01012,KOHINOOR.NS,Fast Moving Consumer Goods,Packaged Foods,Micro
KOKUYOCMLN,Kokuyo Camlin Limited,EQ,INE760A01029,KOKUYOCMLN.NS,Capital Goods,Business Equipment & Supplies,Micro
KOLTEPATIL,Kolte - Patil Developers Limited,EQ,INE094I01018,KOLTEPATIL.NS,Realty,Real Estate - Development,Micro
KOPRAN,Kopran Limited,EQ,INE082A01010,KOPRAN.NS,Healthcare,Drug Manufacturers - General,Micro
KOTAKBANK,Kotak Mahindra Bank Limited,EQ,INE237A01036,KOTAKBANK.NS,Financial Services,,Large
KOTARISUG,Kothari Sugars And Chemicals Limited,BE,INE419A01022,KOTARISUG.NS,Fast Moving Consumer Goods,Confectioners,Micro
KOTHARIPET,Kothari Petrochemicals Limited,EQ,INE720A01015,KOTHARIPET.NS,Chemicals,Specialty Chemicals,Micro
KOTHARIPRO,Kothari Products Limited,EQ,INE823A01017,KOTHARIPRO.NS,Diversified,Conglomerates,Micro
KOTIC,Kothari Industrial Corporation Limited,EQ,INE972A01020,KOTIC.NS,Chemicals,Agricultural Inputs,Micro
KOTYARK,Kotyark Industries Limited,EQ,INE0J0B01017,KOTYARK.NS,Chemicals,Specialty Chemicals,Micro
KOVAI,Kovai Medical Center & Hospital Limited,EQ,INE177F01017,KOVAI.NS,Healthcare,Medical Care Facilities,Micro
KPEL,K.P. Energy Limited,EQ,INE127T01021,KPEL.NS,Construction,Engineering & Construction,Micro
KPIGREEN,KPI Green Energy Limited,EQ,INE542W01025,KPIGREEN.NS,Power,,Micro
KPIL,Kalpataru Projects International Limited,EQ,INE220B01022,KPIL.NS,Construction,,Small
KPITTECH,KPIT Technologies Limited,EQ,INE04I401011,KPITTECH.NS,Information Technology,,Small
KPL,Kwality Pharmaceuticals Limited,EQ,INE552U01010,KPL.NS,Healthcare,Drug Manufacturers - Specialty & Generic,Micro
KPRMILL,K.P.R. Mill Limited,EQ,INE930H01031,KPRMILL.NS,Textiles,,Mid
KRBL,KRBL Limited,EQ,INE001B01026,KRBL.NS,Fast Moving Consumer Goods,,Micro
KREBSBIO,Krebs Biochemicals and Industries Limited,EQ,INE268B01013,KREBSBIO.NS,Healthcare,Drug Manufacturers - Specialty & Generic,Micro
KRIDHANINF,Kridhan Infra Limited,EQ,INE524L01026,KRIDHANINF.NS,Metals & Mining,Steel,Micro
KRISHANA,Krishana Phoschem Limited,EQ,INE506W01020,KRISHANA.NS,Chemicals,Agricultural Inputs,Micro
KRISHIVAL,Krishival Foods Limited,EQ,INE0GGO01015,KRISHIVAL.NS,Fast Moving Consumer Goods,Packaged Foods,Micro
KRISHNADEF,Krishna Defence And Allied Industries Limited,EQ,INE0J5601015,KRISHNADEF.NS,Capital Goods,Specialty Industrial Machinery,Micro
KRITI,Kriti Industries (India) Limited,EQ,INE479D01038,KRITI.NS,Capital Goods,Building Products & Equipment,Micro
KRITIKA,Kritika Wires Limited,EQ,INE00Z501029,KRITIKA.NS,Metals & Mining,Steel,Micro
KRITINUT,Kriti Nutrients Limited,EQ,INE798K01010,KRITINUT.NS,Fast Moving Consumer Goods,Packaged Foods,Micro
KRN,KRN Heat Exchanger and Refrigeration Limited,EQ,INE0Q3J01015,KRN.NS,Capital Goods,,Micro
KRONOX,Kronox Lab Sciences Limited,BE,INE0ATZ01017,KRONOX.NS,Chemicals,Specialty Chemicals,Micro
KROSS,Kross Limited,EQ,INE0O6601022,KROSS.NS,Automobile and Auto Components,Auto Parts,Micro
KRSNAA,Krsnaa Diagnostics Limited,EQ,INE08LI01020,KRSNAA.NS,Healthcare,Diagnostics & Research,Micro
KRYSTAL,Krystal Integrated Services Limited,EQ,INE0QN801017,KRYSTAL.NS,Services,Specialty Business Services,Micro
KSB,Ksb Limited,EQ,INE999A01023,KSB.NS,Capital Goods,,Small
KSCL,Kaveri Seed Company Limited,EQ,INE455I01029,KSCL.NS,Fast Moving Consumer Goods,,Micro
KSE,KSE Limited,EQ,INE953E01022,KSE.NS,Fast Moving Consumer Goods,Packaged Foods,Micro
KSHINTL,KSH International Limited,EQ,INE987S01020,KSHINTL.NS,Capital Goods,Electrical Equipment & Parts,Micro
KSHITIJPOL,Kshitij Polyline Limited,BE,INE013801027,KSHITIJPOL.NS,Capital Goods,Business Equipment & Supplies,Micro
KSL,Kalyani Steels Limited,EQ,INE907A01026,KSL.NS,Metals & Mining,Steel,Micro
KSOLVES,Ksolves India Limited,EQ,INE0D6I01023,KSOLVES.NS,Information Technology,Software - Application,Micro
KSR,KSR Footwear Limited,BE,INE1SPP01016,KSR.NS,Textiles,Footwear & Accessories,Micro
KTKBANK,The Karnataka Bank Limited,EQ,INE614B01018,KTKBANK.NS,Financial Services,,Micro
KUANTUM,Kuantum Papers Limited,EQ,INE529I01021,KUANTUM.NS,Forest Materials,Paper & Paper Products,Micro
KUSUMGAR,Kusumgar Limited,EQ,INE0ISX01025,KUSUMGAR.NS,Textiles,Textile Manufacturing,Micro
KWIL,Kwality Wall's (India) Limited,EQ,INE2KCE01013,KWIL.NS,Fast Moving Consumer Goods,,Micro
LADDERUP,Ladderup Finance Limited,BE,INE519D01015,LADDERUP.NS,Financial Services,Capital Markets,Micro
LAGNAM,Lagnam Spintex Limited,EQ,INE548Z01017,LAGNAM.NS,Textiles,Textile Manufacturing,Micro
LAHOTIOV,Lahoti Overseas Limited,EQ,INE515C01023,LAHOTIOV.NS,Textiles,Textile Manufacturing,Micro
LAKSHMIMIL,Lakshmi Mills Company Limited,EQ,INE938C01019,LAKSHMIMIL.NS,Textiles,Textile Manufacturing,Micro
LAL,Lorenzini Apparels Limited,EQ,INE740X01023,LAL.NS,Textiles,Apparel Manufacturing,Micro
LALITHAA,Lalithaa Jewellery Mart Limited,EQ,INE0K9O01026,LALITHAA.NS,Consumer Durables,Luxury Goods,Micro
LALPATHLAB,Dr. Lal Path Labs Ltd.,EQ,INE600L01024,LALPATHLAB.NS,Healthcare,,Small
LAMBODHARA,Lambodhara Textiles Limited,EQ,INE112F01022,LAMBODHARA.NS,Textiles,Textile Manufacturing,Micro
LANCER,Lancer Container Lines Limited,EQ,INE359U01028,LANCER.NS,Services,Integrated Freight & Logistics,Micro
LANCORHOL,Lancor Holdings Limited,BE,INE572G01025,LANCORHOL.NS,Realty,Real Estate - Development,Micro
LANDMARK,Landmark Cars Limited,EQ,INE559R01029,LANDMARK.NS,Automobile and Auto Components,Auto & Truck Dealerships,Micro
LANDSMILL,Landsmill Green Limited,BE,INE688J01023,LANDSMILL.NS,Diversified,Conglomerates,Micro
LAOPALA,La Opala RG Limited,EQ,INE059D01020,LAOPALA.NS,Consumer Durables,"Furnishings, Fixtures & Appliances",Micro
LASERPOWER,Laser Power & Infra Limited,EQ,INE17IR01028,LASERPOWER.NS,Capital Goods,Electrical Equipment & Parts,Micro
LATENTVIEW,Latent View Analytics Limited,EQ,INE0I7C01011,LATENTVIEW.NS,Information Technology,,Micro
LATTEYS,Latteys Industries Limited,EQ,INE262Z01023,LATTEYS.NS,Capital Goods,Specialty Industrial Machinery,Micro
LAURUSLABS,Laurus Labs Limited,EQ,INE947Q01028,LAURUSLABS.NS,Healthcare,,Mid
LAXMICOT,Laxmi Cotspin Limited,EQ,INE801V01019,LAXMICOT.NS,Textiles,Textile Manufacturing,Micro
LAXMIDENTL,Laxmi Dental Limited,EQ,INE0WO601020,LAXMIDENTL.NS,Healthcare,Medical Instruments & Supplies,Micro
LAXMIINDIA,Laxmi India Finance Limited,EQ,INE06WU01026,LAXMIINDIA.NS,Financial Services,Credit Services,Micro
LCCINFOTEC,LCC Infotech Limited,BE,INE938A01021,LCCINFOTEC.NS,Services,Education & Training Services,Micro
LCCPROJECT,LCC Projects Limited,EQ,INE1FPN01026,LCCPROJECT.NS,Construction,Infrastructure Operations,Micro
LCL,Lohia Corp Limited,EQ,INE0QJW01029,LCL.NS,Capital Goods,Specialty Industrial Machinery,Micro
LEAPIND,LEAP India Limited,EQ,INE00GO01025,LEAPIND.NS,Services,Integrated Freight & Logistics,Micro
LEENEE,Lee & Nee Softwares Exports Limited,BE,INE791B01014,LEENEE.NS,Information Technology,Information Technology Services,Micro
LEMERITE,Le Merite Exports Limited,EQ,INE0G1L01025,LEMERITE.NS,Textiles,Textile Manufacturing,Micro
LEMONTREE,Lemon Tree Hotels Limited,EQ,INE970X01018,LEMONTREE.NS,Consumer Services,,Small
LENSKART,Lenskart Solutions Limited,EQ,INE956O01016,LENSKART.NS,Consumer Services,,Mid
LEXUS,Lexus Granito (India) Limited,EQ,INE500X01013,LEXUS.NS,Unclassified,,Micro
LFIC,Lakshmi Finance & Industrial Corporation Limited,EQ,INE850E01012,LFIC.NS,Financial Services,Asset Management,Micro
LGBBROSLTD,LG Balakrishnan & Bros Limited,EQ,INE337A01034,LGBBROSLTD.NS,Automobile and Auto Components,Auto Parts,Micro
LGEINDIA,LG Electronics India Limited,EQ,INE324D01010,LGEINDIA.NS,Consumer Durables,,Mid
LGHL,Laxmi Goldorna House Limited,EQ,INE258Y01016,LGHL.NS,Consumer Durables,Luxury Goods,Micro
LIBAS,Libas Consumer Products Limited,EQ,INE908V01012,LIBAS.NS,Textiles,Apparel Manufacturing,Micro
LIBERTSHOE,Liberty Shoes Limited,EQ,INE557B01019,LIBERTSHOE.NS,Textiles,Footwear & Accessories,Micro
LICHSGFIN,LIC Housing Finance Limited,EQ,INE115A01026,LICHSGFIN.NS,Financial Services,,Mid
LICI,Life Insurance Corporation Of India,EQ,INE0J1Y01017,LICI.NS,Financial Services,,Mid
LIKHITHA,Likhitha Infrastructure Limited,EQ,INE060901027,LIKHITHA.NS,Oil Gas & Consumable Fuels,Oil & Gas Equipment & Services,Micro
LINC,Linc Limited,EQ,INE802B01027,LINC.NS,Capital Goods,Business Equipment & Supplies,Micro
LINCOLN,Lincoln Pharmaceuticals Limited,EQ,INE405C01035,LINCOLN.NS,Healthcare,Drug Manufacturers - Specialty & Generic,Micro
LINDEINDIA,Linde India Limited,EQ,INE473A01011,LINDEINDIA.NS,Chemicals,,Mid
LKPSEC,LKP Securities Limited,EQ,INE341H01023,LKPSEC.NS,Financial Services,Capital Markets,Micro
LLOYDSENGG,LLOYDS ENGINEERING WORKS LIMITED,EQ,INE093R01011,LLOYDSENGG.NS,Capital Goods,,Micro
LLOYDSENT,Lloyds Enterprises Limited,EQ,INE080I01025,LLOYDSENT.NS,Metals & Mining,,Micro
LLOYDSME,Lloyds Metals And Energy Limited,EQ,INE281B01032,LLOYDSME.NS,Metals & Mining,,Mid
LMW,LMW Limited,EQ,INE269B01029,LMW.NS,Capital Goods,Specialty Industrial Machinery,Micro
LODHA,Lodha Developers Limited,EQ,INE670K01029,LODHA.NS,Realty,,Mid
LOKESHMACH,Lokesh Machines Limited,EQ,INE397H01017,LOKESHMACH.NS,Capital Goods,Specialty Industrial Machinery,Micro
LORDSCHLO,Lords Chloro Alkali Limited,EQ,INE846D01012,LORDSCHLO.NS,Chemicals,Chemicals,Micro
LOTUSCHO,Lotus Chocolate Company Limited,EQ,INE026D01011,LOTUSCHO.NS,Fast Moving Consumer Goods,Confectioners,Micro
LOTUSDEV,Sri Lotus Developers and Realty Limited,BE,INE0V9Q01010,LOTUSDEV.NS,Realty,,Micro
LOTUSEYE,Lotus Eye Hospital and Institute Limited,EQ,INE947I01017,LOTUSEYE.NS,Healthcare,Medical Care Facilities,Micro
LOVABLE,Lovable Lingerie Limited,EQ,INE597L01014,LOVABLE.NS,Textiles,Apparel Manufacturing,Micro
LOYALTEX,Loyal Textile Mills Limited,EQ,INE970D01010,LOYALTEX.NS,Textiles,Textile Manufacturing,Micro
LPDC,Landmark Property Development Company Limited,EQ,INE197J01017,LPDC.NS,Realty,Real Estate Services,Micro
LT,Larsen & Toubro Limited,EQ,INE018A01030,LT.NS,Construction,,Large
LTF,L&T Finance Limited,EQ,INE498L01015,LTF.NS,Financial Services,,Mid
LTFOODS,LT Foods Limited,EQ,INE818H01020,LTFOODS.NS,Fast Moving Consumer Goods,,Small
LTM,LTM Limited,EQ,INE214T01019,LTM.NS,Information Technology,,Large
LTTS,L&T Technology Services Limited,EQ,INE010V01017,LTTS.NS,Information Technology,,Mid
LUMAXIND,Lumax Industries Limited,EQ,INE162B01018,LUMAXIND.NS,Automobile and Auto Components,,Micro
LUMAXTECH,Lumax Auto Technologies Limited,EQ,INE872H01027,LUMAXTECH.NS,Automobile and Auto Components,,Micro
LUMINO,Lumino Industries Limited,EQ,INE185Q01025,LUMINO.NS,Capital Goods,Electrical Equipment & Parts,Micro
LUPIN,Lupin Limited,EQ,INE326A01037,LUPIN.NS,Healthcare,,Mid
LUXIND,Lux Industries Limited,EQ,INE150G01020,LUXIND.NS,Textiles,Apparel Manufacturing,Micro
LXCHEM,Laxmi Organic Industries Limited,EQ,INE576O01020,LXCHEM.NS,Chemicals,,Micro
LYKALABS,Lyka Labs Limited,BE,INE933A01014,LYKALABS.NS,Healthcare,Biotechnology,Micro
M&M,Mahindra & Mahindra Limited,EQ,INE101A01026,M&M.NS,Automobile and Auto Components,,Large
M&MFIN,Mahindra & Mahindra Financial Services Limited,EQ,INE774D01024,M&MFIN.NS,Financial Services,,Mid
MAANALU,Maan Aluminium Limited,EQ,INE215I01027,MAANALU.NS,Metals & Mining,Aluminum,Micro
MACPOWER,Macpower CNC Machines Limited,EQ,INE155Z01011,MACPOWER.NS,Capital Goods,Specialty Industrial Machinery,Micro
MADHAV,Madhav Marbles and Granites Limited,EQ,INE925C01016,MADHAV.NS,Capital Goods,Building Products & Equipment,Micro
MADHAVIPL,Madhav Infra Projects Limited,EQ,INE631R01026,MADHAVIPL.NS,Construction,Engineering & Construction,Micro
MADHUCON,Madhucon Projects Limited,EQ,INE378D01032,MADHUCON.NS,Construction,Engineering & Construction,Micro
MADRASFERT,Madras Fertilizers Limited,EQ,INE414A01015,MADRASFERT.NS,Chemicals,Agricultural Inputs,Micro
MAFATIND,Mafatlal Industries Limited,EQ,INE270B01035,MAFATIND.NS,Textiles,Textile Manufacturing,Micro
MAGADSUGAR,Magadh Sugar & Energy Limited,EQ,INE347W01011,MAGADSUGAR.NS,Fast Moving Consumer Goods,Confectioners,Micro
MAGNUM,Magnum Ventures Limited,EQ,INE387I01016,MAGNUM.NS,Forest Materials,Paper & Paper Products,Micro
MAHABANK,Bank of Maharashtra,EQ,INE457A01014,MAHABANK.NS,Financial Services,,Mid
MAHAPEXLTD,Maha Rashtra Apex Corporation Limited,EQ,INE843B01013,MAHAPEXLTD.NS,Financial Services,Credit Services,Micro
MAHASTEEL,Mahamaya Steel Industries Limited,BE,INE451L01014,MAHASTEEL.NS,Metals & Mining,Steel,Micro
MAHEPC,Mahindra EPC Irrigation Limited,EQ,INE215D01010,MAHEPC.NS,Capital Goods,Farm & Heavy Construction Machinery,Micro
MAHESHWARI,Maheshwari Logistics Limited,EQ,INE263W01010,MAHESHWARI.NS,Services,Integrated Freight & Logistics,Micro
MAHLIFE,Mahindra Lifespace Developers Limited,EQ,INE813A01018,MAHLIFE.NS,Realty,Real Estate - Development,Micro
MAHLOG,Mahindra Logistics Limited,EQ,INE766P01016,MAHLOG.NS,Services,Integrated Freight & Logistics,Micro
MAHSCOOTER,Maharashtra Scooters Limited,EQ,INE288A01013,MAHSCOOTER.NS,Financial Services,Asset Management,Micro
MAHSEAMLES,Maharashtra Seamless Limited,EQ,INE271B01025,MAHSEAMLES.NS,Metals & Mining,Steel,Micro
MAITHANALL,Maithan Alloys Limited,EQ,INE683C01011,MAITHANALL.NS,Metals & Mining,Steel,Micro
MAJESAUT,Majestic Auto Limited,BE,INE201B01022,MAJESAUT.NS,Realty,Real Estate Services,Micro
MAKERSL,Makers Laboratories Limited,EQ,INE987A01010,MAKERSL.NS,Healthcare,Drug Manufacturers - Specialty & Generic,Micro
MALLCOM,Mallcom (India) Limited,EQ,INE389C01015,MALLCOM.NS,Capital Goods,Security & Protection Services,Micro
MALUPAPER,Malu Paper Mills Limited,EQ,INE383H01017,MALUPAPER.NS,Forest Materials,Paper & Paper Products,Micro
MAMATA,Mamata Machinery Limited,EQ,INE0TO701015,MAMATA.NS,Capital Goods,Specialty Industrial Machinery,Micro
MANAKALUCO,Manaksia Aluminium Company Limited,EQ,INE859Q01017,MANAKALUCO.NS,Metals & Mining,Aluminum,Micro
MANAKCOAT,Manaksia Coated Metals & Industries Limited,EQ,INE830Q01018,MANAKCOAT.NS,Metals & Mining,Metal Fabrication,Micro
MANAKSIA,Manaksia Limited,EQ,INE015D01022,MANAKSIA.NS,Metals & Mining,Metal Fabrication,Micro
MANAKSTEEL,Manaksia Steels Limited,BE,INE824Q01011,MANAKSTEEL.NS,Metals & Mining,Steel,Micro
MANALIPETC,Manali Petrochemicals Limited,EQ,INE201A01024,MANALIPETC.NS,Unclassified,,Micro
MANAPPURAM,Manappuram Finance Limited,EQ,INE522D01027,MANAPPURAM.NS,Financial Services,,Small
MANBA,Manba Finance Limited,EQ,INE939X01013,MANBA.NS,Financial Services,Credit Services,Micro
MANCREDIT,Mangal Credit and Fincorp Limited,EQ,INE545L01039,MANCREDIT.NS,Financial Services,Credit Services,Micro
MANGALAM,Mangalam Drugs And Organics Limited,EQ,INE584F01014,MANGALAM.NS,Healthcare,Drug Manufacturers - Specialty & Generic,Micro
MANGLMCEM,Mangalam Cement Limited,EQ,INE347A01017,MANGLMCEM.NS,Construction Materials,Building Materials,Micro
MANIKA,Manika Plastech Limited,EQ,INE0KWF01020,MANIKA.NS,Consumer Services,Packaging & Containers,Micro
MANINDS,Man Industries (India) Limited,EQ,INE993A01026,MANINDS.NS,Metals & Mining,Steel,Micro
MANINFRA,Man Infraconstruction Limited,EQ,INE949H01023,MANINFRA.NS,Construction,Engineering & Construction,Micro
MANIPALHOS,Manipal Health Enterprises Limited,EQ,INE459N01021,MANIPALHOS.NS,Healthcare,Medical Care Facilities,Micro
MANKIND,Mankind Pharma Limited,EQ,INE634S01028,MANKIND.NS,Healthcare,,Mid
MANOMAY,Manomay Tex India Limited,EQ,INE784W01015,MANOMAY.NS,Textiles,Textile Manufacturing,Micro
MANORAMA,Manorama Industries Limited,EQ,INE00VM01036,MANORAMA.NS,Fast Moving Consumer Goods,,Micro
MANORG,Mangalam Organics Limited,EQ,INE370D01013,MANORG.NS,Chemicals,Specialty Chemicals,Micro
MANUGRAPH,Manugraph India Limited,BE,INE867A01022,MANUGRAPH.NS,Capital Goods,Specialty Industrial Machinery,Micro
MANYAVAR,Vedant Fashions Limited,EQ,INE825V01034,MANYAVAR.NS,Consumer Services,,Micro
MAPMYINDIA,C.E. Info Systems Limited,EQ,INE0BV301023,MAPMYINDIA.NS,Information Technology,,Micro
MARALOVER,Maral Overseas Limited,EQ,INE882A01013,MARALOVER.NS,Textiles,Textile Manufacturing,Micro
MARATHON,Marathon Nextgen Realty Limited,EQ,INE182D01020,MARATHON.NS,Realty,Real Estate - Development,Micro
MARICO,Marico Limited,EQ,INE196A01026,MARICO.NS,Fast Moving Consumer Goods,,Mid
MARINE,Marine Electricals (India) Limited,EQ,INE01JE01028,MARINE.NS,Capital Goods,Electrical Equipment & Parts,Micro
MARKOLINES,Markolines Pavement Technologies Limited,EQ,INE0FW001016,MARKOLINES.NS,Construction,Infrastructure Operations,Micro
MARKSANS,Marksans Pharma Limited,EQ,INE750C01026,MARKSANS.NS,Healthcare,,Micro
MARSONS,Marsons Limited,EQ,INE415B01044,MARSONS.NS,Capital Goods,Electrical Equipment & Parts,Micro
MARUTI,Maruti Suzuki India Limited,EQ,INE585B01010,MARUTI.NS,Automobile and Auto Components,,Large
MASFIN,MAS Financial Services Limited,EQ,INE348L01012,MASFIN.NS,Financial Services,Credit Services,Micro
MASKINVEST,Mask Investments Limited,EQ,INE885F01015,MASKINVEST.NS,Financial Services,Capital Markets,Micro
MASTEK,Mastek Limited,EQ,INE759A01021,MASTEK.NS,Information Technology,,Micro
MASTERTR,Master Trust Limited,EQ,INE677D01037,MASTERTR.NS,Financial Services,Capital Markets,Micro
MATRIMONY,Matrimony.Com Limited,EQ,INE866R01028,MATRIMONY.NS,Telecommunication,Internet Content & Information,Micro
MAWANASUG,Mawana Sugars Limited,EQ,INE636A01039,MAWANASUG.NS,Fast Moving Consumer Goods,Confectioners,Micro
MAXESTATES,Max Estates Limited,EQ,INE03EI01018,MAXESTATES.NS,Realty,Real Estate - Development,Micro
MAXHEALTH,Max Healthcare Institute Limited,EQ,INE027H01010,MAXHEALTH.NS,Healthcare,,Large
MAXIND,Max India Limited,EQ,INE0CG601016,MAXIND.NS,Healthcare,Medical Care Facilities,Micro
MAYURUNIQ,Mayur Uniquoters Ltd,EQ,INE040D01038,MAYURUNIQ.NS,Textiles,Textile Manufacturing,Micro
MAZDA,Mazda Limited,BE,INE885E01042,MAZDA.NS,Capital Goods,Specialty Industrial Machinery,Micro
MAZDOCK,Mazagon Dock Shipbuilders Limited,EQ,INE249Z01020,MAZDOCK.NS,Capital Goods,,Large
MBAPL,Madhya Bharat Agro Products Limited,EQ,INE900L01028,MBAPL.NS,Chemicals,,Micro
MBECL,Mcnally Bharat Engineering Company Limited,BE,INE748A01024,MBECL.NS,Construction,Engineering & Construction,Micro
MBEL,M & B Engineering Limited,EQ,INE08N601015,MBEL.NS,Construction,Engineering & Construction,Micro
MBLINFRA,MBL Infrastructure Limited,EQ,INE912H01013,MBLINFRA.NS,Construction,Engineering & Construction,Micro
MCCHRLS-B,Mac Charles India Limited,EQ,INE435D01014,MCCHRLS-B.NS,Diversified,Conglomerates,Micro
MCL,M TEK COPPER LIMITED,EQ,INE813V01022,MCL.NS,Metals & Mining,Copper,Micro
MCLEODRUSS,Mcleod Russel India Limited,EQ,INE942G01012,MCLEODRUSS.NS,Fast Moving Consumer Goods,Packaged Foods,Micro
MCLOUD,Magellanic Cloud Limited,EQ,INE613C01026,MCLOUD.NS,Information Technology,Information Technology Services,Micro
MCX,Multi Commodity Exchange of India Limited,EQ,INE745G01043,MCX.NS,Financial Services,,Mid
MEDANTA,Global Health Limited,EQ,INE474Q01031,MEDANTA.NS,Healthcare,,Mid
MEDIASSIST,Medi Assist Healthcare Services Limited,EQ,INE456Z01021,MEDIASSIST.NS,Healthcare,Healthcare Plans,Micro
MEDICAMEQ,Medicamen Biotech Limited,BE,INE646B01010,MEDICAMEQ.NS,Healthcare,Drug Manufacturers - Specialty & Generic,Micro
MEDICAPQ,Medi Caps Limited,BE,INE442D01010,MEDICAPQ.NS,Realty,Real Estate - Diversified,Micro
MEDICO,Medico Remedies Limited,EQ,INE630Y01024,MEDICO.NS,Healthcare,Drug Manufacturers - Specialty & Generic,Micro
MEDPLUS,Medplus Health Services Limited,EQ,INE804L01022,MEDPLUS.NS,Consumer Services,,Micro
MEESHO,Meesho Limited,EQ,INE0VDM01015,MEESHO.NS,Consumer Services,,Mid
MEGASTAR,Megastar Foods Limited,EQ,INE00EM01016,MEGASTAR.NS,Fast Moving Consumer Goods,Packaged Foods,Micro
MEIL,Mangal Electrical Industries Limited,EQ,INE0PKD01011,MEIL.NS,Capital Goods,Electrical Equipment & Parts,Micro
MENNPIS,Menon Pistons Limited,BE,INE650G01029,MENNPIS.NS,Automobile and Auto Components,Auto Parts,Micro
MENONBE,Menon Bearings Limited,EQ,INE071D01033,MENONBE.NS,Automobile and Auto Components,Auto Parts,Micro
MERCANTILE,Mercantile Ventures Limited,EQ,INE689O01013,MERCANTILE.NS,Realty,Real Estate Services,Micro
MERCURYEV,Mercury Ev-Tech Limited,EQ,INE763M01028,MERCURYEV.NS,Automobile and Auto Components,Auto Manufacturers,Micro
METROBRAND,Metro Brands Limited,EQ,INE317I01021,METROBRAND.NS,Unclassified,,Micro
METROGLOBL,Metroglobal Limited,EQ,INE085D01033,METROGLOBL.NS,Diversified,Conglomerates,Micro
METROPOLIS,Metropolis Healthcare Limited,EQ,INE112L01020,METROPOLIS.NS,Healthcare,,Micro
MFML,Mahalaxmi Fabric Mills Limited,EQ,INE0US801024,MFML.NS,Textiles,Textile Manufacturing,Micro
MFSL,Max Financial Services Limited,EQ,INE180A01020,MFSL.NS,Financial Services,,Mid
MGEL,Mangalam Global Enterprise Limited,EQ,INE0APB01032,MGEL.NS,Fast Moving Consumer Goods,Farm Products,Micro
MGL,Mahanagar Gas Limited,EQ,INE002S01010,MGL.NS,Oil Gas & Consumable Fuels,,Small
MHLXMIRU,Mahalaxmi Rubtech Limited,BE,INE112D01035,MHLXMIRU.NS,Textiles,Textile Manufacturing,Micro
MHRIL,Mahindra Holidays & Resorts India Limited,EQ,INE998I01010,MHRIL.NS,Consumer Services,Resorts & Casinos,Micro
MICEL,MIC Electronics Limited,BE,INE287C01037,MICEL.NS,Information Technology,Electronic Components,Micro
MIDHANI,Mishra Dhatu Nigam Limited,EQ,INE099Z01011,MIDHANI.NS,Capital Goods,,Micro
MIDWESTLTD,Midwest Limited,EQ,INE0XAD01024,MIDWESTLTD.NS,Construction Materials,Building Materials,Micro
MIIL,Meghna Infracon Infrastructure Limited,EQ,INE898Q01015,MIIL.NS,Realty,Real Estate - Development,Micro
MILKYMIST,Milky Mist Dairy Food Limited,BE,INE00IT01020,MILKYMIST.NS,Fast Moving Consumer Goods,Packaged Foods,Micro
MINALIND,Minal Industries Limited,BE,INE097E01028,MINALIND.NS,Consumer Durables,Luxury Goods,Micro
MINDACORP,Minda Corporation Limited,EQ,INE842C01021,MINDACORP.NS,Automobile and Auto Components,,Small
MINDTECK,Mindteck (India) Limited,EQ,INE110B01017,MINDTECK.NS,Information Technology,Information Technology Services,Micro
MIRZAINT,Mirza International Limited,EQ,INE771A01026,MIRZAINT.NS,Textiles,Footwear & Accessories,Micro
MITCON,MITCON Consultancy & Engineering Services Limited,EQ,INE828O01033,MITCON.NS,Construction,Engineering & Construction,Micro
MITTAL,Mittal Life Style Limited,EQ,INE997Y01027,MITTAL.NS,Textiles,Textile Manufacturing,Micro
MKEXIM,M.K. Exim (India) Limited,EQ,INE227F01010,MKEXIM.NS,Fast Moving Consumer Goods,Household & Personal Products,Micro
MKPL,M K Proteins Limited,EQ,INE964W01021,MKPL.NS,Fast Moving Consumer Goods,Packaged Foods,Micro
MLKFOOD,Milkfood Limited,EQ,INE588G01021,MLKFOOD.NS,Fast Moving Consumer Goods,Packaged Foods,Micro
MMFL,MM Forgings Limited,EQ,INE227C01017,MMFL.NS,Metals & Mining,Metal Fabrication,Micro
MMP,MMP Industries Limited,EQ,INE511Y01018,MMP.NS,Unclassified,,Micro
MMTC,MMTC Limited,EQ,INE123F01029,MMTC.NS,Services,,Small
MMWL,Media Matrix Worldwide Limited,EQ,INE200D01020,MMWL.NS,Media Entertainment & Publication,Entertainment,Micro
MOBIKWIK,One Mobikwik Systems Limited,EQ,INE0HLU01028,MOBIKWIK.NS,Information Technology,Software - Infrastructure,Micro
MODINATUR,Modi Naturals Limited,EQ,INE537F01012,MODINATUR.NS,Fast Moving Consumer Goods,Packaged Foods,Micro
MODIRUBBER,Modi Rubber Limited,EQ,INE832A01018,MODIRUBBER.NS,Realty,Real Estate Services,Micro
MODIS,Modis Navnirman Limited,EQ,INE0L0L01012,MODIS.NS,Realty,Real Estate - Development,Micro
MODISONLTD,MODISON LIMITED,BE,INE737D01021,MODISONLTD.NS,Capital Goods,Electrical Equipment & Parts,Micro
MODTHREAD,Modern Threads (India) Limited,EQ,INE794W01014,MODTHREAD.NS,Textiles,Textile Manufacturing,Micro
MOHITE,Mohite Industries Limited,EQ,INE154B01023,MOHITE.NS,Textiles,Textile Manufacturing,Micro
MOHITIND,Mohit Industries Limited,EQ,INE954E01012,MOHITIND.NS,Textiles,Textile Manufacturing,Micro
MOIL,MOIL Limited,EQ,INE490G01020,MOIL.NS,Metals & Mining,,Micro
MOKSH,Moksh Ornaments Limited,EQ,INE514Y01020,MOKSH.NS,Consumer Durables,Luxury Goods,Micro
MOL,Meghmani Organics Limited,EQ,INE0CT101020,MOL.NS,Chemicals,Agricultural Inputs,Micro
MOLBIO,Molbio Diagnostics Limited,EQ,INE869T01028,MOLBIO.NS,Healthcare,Medical Devices,Micro
MOLDTECH,Mold-Tek Technologies Limited,BE,INE835B01035,MOLDTECH.NS,Construction,Engineering & Construction,Micro
MOLDTKPAC,Mold-Tek Packaging Limited,EQ,INE893J01029,MOLDTKPAC.NS,Consumer Services,Packaging & Containers,Micro
MOMSBELIEF,Rays of Belief Limited,EQ,INE1FCO01014,MOMSBELIEF.NS,Healthcare,Medical Care Facilities,Micro
MONARCH,Monarch Networth Capital Limited,EQ,INE903D01011,MONARCH.NS,Financial Services,Capital Markets,Micro
MONEYBOXX,Moneyboxx Finance Limited,BE,INE296Q01012,MONEYBOXX.NS,Financial Services,Credit Services,Micro
MONEYVIEW,Moneyview Limited,EQ,INE0PTN01011,MONEYVIEW.NS,Information Technology,Software - Application,Micro
MONTECARLO,Monte Carlo Fashions Limited,EQ,INE950M01013,MONTECARLO.NS,Textiles,Apparel Manufacturing,Micro
MOREPENLAB,Morepen Laboratories Limited,EQ,INE083A01026,MOREPENLAB.NS,Healthcare,Drug Manufacturers - Specialty & Generic,Micro
MOSCHIP,Moschip Technologies Limited,EQ,INE935B01025,MOSCHIP.NS,Information Technology,Semiconductor Equipment & Materials,Micro
MOTHERSON,Samvardhana Motherson International Limited,EQ,INE775A01035,MOTHERSON.NS,Automobile and Auto Components,,Large
MOTILALOFS,Motilal Oswal Financial Services Limited,EQ,INE338I01027,MOTILALOFS.NS,Financial Services,,Mid
MOTISONS,Motisons Jewellers Limited,EQ,INE0FRK01020,MOTISONS.NS,Consumer Durables,Luxury Goods,Micro
MOTOGENFIN,The Motor & General Finance Limited,EQ,INE861B01023,MOTOGENFIN.NS,Realty,Real Estate Services,Micro
MPDL,MPDL Limited,BE,INE493H01014,MPDL.NS,Realty,Real Estate - Development,Micro
MPHASIS,MphasiS Limited,EQ,INE356A01018,MPHASIS.NS,Information Technology,,Mid
MPIMANIPAL,Manipal Payment and Identity Solutions Limited,EQ,INE241U01028,MPIMANIPAL.NS,Information Technology,Software - Infrastructure,Micro
MPSLTD,MPS Limited,EQ,INE943D01017,MPSLTD.NS,Media Entertainment & Publication,Publishing,Micro
MRF,MRF Limited,EQ,INE883A01011,MRF.NS,Automobile and Auto Components,,Mid
MRPL,Mangalore Refinery and Petrochemicals Limited,EQ,INE103A01014,MRPL.NS,Oil Gas & Consumable Fuels,,Small
MSL,Mangalam Seeds Limited,EQ,INE829S01016,MSL.NS,Chemicals,Agricultural Inputs,Micro
MSPL,MSP Steel & Power Limited,EQ,INE752G01015,MSPL.NS,Metals & Mining,Steel,Micro
MSTCLTD,Mstc Limited,EQ,INE255X01014,MSTCLTD.NS,Services,,Micro
MSUMI,Motherson Sumi Wiring India Limited,EQ,INE0FS801015,MSUMI.NS,Automobile and Auto Components,,Small
MTARTECH,Mtar Technologies Limited,BE,INE864I01014,MTARTECH.NS,Capital Goods,,Small
MTEDUCARE,MT Educare Limited,BE,INE472M01018,MTEDUCARE.NS,Services,Education & Training Services,Micro
MTNL,Mahanagar Telephone Nigam Limited,EQ,INE153A01019,MTNL.NS,Telecommunication,Telecom Services,Micro
MUFIN,Mufin Green Finance Limited,EQ,INE08KJ01020,MUFIN.NS,Financial Services,Credit Services,Micro
MUFTI,Credo Brands Marketing Limited,EQ,INE220Q01020,MUFTI.NS,Textiles,Apparel Retail,Micro
MUKANDLTD,Mukand Limited,EQ,INE304A01026,MUKANDLTD.NS,Unclassified,,Micro
MUKESHB,Mukesh Babu Financial Services Limited,EQ,INE596B01017,MUKESHB.NS,Financial Services,Capital Markets,Micro
MUKKA,Mukka Proteins Limited,BE,INE0CG401037,MUKKA.NS,Fast Moving Consumer Goods,Packaged Foods,Micro
MUKTAARTS,Mukta Arts Limited,EQ,INE374B01019,MUKTAARTS.NS,Media Entertainment & Publication,Entertainment,Micro
MUNJALAU,Munjal Auto Industries Limited,EQ,INE672B01032,MUNJALAU.NS,Automobile and Auto Components,Auto Parts,Micro
MUNJALSHOW,Munjal Showa Limited,EQ,INE577A01027,MUNJALSHOW.NS,Automobile and Auto Components,Auto Parts,Micro
MURUDCERA,Murudeshwar Ceramics Limited,EQ,INE692B01014,MURUDCERA.NS,Capital Goods,Building Products & Equipment,Micro
MUTHOOTCAP,Muthoot Capital Services Limited,EQ,INE296G01013,MUTHOOTCAP.NS,Financial Services,Credit Services,Micro
MUTHOOTFIN,Muthoot Finance Limited,EQ,INE414G01012,MUTHOOTFIN.NS,Financial Services,,Large
MUTHOOTMF,Muthoot Microfin Limited,EQ,INE046W01019,MUTHOOTMF.NS,Financial Services,Credit Services,Micro
MVELECTRO,MV Electrosystems Limited,EQ,INE0OWZ01020,MVELECTRO.NS,Capital Goods,Electrical Equipment & Parts,Micro
MVGJL,Manoj Vaibhav Gems N Jewellers Limited,EQ,INE0KNT01012,MVGJL.NS,Consumer Durables,Luxury Goods,Micro
MWL,Mangalam Worldwide Limited,EQ,INE0JYY01029,MWL.NS,Metals & Mining,Steel,Micro
MYSORPETRO,Mysore Petro Chemicals Limited,BE,INE741A01011,MYSORPETRO.NS,Chemicals,Chemicals,Micro
NACLIND,NACL Industries Limited,EQ,INE295D01020,NACLIND.NS,Chemicals,Agricultural Inputs,Micro
NAGREEKCAP,Nagreeka Capital & Infrastructure Limited,EQ,INE245I01016,NAGREEKCAP.NS,Financial Services,Asset Management,Micro
NAGREEKEXP,Nagreeka Exports Limited,EQ,INE123B01028,NAGREEKEXP.NS,Textiles,Textile Manufacturing,Micro
NAHARCAP,Nahar Capital and Financial Services Limited,EQ,INE049I01012,NAHARCAP.NS,Financial Services,Capital Markets,Micro
NAHARINDUS,Nahar Industrial Enterprises Limited,EQ,INE289A01011,NAHARINDUS.NS,Textiles,Textile Manufacturing,Micro
NAHARPOLY,Nahar Poly Films Limited,EQ,INE308A01027,NAHARPOLY.NS,Consumer Services,Packaging & Containers,Micro
NAHARSPING,Nahar Spinning Mills Limited,EQ,INE290A01027,NAHARSPING.NS,Textiles,Textile Manufacturing,Micro
NAM-INDIA,Nippon Life India Asset Management Limited,EQ,INE298J01013,NAM-INDIA.NS,Financial Services,,Mid
NARMADA,Narmada Agrobase Limited,EQ,INE117Z01029,NARMADA.NS,Chemicals,Agricultural Inputs,Micro
NATCAPSUQ,Natural Capsules Limited,BE,INE936B01015,NATCAPSUQ.NS,Healthcare,Drug Manufacturers - Specialty & Generic,Micro
NATCOPHARM,Natco Pharma Limited,EQ,INE987B01026,NATCOPHARM.NS,Healthcare,,Small
NATHBIOGEN,Nath Bio-Genes (India) Limited,EQ,INE448G01010,NATHBIOGEN.NS,Chemicals,Agricultural Inputs,Micro
NATIONALUM,National Aluminium Company Limited,EQ,INE139A01034,NATIONALUM.NS,Metals & Mining,,Mid
NATIONSTD,National Standard (India) Limited,EQ,INE166R01015,NATIONSTD.NS,Realty,Real Estate - Development,Micro
NAUKRI,Info Edge (India) Limited,EQ,INE663F01032,NAUKRI.NS,Consumer Services,,Mid
NAVA,NAVA LIMITED,EQ,INE725A01030,NAVA.NS,Power,,Small
NAVINFLUOR,Navin Fluorine International Limited,EQ,INE048G01026,NAVINFLUOR.NS,Chemicals,,Small
NAVKARCORP,Navkar Corporation Limited,EQ,INE278M01019,NAVKARCORP.NS,Services,Integrated Freight & Logistics,Micro
NAVKARURB,Navkar Urbanstructure Limited,EQ,INE268H01044,NAVKARURB.NS,Construction Materials,Building Materials,Micro
NAVNETEDUL,Navneet Education Limited,EQ,INE060A01024,NAVNETEDUL.NS,Media Entertainment & Publication,Publishing,Micro
NAZARA,Nazara Technologies Limited,EQ,INE418L01047,NAZARA.NS,Media Entertainment & Publication,,Micro
NBCC,NBCC (India) Limited,EQ,INE095N01031,NBCC.NS,Construction,,Small
NBIFIN,N. B. I. Industrial Finance Company Limited,EQ,INE365I01020,NBIFIN.NS,Financial Services,Capital Markets,Micro
NCC,NCC Limited,EQ,INE868B01028,NCC.NS,Construction,,Small
NCLIND,NCL Industries Limited,EQ,INE732C01016,NCLIND.NS,Construction Materials,Building Materials,Micro
NDGL,Naga Dhunseri Group Limited,EQ,INE756C01015,NDGL.NS,Financial Services,Capital Markets,Micro
NDL,Nandan Denim Limited,EQ,INE875G01048,NDL.NS,Textiles,Textile Manufacturing,Micro
NDLVENTURE,NDL Ventures Limited,EQ,INE353A01023,NDLVENTURE.NS,Media Entertainment & Publication,Entertainment,Micro
NDRAUTO,Ndr Auto Components Limited,EQ,INE07OG01012,NDRAUTO.NS,Automobile and Auto Components,Auto Parts,Micro
NDTV,New Delhi Television Limited,EQ,INE155G01029,NDTV.NS,Media Entertainment & Publication,Broadcasting,Micro
NEAGI,Neelamalai Agro Industries Limited,EQ,INE605D01012,NEAGI.NS,Fast Moving Consumer Goods,Farm Products,Micro
NECCLTD,North Eastern Carrying Corporation Limited,EQ,INE553C01016,NECCLTD.NS,Services,Trucking,Micro
NECLIFE,Nectar Lifesciences Limited,EQ,INE023H01027,NECLIFE.NS,Healthcare,Drug Manufacturers - Specialty & Generic,Micro
NELCAST,Nelcast Limited,EQ,INE189I01024,NELCAST.NS,Metals & Mining,Metal Fabrication,Micro
NELCO,NELCO Limited,EQ,INE045B01015,NELCO.NS,Information Technology,Communication Equipment,Micro
NEOGEN,Neogen Chemicals Limited,EQ,INE136S01016,NEOGEN.NS,Chemicals,,Micro
NEPHROPLUS,Nephrocare Health Services Limited,EQ,INE428V01029,NEPHROPLUS.NS,Healthcare,,Micro
NESCO,Nesco Limited,EQ,INE317F01035,NESCO.NS,Diversified,Conglomerates,Micro
NESTLEIND,Nestle India Limited,EQ,INE239A01024,NESTLEIND.NS,Fast Moving Consumer Goods,,Large
NETWEB,Netweb Technologies India Limited,EQ,INE0NT901020,NETWEB.NS,Information Technology,,Small
NETWORK18,Network18 Media & Investments Limited,EQ,INE870H01013,NETWORK18.NS,Media Entertainment & Publication,,Micro
NEUEON,Neueon Corporation Limited,BE,INE333I01044,NEUEON.NS,Metals & Mining,Steel,Micro
NEULANDLAB,Neuland Laboratories Limited,EQ,INE794A01010,NEULANDLAB.NS,Healthcare,,Small
NEWGEN,Newgen Software Technologies Limited,EQ,INE619B01017,NEWGEN.NS,Information Technology,,Micro
NEXTMEDIA,Next Mediaworks Limited,EQ,INE747B01016,NEXTMEDIA.NS,Media Entertainment & Publication,Broadcasting,Micro
NFL,National Fertilizers Limited,EQ,INE870D01012,NFL.NS,Chemicals,,Micro
NGIL,Nakoda Group of Industries Limited,EQ,INE236Y01012,NGIL.NS,Fast Moving Consumer Goods,Packaged Foods,Micro
NGLFINE,NGL Fine-Chem Limited,EQ,INE887E01022,NGLFINE.NS,Healthcare,Drug Manufacturers - General,Micro
NH,Narayana Hrudayalaya Ltd.,EQ,INE410P01011,NH.NS,Healthcare,,Mid
NHPC,NHPC Limited,EQ,INE848E01016,NHPC.NS,Power,,Mid
NIACL,The New India Assurance Company Limited,EQ,INE470Y01017,NIACL.NS,Financial Services,,Small
NIBE,NIBE Limited,EQ,INE149O01018,NIBE.NS,Capital Goods,Aerospace & Defense,Micro
NIBL,NRB Industrial Bearings Limited,EQ,INE047O01014,NIBL.NS,Capital Goods,Tools & Accessories,Micro
NICCOPAR,Nicco Parks & Resorts Limited,EQ,INE653C01022,NICCOPAR.NS,Consumer Services,Leisure,Micro
NIITLTD,NIIT Limited,EQ,INE161A01038,NIITLTD.NS,Services,Education & Training Services,Micro
NIITMTS,NIIT Learning Systems Limited,EQ,INE342G01023,NIITMTS.NS,Services,Education & Training Services,Micro
NILAINFRA,Nila Infrastructures Limited,EQ,INE937C01029,NILAINFRA.NS,Realty,Real Estate - Development,Micro
NILASPACES,Nila Spaces Limited,EQ,INE00S901012,NILASPACES.NS,Realty,Real Estate - Development,Micro
NILE,Nile Limited,EQ,INE445D01013,NILE.NS,Metals & Mining,Other Industrial Metals & Mining,Micro
NILKAMAL,Nilkamal Limited,EQ,INE310A01015,NILKAMAL.NS,Consumer Durables,"Furnishings, Fixtures & Appliances",Micro
NIMBSPROJ,Nimbus Projects Limited,EQ,INE875B01015,NIMBSPROJ.NS,Realty,Real Estate - Development,Micro
NINSYS,NINtec Systems Limited,EQ,INE395U01014,NINSYS.NS,Information Technology,Information Technology Services,Micro
NIPPOBATRY,Indo-National Limited,EQ,INE567A01028,NIPPOBATRY.NS,Capital Goods,Electrical Equipment & Parts,Micro
NIRAJ,Niraj Cement Structurals Limited,EQ,INE368I01016,NIRAJ.NS,Construction,Engineering & Construction,Micro
NIRAJISPAT,Niraj Ispat Industries Limited,BE,INE326T01011,NIRAJISPAT.NS,Textiles,Apparel Manufacturing,Micro
NIRLON,Nirlon Limited,EQ,INE910A01012,NIRLON.NS,Realty,Real Estate Services,Micro
NITCO,Nitco Limited,EQ,INE858F01012,NITCO.NS,Capital Goods,Building Products & Equipment,Micro
NITINSPIN,Nitin Spinners Limited,EQ,INE229H01012,NITINSPIN.NS,Textiles,Textile Manufacturing,Micro
NITIRAJ,Nitiraj Engineers Limited,EQ,INE439T01012,NITIRAJ.NS,Information Technology,Scientific & Technical Instruments,Micro
NITTAGELA,Nitta Gelatin India Limited,EQ,INE265B01019,NITTAGELA.NS,Chemicals,Specialty Chemicals,Micro
NIVABUPA,Niva Bupa Health Insurance Company Limited,EQ,INE995S01015,NIVABUPA.NS,Financial Services,,Micro
NKIND,NK Industries Limited,EQ,INE542C01019,NKIND.NS,Fast Moving Consumer Goods,Household & Personal Products,Micro
NLCINDIA,NLC India Limited,EQ,INE589A01014,NLCINDIA.NS,Power,,Mid
NMDC,NMDC Limited,EQ,INE584A01023,NMDC.NS,Metals & Mining,,Mid
NOCIL,NOCIL Limited,EQ,INE163A01018,NOCIL.NS,Chemicals,Specialty Chemicals,Micro
NOIDATOLL,Noida Toll Bridge Company Limited,EQ,INE781B01015,NOIDATOLL.NS,Construction,Infrastructure Operations,Micro
NORBTEAEXP,Norben Tea & Exports Limited,EQ,INE369C01017,NORBTEAEXP.NS,Fast Moving Consumer Goods,Farm Products,Micro
NORTHARC,Northern Arc Capital Limited,EQ,INE850M01015,NORTHARC.NS,Financial Services,,Micro
NOVAAGRI,Nova Agritech Limited,EQ,INE02H701025,NOVAAGRI.NS,Chemicals,Agricultural Inputs,Micro
NOVARTIND,Novartis India Limited,EQ,INE234A01025,NOVARTIND.NS,Healthcare,Drug Manufacturers - Specialty & Generic,Micro
NPST,Network People Services Technologies Limited,EQ,INE0FFK01017,NPST.NS,Information Technology,Software - Application,Micro
NRAIL,N R Agarwal Industries Limited,EQ,INE740D01017,NRAIL.NS,Forest Materials,Paper & Paper Products,Micro
NRBBEARING,NRB Bearing Limited,EQ,INE349A01021,NRBBEARING.NS,Automobile and Auto Components,Auto Parts,Micro
NRL,Nupur Recyclers Limited,BE,INE0JM501013,NRL.NS,Capital Goods,Waste Management,Micro
NSIL,Nalwa Sons Investments Limited,EQ,INE023A01030,NSIL.NS,Financial Services,Asset Management,Micro
NSLNISP,NMDC Steel Limited,EQ,INE0NNS01018,NSLNISP.NS,Metals & Mining,,Small
NTCIND,NTC Industries Limited,EQ,INE920C01017,NTCIND.NS,Fast Moving Consumer Goods,Tobacco,Micro
NTPC,NTPC Limited,EQ,INE733E01010,NTPC.NS,Power,,Large
NTPCGREEN,NTPC Green Energy Limited,EQ,INE0ONG01011,NTPCGREEN.NS,Power,,Mid
NUCLEUS,Nucleus Software Exports Limited,EQ,INE096B01018,NUCLEUS.NS,Information Technology,Software - Application,Micro
NURECA,Nureca Limited,BE,INE0DSF01015,NURECA.NS,Healthcare,Medical Devices,Micro
NUVAMA,Nuvama Wealth Management Limited,EQ,INE531F01023,NUVAMA.NS,Financial Services,,Small
NUVOCO,Nuvoco Vistas Corporation Limited,EQ,INE118D01016,NUVOCO.NS,Construction Materials,,Small
NYKAA,FSN E-Commerce Ventures Limited,EQ,INE388Y01029,NYKAA.NS,Consumer Services,,Mid
OAL,Oriental Aromatics Limited,EQ,INE959C01023,OAL.NS,Chemicals,Specialty Chemicals,Micro
OBCL,OBCL Limited,EQ,INE426Z01016,OBCL.NS,Services,Trucking,Micro
OBEROIRLTY,Oberoi Realty Limited,EQ,INE093I01010,OBEROIRLTY.NS,Realty,,Mid
OCCLLTD,OCCL Limited,BE,INE0PK601023,OCCLLTD.NS,Chemicals,Chemicals,Micro
ODIGMA,Odigma Consultancy Solutions Limited,EQ,INE054301028,ODIGMA.NS,Media Entertainment & Publication,Advertising Agencies,Micro
ODYCORP,Odyssey Corporation Limited,EQ,INE839E01023,ODYCORP.NS,Financial Services,Capital Markets,Micro
OFSS,Oracle Financial Services Software Limited,EQ,INE881D01027,OFSS.NS,Information Technology,,Mid
OIL,Oil India Limited,EQ,INE274J01014,OIL.NS,Oil Gas & Consumable Fuels,,Mid
OILCOUNTUB,Oil Country Tubular Limited,BE,INE591A01010,OILCOUNTUB.NS,Unclassified,,Micro
OLAELEC,Ola Electric Mobility Limited,EQ,INE0LXG01040,OLAELEC.NS,Automobile and Auto Components,,Small
OLECTRA,Olectra Greentech Limited,EQ,INE260D01016,OLECTRA.NS,Automobile and Auto Components,,Small
OMAXAUTO,Omax Autos Limited,EQ,INE090B01011,OMAXAUTO.NS,Automobile and Auto Components,Auto Parts,Micro
OMAXE,Omaxe Limited,EQ,INE800H01010,OMAXE.NS,Realty,Real Estate - Development,Micro
OMFREIGHT,Om Freight Forwarders Limited,EQ,INE1BZC01019,OMFREIGHT.NS,Services,Integrated Freight & Logistics,Micro
OMINFRAL,OM INFRA LIMITED,EQ,INE239D01028,OMINFRAL.NS,Unclassified,,Micro
OMNI,Omnitech Engineering Limited,EQ,INE0UH301010,OMNI.NS,Capital Goods,,Micro
OMPOWER,Om Power Transmission Limited,EQ,INE25E901019,OMPOWER.NS,Construction,Engineering & Construction,Micro
ONEGLOBAL,One Global Service Provider Limited,EQ,INE670O01013,ONEGLOBAL.NS,Healthcare,Pharmaceutical Retailers,Micro
ONELIFECAP,Onelife Capital Advisors Limited,BE,INE912L01015,ONELIFECAP.NS,Financial Services,Capital Markets,Micro
ONEPOINT,One Point One Solutions Limited,EQ,INE840Y01029,ONEPOINT.NS,Services,Specialty Business Services,Micro
ONESOURCE,Onesource Specialty Pharma Limited,EQ,INE013P01021,ONESOURCE.NS,Healthcare,,Small
ONGC,Oil & Natural Gas Corporation Limited,EQ,INE213A01029,ONGC.NS,Oil Gas & Consumable Fuels,,Large
ONIDA,Onida Electronics Limited,EQ,INE831A01028,ONIDA.NS,Consumer Durables,"Furnishings, Fixtures & Appliances",Micro
ONIXSOLAR,Onix Solar Energy Limited,EQ,INE173M01012,ONIXSOLAR.NS,Power,Solar,Micro
ONMOBILE,OnMobile Global Limited,BE,INE809I01019,ONMOBILE.NS,Unclassified,,Micro
ONWARDTEC,Onward Technologies Limited,EQ,INE229A01017,ONWARDTEC.NS,Unclassified,,Micro
OPTIEMUS,Optiemus Infracom Limited,EQ,INE350C01017,OPTIEMUS.NS,Information Technology,Electronics & Computer Distribution,Micro
OPTIFIN,Optimus Finance Limited,EQ,INE031G01022,OPTIFIN.NS,Unclassified,,Micro
ORBTEXP,Orbit Exports Limited,EQ,INE231G01010,ORBTEXP.NS,Unclassified,,Micro
ORCHASP,Orchasp Limited,EQ,INE215B01022,ORCHASP.NS,Unclassified,,Micro
ORCHPHARMA,Orchid Pharma Limited,EQ,INE191A01027,ORCHPHARMA.NS,Unclassified,,Micro
ORICONENT,Oricon Enterprises Limited,EQ,INE730A01022,ORICONENT.NS,Unclassified,,Micro
ORIENTALTL,Oriental Trimex Limited,EQ,INE998H01012,ORIENTALTL.NS,Unclassified,,Micro
ORIENTBELL,Orient Bell Limited,EQ,INE607D01018,ORIENTBELL.NS,Unclassified,,Micro
ORIENTCABL,Orient Cables (India) Limited,EQ,INE0J1N01028,ORIENTCABL.NS,Unclassified,,Micro
ORIENTCEM,Orient Cement Limited,EQ,INE876N01018,ORIENTCEM.NS,Unclassified,,Micro
ORIENTCER,ORIENT CERATECH LIMITED,EQ,INE569C01020,ORIENTCER.NS,Unclassified,,Micro
ORIENTELEC,Orient Electric Limited,EQ,INE142Z01019,ORIENTELEC.NS,Unclassified,,Micro
ORIENTHOT,Oriental Hotels Limited,EQ,INE750A01020,ORIENTHOT.NS,Unclassified,,Micro
ORIENTLTD,Orient Press Limited,BE,INE609C01024,ORIENTLTD.NS,Unclassified,,Micro
ORIENTPPR,Orient Paper & Industries Limited,EQ,INE592A01026,ORIENTPPR.NS,Unclassified,,Micro
ORIENTTECH,Orient Technologies Limited,EQ,INE0PPK01015,ORIENTTECH.NS,Unclassified,,Micro
ORIRAIL,Oriental Rail Infrastructure Limited,EQ,INE457G01029,ORIRAIL.NS,Unclassified,,Micro
ORISSAMINE,The Orissa Minerals Development Company Limited,EQ,INE725E01024,ORISSAMINE.NS,Unclassified,,Micro
ORKLAINDIA,Orkla India Limited,EQ,INE16NZ01023,ORKLAINDIA.NS,Unclassified,,Micro
ORTINGLOBE,ORTIN GLOBAL LIMITED,EQ,INE749B01020,ORTINGLOBE.NS,Unclassified,,Micro
OSWALAGRO,Oswal Agro Mills Limited,EQ,INE142A01012,OSWALAGRO.NS,Realty,Real Estate - Development,Micro
OSWALGREEN,Oswal Greentech Limited,EQ,INE143A01010,OSWALGREEN.NS,Unclassified,,Micro
OSWALPUMPS,Oswal Pumps Limited,EQ,INE0BYP01024,OSWALPUMPS.NS,Capital Goods,,Micro
OSWALSEEDS,ShreeOswal Seeds And Chemicals Limited,EQ,INE00IK01029,OSWALSEEDS.NS,Unclassified,,Micro
PACEDIGITK,Pace Digitek Limited,EQ,INE0S3G01027,PACEDIGITK.NS,Unclassified,,Micro
PACIFICI,Pacific Industries Limited,EQ,INE883C01025,PACIFICI.NS,Unclassified,,Micro
PAGEIND,Page Industries Limited,EQ,INE761H01022,PAGEIND.NS,Textiles,,Mid
PAISALO,Paisalo Digital Limited,EQ,INE420C01059,PAISALO.NS,Financial Services,,Micro
PAKKA,PAKKA LIMITED,EQ,INE551D01018,PAKKA.NS,Forest Materials,Paper & Paper Products,Micro
PALASHSECU,Palash Securities Limited,EQ,INE471W01019,PALASHSECU.NS,Unclassified,,Micro
PALREDTEC,Palred Technologies Limited,EQ,INE218G01033,PALREDTEC.NS,Unclassified,,Micro
PANACEABIO,Panacea Biotec Limited,EQ,INE922B01023,PANACEABIO.NS,Unclassified,,Micro
PANACHE,Panache Digilife Limited,BE,INE895W01019,PANACHE.NS,Information Technology,Communication Equipment,Micro
PANAMAPET,Panama Petrochem Limited,EQ,INE305C01029,PANAMAPET.NS,Unclassified,,Micro
PANCHMAHQ,Panchmahal Steel Limited,EQ,INE798F01010,PANCHMAHQ.NS,Unclassified,,Micro
PANORAMA,Panorama Studios International Limited,EQ,INE258R01028,PANORAMA.NS,Unclassified,,Micro
PANSARI,Pansari Developers Limited,EQ,INE697V01011,PANSARI.NS,Unclassified,,Micro
PAR,Par Drugs And Chemicals Limited,BE,INE04LG01015,PAR.NS,Unclassified,,Micro
PARACABLES,Paramount Communications Limited,EQ,INE074B01023,PARACABLES.NS,Unclassified,,Micro
PARADEEP,Paradeep Phosphates Limited,EQ,INE088F01024,PARADEEP.NS,Chemicals,,Small
PARAGMILK,Parag Milk Foods Limited,EQ,INE883N01014,PARAGMILK.NS,Unclassified,,Micro
PARAS,Paras Defence and Space Technologies Limited,EQ,INE045601023,PARAS.NS,Capital Goods,,Micro
PARASPETRO,Paras Petrofils Limited,EQ,INE162C01024,PARASPETRO.NS,Unclassified,,Micro
PARIN,Parin Enterprises Limited,EQ,INE00U801010,PARIN.NS,Unclassified,,Micro
PARKHOSPS,Park Medi World Limited,EQ,INE119201023,PARKHOSPS.NS,Healthcare,,Micro
PARKHOTELS,Apeejay Surrendra Park Hotels Limited,EQ,INE988S01028,PARKHOTELS.NS,Unclassified,,Micro
PARNAXLAB,Parnax Lab Limited,EQ,INE383L01019,PARNAXLAB.NS,Unclassified,,Micro
PARSVNATH,Parsvnath Developers Limited,BE,INE561H01026,PARSVNATH.NS,Unclassified,,Micro
PASHUPATI,Pashupati Cotspin Limited,EQ,INE124Y01028,PASHUPATI.NS,Unclassified,,Micro
PASUPTAC,Pasupati Acrylon Limited,EQ,INE818B01023,PASUPTAC.NS,Unclassified,,Micro
PATANJALI,Patanjali Foods Limited,EQ,INE619A01035,PATANJALI.NS,Fast Moving Consumer Goods,,Mid
PATELENG,Patel Engineering Limited,EQ,INE244B01030,PATELENG.NS,Unclassified,,Micro
PATELRMART,Patel Retail Limited,EQ,INE0R8B01010,PATELRMART.NS,Unclassified,,Micro
PATINTLOG,Patel Integrated Logistics Limited,EQ,INE529D01014,PATINTLOG.NS,Unclassified,,Micro
PAUSHAKLTD,Paushak Limited,EQ,INE111F01024,PAUSHAKLTD.NS,Unclassified,,Micro
PAVNAIND,Pavna Industries Limited,EQ,INE07S101038,PAVNAIND.NS,Unclassified,,Micro
PAYTM,One 97 Communications Limited,EQ,INE982J01020,PAYTM.NS,Financial Services,,Mid
PBMPOLY,PBM Polytex Limited,EQ,INE501F01018,PBMPOLY.NS,Unclassified,,Micro
PCBL,PCBL Chemical Limited,EQ,INE602A01031,PCBL.NS,Chemicals,,Small
PCJEWELLER,PC Jeweller Limited,EQ,INE785M01021,PCJEWELLER.NS,Consumer Durables,,Micro
PDMJEPAPER,Pudumjee Paper Products Limited,EQ,INE865T01018,PDMJEPAPER.NS,Unclassified,,Micro
PDSL,PDS Limited,EQ,INE111Q01021,PDSL.NS,Textiles,,Micro
PEARLPOLY,Pearl Polymers Limited,EQ,INE844A01013,PEARLPOLY.NS,Unclassified,,Micro
PENIND,Pennar Industries Limited,EQ,INE932A01024,PENIND.NS,Unclassified,,Micro
PENINLAND,Peninsula Land Limited,EQ,INE138A01028,PENINLAND.NS,Realty,Real Estate - Development,Micro
PERMAGN,Permanent Magnets Limited,EQ,INE418E01018,PERMAGN.NS,Unclassified,,Micro
PERNIASPOP,Purple Style Labs Limited,EQ,INE0I1B01016,PERNIASPOP.NS,Unclassified,,Micro
PERSISTENT,Persistent Systems Limited,EQ,INE262H01021,PERSISTENT.NS,Information Technology,,Mid
PETRONET,Petronet LNG Limited,EQ,INE347G01014,PETRONET.NS,Oil Gas & Consumable Fuels,,Mid
PFC,Power Finance Corporation Limited,EQ,INE134E01011,PFC.NS,Financial Services,,Large
PFIZER,Pfizer Limited,EQ,INE182A01018,PFIZER.NS,Healthcare,Drug Manufacturers - General,Micro
PFOCUS,Prime Focus Limited,EQ,INE367G01038,PFOCUS.NS,Media Entertainment & Publication,,Small
PFS,PTC India Financial Services Limited,EQ,INE560K01014,PFS.NS,Unclassified,,Micro
PGEL,PG Electroplast Limited,EQ,INE457L01029,PGEL.NS,Consumer Durables,,Small
PGHH,Procter & Gamble Hygiene and Health Care Limited,EQ,INE179A01014,PGHH.NS,Unclassified,,Micro
PGHL,Procter & Gamble Health Limited,EQ,INE199A01012,PGHL.NS,Healthcare,,Micro
PGIL,Pearl Global Industries Limited,EQ,INE940H01022,PGIL.NS,Textiles,,Micro
PHOENIXLTD,The Phoenix Mills Limited,EQ,INE211B01039,PHOENIXLTD.NS,Realty,,Mid
PHOENXINTL,Phoenix International Limited,EQ,INE245B01011,PHOENXINTL.NS,Unclassified,,Micro
PICCADIL,Piccadily Agro Industries Limited,EQ,INE546C01010,PICCADIL.NS,Fast Moving Consumer Goods,,Micro
PIDILITIND,Pidilite Industries Limited,EQ,INE318A01026,PIDILITIND.NS,Chemicals,,Large
PIGL,Power & Instrumentation (Gujarat) Limited,EQ,INE557Z01018,PIGL.NS,Unclassified,,Micro
PIIND,PI Industries Limited,EQ,INE603J01030,PIIND.NS,Chemicals,,Mid
PILANIINVS,Pilani Investment and Industries Corporation Limited,EQ,INE417C01014,PILANIINVS.NS,Unclassified,,Micro
PILITA,PIL ITALICA LIFESTYLE LIMITED,EQ,INE600A01035,PILITA.NS,Unclassified,,Micro
PINELABS,Pine Labs Limited,EQ,INE15B701018,PINELABS.NS,Financial Services,,Small
PIONEEREMB,Pioneer Embroideries Limited,EQ,INE156C01018,PIONEEREMB.NS,Unclassified,,Micro
PIONRINV,Pioneer Investcorp Limited,BE,INE746D01014,PIONRINV.NS,Unclassified,,Micro
PIRAMALFIN,Piramal Finance Limited,EQ,INE202B01038,PIRAMALFIN.NS,Financial Services,,Mid
PITTIENG,Pitti Engineering Limited,EQ,INE450D01021,PITTIENG.NS,Unclassified,,Micro
PIXTRANS,Pix Transmissions Limited,EQ,INE751B01018,PIXTRANS.NS,Unclassified,,Micro
PKTEA,The Peria Karamalai Tea & Produce Company Limited,BE,INE431F01018,PKTEA.NS,Unclassified,,Micro
PLASTIBLEN,Plastiblends India Limited,EQ,INE083C01022,PLASTIBLEN.NS,Unclassified,,Micro
PLATIND,Platinum Industries Limited,EQ,INE0PT501018,PLATIND.NS,Unclassified,,Micro
PLAZACABLE,Plaza Wires Limited,EQ,INE0INJ01017,PLAZACABLE.NS,Unclassified,,Micro
PML,Paul Merchants Limited,EQ,INE291E01019,PML.NS,Unclassified,,Micro
PNB,Punjab National Bank,EQ,INE160A01022,PNB.NS,Financial Services,,Large
PNBGILTS,PNB Gilts Limited,EQ,INE859A01011,PNBGILTS.NS,Unclassified,,Micro
PNBHOUSING,PNB Housing Finance Limited,EQ,INE572E01012,PNBHOUSING.NS,Financial Services,,Small
PNC,PNC Media and Entertainment Limited,EQ,INE392B01011,PNC.NS,Unclassified,,Micro
PNCINFRA,PNC Infratech Limited,EQ,INE195J01029,PNCINFRA.NS,Construction,,Micro
PNGJL,P N Gadgil Jewellers Limited,EQ,INE953R01016,PNGJL.NS,Consumer Durables,,Micro
PNGSREVA,PNGS Reva Diamond Jewellery Limited,EQ,INE1RDG01013,PNGSREVA.NS,Unclassified,,Micro
POCL,Pondy Oxides & Chemicals Limited,EQ,INE063E01061,POCL.NS,Unclassified,,Micro
PODDARMENT,Poddar Pigments Limited,EQ,INE371C01013,PODDARMENT.NS,Unclassified,,Micro
POEL,POCL Enterprises Limited,EQ,INE035S01028,POEL.NS,Unclassified,,Micro
POKARNA,Pokarna Limited,EQ,INE637C01025,POKARNA.NS,Capital Goods,Building Products & Equipment,Micro
POLICYBZR,PB Fintech Limited,EQ,INE417T01026,POLICYBZR.NS,Financial Services,,Mid
POLYCAB,Polycab India Limited,EQ,INE455K01017,POLYCAB.NS,Capital Goods,,Large
POLYMED,Poly Medicure Limited,EQ,INE205C01021,POLYMED.NS,Healthcare,,Small
POLYPLEX,Polyplex Corporation Limited,EQ,INE633B01018,POLYPLEX.NS,Unclassified,,Micro
POLYSPIN,Polyspin Exports Limited,EQ,INE914G01029,POLYSPIN.NS,Unclassified,,Micro
PONNIERODE,Ponni Sugars (Erode) Limited,EQ,INE838E01017,PONNIERODE.NS,Unclassified,,Micro
POONAWALLA,Poonawalla Fincorp Limited,EQ,INE511C01022,POONAWALLA.NS,Financial Services,,Small
POWERGRID,Power Grid Corporation of India Limited,EQ,INE752E01010,POWERGRID.NS,Power,,Large
POWERICA,Powerica Limited,EQ,INE921L01032,POWERICA.NS,Capital Goods,,Micro
POWERINDIA,Hitachi Energy India Limited,EQ,INE07Y701011,POWERINDIA.NS,Capital Goods,,Large
POWERMECH,Power Mech Projects Limited,EQ,INE211R01019,POWERMECH.NS,Construction,,Micro
PPAP,PPAP Automotive Limited,BE,INE095I01015,PPAP.NS,Unclassified,,Micro
PPL,Prakash Pipes Limited,EQ,INE050001010,PPL.NS,Unclassified,,Micro
PPLPHARMA,Piramal Pharma Limited,EQ,INE0DK501011,PPLPHARMA.NS,Healthcare,,Small
PRABHA,Prabha Energy Limited,EQ,INE0I0M01023,PRABHA.NS,Unclassified,,Micro
PRADPME,Pradeep Metals Limited,EQ,INE770A01010,PRADPME.NS,Unclassified,,Micro
PRAENG,Prajay Engineers Syndicate Limited,EQ,INE505C01016,PRAENG.NS,Unclassified,,Micro
PRAJIND,Praj Industries Limited,EQ,INE074A01025,PRAJIND.NS,Capital Goods,,Micro
PRAKASH,Prakash Industries Limited,EQ,INE603A01013,PRAKASH.NS,Unclassified,,Micro
PRAKASHSTL,Prakash Steelage Limited,EQ,INE696K01024,PRAKASHSTL.NS,Unclassified,,Micro
PRANAV,Pranav Constructions Limited,EQ,INE0H4201019,PRANAV.NS,Unclassified,,Micro
PRASOLCHEM,Prasol Chemicals Limited,EQ,INE455U01024,PRASOLCHEM.NS,Unclassified,,Micro
PRAVEG,Praveg Limited,EQ,INE722B01019,PRAVEG.NS,Unclassified,,Micro
PRAXIS,Praxis Home Retail Limited,EQ,INE546Y01022,PRAXIS.NS,Unclassified,,Micro
PRECAM,Precision Camshafts Limited,EQ,INE484I01029,PRECAM.NS,Unclassified,,Micro
PRECOT,Precot Limited,EQ,INE283A01014,PRECOT.NS,Unclassified,,Micro
PRECWIRE,Precision Wires India Limited,EQ,INE372C01037,PRECWIRE.NS,Capital Goods,,Micro
PREMCO,Premco Global Limited,EQ,INE001E01012,PREMCO.NS,Unclassified,,Micro
PREMEXPLN,Premier Explosives Limited,EQ,INE863B01029,PREMEXPLN.NS,Unclassified,,Micro
PREMIER,Premier Limited,BE,INE342A01018,PREMIER.NS,Unclassified,,Micro
PREMIERENE,Premier Energies Limited,EQ,INE0BS701011,PREMIERENE.NS,Capital Goods,,Mid
PREMIERPOL,Premier Polyfilm Limited,EQ,INE309M01020,PREMIERPOL.NS,Chemicals,Specialty Chemicals,Micro
PRESTIGE,Prestige Estates Projects Limited,EQ,INE811K01011,PRESTIGE.NS,Realty,,Mid
PRICOLLTD,Pricol Limited,EQ,INE726V01018,PRICOLLTD.NS,Automobile and Auto Components,,Micro
PRIMESECU,Prime Securities Limited,EQ,INE032B01021,PRIMESECU.NS,Unclassified,,Micro
PRIMO,Primo Chemicals Limited,EQ,INE607A01022,PRIMO.NS,Unclassified,,Micro
PRINCEPIPE,Prince Pipes And Fittings Limited,EQ,INE689W01016,PRINCEPIPE.NS,Unclassified,,Micro
PRIORITY,Priority Jewels Limited,EQ,INE15EH01014,PRIORITY.NS,Unclassified,,Micro
PRISMX,Prismx Global Ventures Limited,EQ,INE286N01028,PRISMX.NS,Unclassified,,Micro
PRITI,Priti International Limited,EQ,INE974Z01015,PRITI.NS,Unclassified,,Micro
PRITIKAUTO,Pritika Auto Industries Limited,EQ,INE583R01029,PRITIKAUTO.NS,Unclassified,,Micro
PRIVISCL,Privi Speciality Chemicals Limited,EQ,INE959A01019,PRIVISCL.NS,Chemicals,,Small
PROSTARM,Prostarm Info Systems Limited,EQ,INE0BX301013,PROSTARM.NS,Unclassified,,Micro
PROTEAN,Protean eGov Technologies Limited,EQ,INE004A01022,PROTEAN.NS,Unclassified,,Micro
PROZONER,Prozone Realty Limited,EQ,INE195N01013,PROZONER.NS,Unclassified,,Micro
PRSMJOHNSN,Prism Johnson Limited,EQ,INE010A01011,PRSMJOHNSN.NS,Construction Materials,Building Materials,Micro
PRUDENT,Prudent Corporate Advisory Services Limited,EQ,INE00F201020,PRUDENT.NS,Unclassified,,Micro
PRUDMOULI,Prudential Sugar Corporation Limited,EQ,INE024D01016,PRUDMOULI.NS,Unclassified,,Micro
PSB,Punjab & Sind Bank,EQ,INE608A01012,PSB.NS,Unclassified,,Micro
PSPPROJECT,PSP Projects Limited,EQ,INE488V01015,PSPPROJECT.NS,Unclassified,,Micro
PTC,PTC India Limited,EQ,INE877F01012,PTC.NS,Power,,Micro
PTCIL,PTC Industries Limited,EQ,INE596F01018,PTCIL.NS,Capital Goods,,Small
PTL,PTL Enterprises Limited,EQ,INE034D01049,PTL.NS,Unclassified,,Micro
PUNJABCHEM,Punjab Chemicals & Crop Protection Limited,EQ,INE277B01014,PUNJABCHEM.NS,Unclassified,,Micro
PURVA,Puravankara Limited,EQ,INE323I01011,PURVA.NS,Realty,,Micro
PVP,PVP Ventures Limited,EQ,INE362A01016,PVP.NS,Unclassified,,Micro
PVRINOX,PVR INOX Limited,EQ,INE191H01014,PVRINOX.NS,Media Entertainment & Publication,,Small
PVSL,Popular Vehicles and Services Limited,EQ,INE772T01024,PVSL.NS,Unclassified,,Micro
PWL,Physicswallah Limited,EQ,INE0LP301011,PWL.NS,Consumer Services,,Small
PYRAMID,Pyramid Technoplast Limited,EQ,INE0MIS01010,PYRAMID.NS,Unclassified,,Micro
QMSMEDI,QMS Medical Allied Services Limited,BE,INE0FMW01018,QMSMEDI.NS,Unclassified,,Micro
QPOWER,Quality Power Electrical Equipments Limited,EQ,INE0SII01026,QPOWER.NS,Capital Goods,,Micro
QUADFUTURE,Quadrant Future Tek Limited,EQ,INE0LRY01011,QUADFUTURE.NS,Unclassified,,Micro
QUESS,Quess Corp Limited,EQ,INE615P01015,QUESS.NS,Services,,Micro
QUICKHEAL,Quick Heal Technologies Limited,EQ,INE306L01010,QUICKHEAL.NS,Unclassified,,Micro
QUINT,Quint Digital Limited,BE,INE641R01017,QUINT.NS,Unclassified,,Micro
QUINTEGRA,Quintegra Solutions Limited,EQ,INE033B01011,QUINTEGRA.NS,Unclassified,,Micro
RACE,Race Eco Chain Limited,EQ,INE084Q01012,RACE.NS,Unclassified,,Micro
RACLGEAR,RACL Geartech Limited,EQ,INE704B01017,RACLGEAR.NS,Unclassified,,Micro
RADAAN,Radaan Mediaworks India Limited,EQ,INE874F01027,RADAAN.NS,Unclassified,,Micro
RADHIKAJWE,Radhika Jeweltech Limited,BE,INE583V01021,RADHIKAJWE.NS,Unclassified,,Micro
RADIANTCMS,Radiant Cash Management Services Limited,EQ,INE855R01021,RADIANTCMS.NS,Unclassified,,Micro
RADICO,Radico Khaitan Limited,EQ,INE944F01028,RADICO.NS,Fast Moving Consumer Goods,,Mid
RADIOCITY,Music Broadcast Limited,EQ,INE919I01024,RADIOCITY.NS,Unclassified,,Micro
RAILTEL,Railtel Corporation Of India Limited,EQ,INE0DD101019,RAILTEL.NS,Telecommunication,,Small
RAIN,Rain Industries Limited,EQ,INE855B01025,RAIN.NS,Chemicals,,Micro
RAINBOW,Rainbow Childrens Medicare Limited,EQ,INE961O01016,RAINBOW.NS,Healthcare,,Small
RAJMET,Rajnandini Metal Limited,EQ,INE00KV01022,RAJMET.NS,Unclassified,,Micro
RAJOOENG,Rajoo Engineers Limited,EQ,INE535F01024,RAJOOENG.NS,Unclassified,,Micro
RAJPALAYAM,Rajapalayam Mills Limited,EQ,INE296E01026,RAJPALAYAM.NS,Unclassified,,Micro
RAJRATAN,Rajratan Global Wire Limited,EQ,INE451D01029,RAJRATAN.NS,Unclassified,,Micro
RAJRILTD,Raj Rayon Industries Limited,BE,INE533D01032,RAJRILTD.NS,Unclassified,,Micro
RAJSREESUG,Rajshree Sugars & Chemicals Limited,EQ,INE562B01019,RAJSREESUG.NS,Unclassified,,Micro
RAJTV,Raj Television Network Limited,BE,INE952H01027,RAJTV.NS,Unclassified,,Micro
RALLIS,Rallis India Limited,EQ,INE613A01020,RALLIS.NS,Chemicals,,Micro
RAMANEWS,Shree Rama Newsprint Limited,EQ,INE278B01020,RAMANEWS.NS,Unclassified,,Micro
RAMAPHO,Rama Phosphates Limited,EQ,INE809A01032,RAMAPHO.NS,Unclassified,,Micro
RAMASTEEL,Rama Steel Tubes Limited,BE,INE230R01035,RAMASTEEL.NS,Unclassified,,Micro
RAMBHAJO,Advit Jewels Limited,EQ,INE1SJO01012,RAMBHAJO.NS,Consumer Durables,Luxury Goods,Micro
RAMCOCEM,The Ramco Cements Limited,EQ,INE331A01037,RAMCOCEM.NS,Construction Materials,,Small
RAMCOIND,Ramco Industries Limited,EQ,INE614A01028,RAMCOIND.NS,Unclassified,,Micro
RAMCOSYS,Ramco Systems Limited,EQ,INE246B01019,RAMCOSYS.NS,Unclassified,,Micro
RAMKY,Ramky Infrastructure Limited,EQ,INE874I01013,RAMKY.NS,Unclassified,,Micro
RAMRAT,Ram Ratna Wires Limited,EQ,INE207E01023,RAMRAT.NS,Unclassified,,Micro
RANASUG,Rana Sugars Limited,EQ,INE625B01014,RANASUG.NS,Unclassified,,Micro
RANEHOLDIN,Rane Holdings Limited,EQ,INE384A01010,RANEHOLDIN.NS,Unclassified,,Micro
RATEGAIN,Rategain Travel Technologies Limited,EQ,INE0CLI01024,RATEGAIN.NS,Information Technology,,Micro
RATNAMANI,Ratnamani Metals & Tubes Limited,EQ,INE703B01027,RATNAMANI.NS,Capital Goods,,Micro
RATNAVEER,Ratnaveer Precision Engineering Limited,EQ,INE05CZ01011,RATNAVEER.NS,Unclassified,,Micro
RAYMOND,Raymond Limited,EQ,INE301A01014,RAYMOND.NS,Capital Goods,Specialty Industrial Machinery,Micro
RAYMONDLSL,Raymond Lifestyle Limited,EQ,INE02ID01020,RAYMONDLSL.NS,Textiles,,Micro
RAYMONDREL,Raymond Realty Limited,EQ,INE1SY401010,RAYMONDREL.NS,Unclassified,,Micro
RBA,Restaurant Brands Asia Limited,EQ,INE07T201019,RBA.NS,Consumer Services,,Micro
RBLBANK,RBL Bank Limited,EQ,INE976G01028,RBLBANK.NS,Financial Services,,Small
RBZJEWEL,RBZ Jewellers Limited,BE,INE0PEQ01016,RBZJEWEL.NS,Unclassified,,Micro
RCF,Rashtriya Chemicals and Fertilizers Limited,EQ,INE027A01015,RCF.NS,Chemicals,,Micro
RCOM,Reliance Communications Limited,BE,INE330H01018,RCOM.NS,Unclassified,,Micro
RECLTD,REC Limited,EQ,INE020B01018,RECLTD.NS,Financial Services,,Mid
REDINGTON,Redington Limited,EQ,INE891D01026,REDINGTON.NS,Services,,Small
REDTAPE,Redtape Limited,EQ,INE0LXT01019,REDTAPE.NS,Unclassified,,Micro
REFEX,Refex Industries Limited,EQ,INE056I01025,REFEX.NS,Utilities,,Micro
REGAAL,Regaal Resources Limited,EQ,INE0MHO01029,REGAAL.NS,Unclassified,,Micro
REGENCERAM,Regency Ceramics Limited,EQ,INE277C01012,REGENCERAM.NS,Unclassified,,Micro
RELAXO,Relaxo Footwears Limited,EQ,INE131B01039,RELAXO.NS,Consumer Durables,,Micro
RELCHEMQ,Reliance Chemotex Industries Limited,EQ,INE750D01016,RELCHEMQ.NS,Unclassified,,Micro
RELIABLE,Reliable Data Services Limited,EQ,INE375Y01018,RELIABLE.NS,Unclassified,,Micro
RELIANCE,Reliance Industries Limited,EQ,INE002A01018,RELIANCE.NS,Oil Gas & Consumable Fuels,,Large
RELIGARE,Religare Enterprises Limited,EQ,INE621H01010,RELIGARE.NS,Financial Services,,Micro
RELINFRA,Reliance Infrastructure Limited,BE,INE036A01016,RELINFRA.NS,Unclassified,,Micro
RELTD,Ravindra Energy Limited,EQ,INE206N01018,RELTD.NS,Unclassified,,Micro
REMSONSIND,Remsons Industries Limited,EQ,INE474C01023,REMSONSIND.NS,Unclassified,,Micro
RENTOMOJO,Rentomojo Limited,EQ,INE08T701025,RENTOMOJO.NS,Unclassified,,Micro
RENUKA,Shree Renuka Sugars Limited,EQ,INE087H01022,RENUKA.NS,Fast Moving Consumer Goods,,Micro
REPCOHOME,Repco Home Finance Limited,EQ,INE612J01015,REPCOHOME.NS,Financial Services,Mortgage Finance,Micro
REPL,Rudrabhishek Enterprises Limited,EQ,INE364Z01019,REPL.NS,Services,Consulting Services,Micro
REPRO,Repro India Limited,EQ,INE461B01014,REPRO.NS,Unclassified,,Micro
RESPONIND,Responsive Industries Limited,EQ,INE688D01026,RESPONIND.NS,Consumer Durables,,Micro
RETAIL,JHS Svendgaard Retail Ventures Limited,BE,INE03DD01011,RETAIL.NS,Unclassified,,Micro
RGL,Renaissance Global Limited,EQ,INE722H01024,RGL.NS,Unclassified,,Micro
RHETAN,Rhetan TMT Limited,EQ,INE0KKN01029,RHETAN.NS,Unclassified,,Micro
RHIM,RHI MAGNESITA INDIA LIMITED,EQ,INE743M01012,RHIM.NS,Capital Goods,,Small
RHL,Robust Hotels Limited,EQ,INE508K01013,RHL.NS,Unclassified,,Micro
RICOAUTO,Rico Auto Industries Limited,EQ,INE209B01025,RICOAUTO.NS,Unclassified,,Micro
RIIL,Reliance Industrial Infrastructure Limited,EQ,INE046A01015,RIIL.NS,Unclassified,,Micro
RIR,RIR Power Electronics Limited,EQ,INE302D01024,RIR.NS,Unclassified,,Micro
RISHABH,Rishabh Instruments Limited,EQ,INE0N2P01017,RISHABH.NS,Unclassified,,Micro
RITCO,Ritco Logistics Limited,EQ,INE01EG01016,RITCO.NS,Unclassified,,Micro
RITES,RITES Limited,EQ,INE320J01015,RITES.NS,Construction,,Small
RKDL,Ravi Kumar Distilleries Limited,EQ,INE722J01012,RKDL.NS,Fast Moving Consumer Goods,Beverages - Wineries & Distilleries,Micro
RKEC,RKEC Projects Limited,BE,INE786W01010,RKEC.NS,Unclassified,,Micro
RKFORGE,Ramkrishna Forgings Limited,EQ,INE399G01023,RKFORGE.NS,Automobile and Auto Components,,Small
RKSWAMY,R K Swamy Limited,EQ,INE0NQ801033,RKSWAMY.NS,Unclassified,,Micro
RMC,RMC Switchgears Limited,EQ,INE655V01019,RMC.NS,Capital Goods,Electrical Equipment & Parts,Micro
RMDRIP,R M Drip and Sprinklers Systems Limited,BE,INE219Y01026,RMDRIP.NS,Unclassified,,Micro
RML,Rane (Madras) Limited,EQ,INE050H01012,RML.NS,Unclassified,,Micro
RNBDENIMS,R&B Denims Limited,BE,INE012Q01039,RNBDENIMS.NS,Unclassified,,Micro
ROHLTD,Royal Orchid Hotels Limited,EQ,INE283H01019,ROHLTD.NS,Unclassified,,Micro
ROLEXRINGS,Rolex Rings Limited,EQ,INE645S01024,ROLEXRINGS.NS,Unclassified,,Micro
ROLLT,Rollatainers Limited,BE,INE927A01040,ROLLT.NS,Unclassified,,Micro
ROML,Raj Oil Mills Limited,EQ,INE294G01026,ROML.NS,Unclassified,,Micro
ROSSARI,Rossari Biotech Limited,EQ,INE02A801020,ROSSARI.NS,Unclassified,,Micro
ROSSELLIND,Rossell India Limited,EQ,INE847C01020,ROSSELLIND.NS,Unclassified,,Micro
ROSSTECH,Rossell Techsys Limited,EQ,INE0OJW01016,ROSSTECH.NS,Capital Goods,Aerospace & Defense,Micro
ROTO,Roto Pumps Limited,EQ,INE535D01037,ROTO.NS,Unclassified,,Micro
ROUTE,ROUTE MOBILE LIMITED,EQ,INE450U01017,ROUTE.NS,Telecommunication,,Micro
RPEL,Raghav Productivity Enhancers Limited,EQ,INE912T01018,RPEL.NS,Unclassified,,Micro
RPGLIFE,RPG Life Sciences Limited,EQ,INE105J01010,RPGLIFE.NS,Unclassified,,Micro
RPOWER,Reliance Power Limited,EQ,INE614G01033,RPOWER.NS,Power,,Small
RPPINFRA,R.P.P. Infra Projects Limited,EQ,INE324L01013,RPPINFRA.NS,Construction,Engineering & Construction,Micro
RPPL,Rajshree Polypack Limited,BE,INE760W01023,RPPL.NS,Unclassified,,Micro
RPSGVENT,RPSG VENTURES LIMITED,EQ,INE425Y01011,RPSGVENT.NS,Unclassified,,Micro
RPTECH,Rashi Peripherals Limited,EQ,INE0J1F01024,RPTECH.NS,Unclassified,,Micro
RRECL,RDB Real Estate Constructions Limited,EQ,INE0AK901016,RRECL.NS,Unclassified,,Micro
RRIL,RRIL Limited,EQ,INE951M01037,RRIL.NS,Unclassified,,Micro
RRKABEL,R R Kabel Limited,EQ,INE777K01022,RRKABEL.NS,Capital Goods,,Small
RSDFIN,RSD Finance Limited,BE,INE616F01022,RSDFIN.NS,Unclassified,,Micro
RSL,Rajputana Stainless Limited,EQ,INE313L01016,RSL.NS,Unclassified,,Micro
RSSOFTWARE,R. S. Software (India) Limited,EQ,INE165B01029,RSSOFTWARE.NS,Unclassified,,Micro
RSWM,RSWM Limited,EQ,INE611A01016,RSWM.NS,Unclassified,,Micro
RSYSTEMS,R Systems International Limited,EQ,INE411H01032,RSYSTEMS.NS,Unclassified,,Micro
RTNINDIA,RattanIndia Enterprises Limited,EQ,INE834M01019,RTNINDIA.NS,Unclassified,,Micro
RTNPOWER,RattanIndia Power Limited,EQ,INE399K01017,RTNPOWER.NS,Power,,Micro
RTSPOWR,RTS Power Corporation Limited,BE,INE005C01017,RTSPOWR.NS,Unclassified,,Micro
RUBFILA,Rubfila International Limited,EQ,INE642C01025,RUBFILA.NS,Unclassified,,Micro
RUBICON,Rubicon Research Limited,EQ,INE506V01022,RUBICON.NS,Healthcare,,Small
RUBYMILLS,The Ruby Mills Limited,EQ,INE301D01026,RUBYMILLS.NS,Unclassified,,Micro
RUCHINFRA,Ruchi Infrastructure Limited,EQ,INE413B01023,RUCHINFRA.NS,Unclassified,,Micro
RUCHIRA,Ruchira Papers Limited,EQ,INE803H01014,RUCHIRA.NS,Unclassified,,Micro
RUDRA,Rudra Global Infra Products Limited,EQ,INE027T01023,RUDRA.NS,Unclassified,,Micro
RUNWALENTR,Runwal Enterprises Limited,EQ,INE804W01029,RUNWALENTR.NS,Unclassified,,Micro
RUPA,Rupa & Company Limited,EQ,INE895B01021,RUPA.NS,Unclassified,,Micro
RUSHIL,Rushil Decor Limited,EQ,INE573K01025,RUSHIL.NS,Unclassified,,Micro
RUSTOMJEE,Keystone Realtors Limited,EQ,INE263M01029,RUSTOMJEE.NS,Unclassified,,Micro
RVHL,Ravinder Heights Limited,EQ,INE09E501017,RVHL.NS,Unclassified,,Micro
RVNL,Rail Vikas Nigam Limited,EQ,INE415G01027,RVNL.NS,Construction,,Mid
RVTH,Revathi Equipment India Limited,EQ,INE0DAB01012,RVTH.NS,Unclassified,,Micro
S&SPOWER,S&S Power Switchgears Limited,EQ,INE902B01017,S&SPOWER.NS,Unclassified,,Micro
SAATVIKGL,Saatvik Green Energy Limited,EQ,INE13B501022,SAATVIKGL.NS,Unclassified,,Micro
SAB,SAB Industries Limited,EQ,INE137M01017,SAB.NS,Unclassified,,Micro
SADBHAV,Sadbhav Engineering Limited,EQ,INE226H01026,SADBHAV.NS,Unclassified,,Micro
SADBHIN,Sadbhav Infrastructure Project Limited,EQ,INE764L01010,SADBHIN.NS,Unclassified,,Micro
SADHNANIQ,Sadhana Nitrochem Limited,BE,INE888C01040,SADHNANIQ.NS,Unclassified,,Micro
SAFARI,Safari Industries (India) Limited,EQ,INE429E01023,SAFARI.NS,Consumer Durables,,Micro
SAGARDEEP,Sagardeep Alloys Limited,EQ,INE976T01013,SAGARDEEP.NS,Unclassified,,Micro
SAGCEM,Sagar Cements Limited,EQ,INE229C01021,SAGCEM.NS,Construction Materials,Building Materials,Micro
SAGILITY,SAGILITY LIMITED,EQ,INE0W2G01015,SAGILITY.NS,Information Technology,,Small
SAHLIBHFI,Shalibhadra Finance Limited,EQ,INE861D01011,SAHLIBHFI.NS,Unclassified,,Micro
SAHYADRI,Sahyadri Industries Limited,EQ,INE280H01015,SAHYADRI.NS,Unclassified,,Micro
SAICAPI,Sai Capital Limited,EQ,INE531X01018,SAICAPI.NS,Unclassified,,Micro
SAIL,Steel Authority of India Limited,EQ,INE114A01011,SAIL.NS,Metals & Mining,,Mid
SAILIFE,Sai Life Sciences Limited,EQ,INE570L01029,SAILIFE.NS,Healthcare,,Small
SAIPARENT,Sai Parenterals Limited,EQ,INE0H9F01037,SAIPARENT.NS,Unclassified,,Micro
SAKAR,Sakar Healthcare Limited,EQ,INE732S01012,SAKAR.NS,Unclassified,,Micro
SAKHTISUG,Sakthi Sugars Limited,EQ,INE623A01011,SAKHTISUG.NS,Unclassified,,Micro
SAKSOFT,Saksoft Limited,EQ,INE667G01023,SAKSOFT.NS,Unclassified,,Micro
SAKUMA,Sakuma Exports Limited,EQ,INE190H01024,SAKUMA.NS,Unclassified,,Micro
SALASAR,Salasar Techno Engineering Limited,EQ,INE170V01027,SALASAR.NS,Unclassified,,Micro
SALONA,Salona Cotspin Limited,EQ,INE498E01010,SALONA.NS,Unclassified,,Micro
SALSTEEL,S.A.L. Steel Limited,EQ,INE658G01014,SALSTEEL.NS,Unclassified,,Micro
SALZERELEC,Salzer Electronics Limited,EQ,INE457F01013,SALZERELEC.NS,Unclassified,,Micro
SAMBANDAM,Sambandam Spinning Mills Limited,EQ,INE304D01012,SAMBANDAM.NS,Unclassified,,Micro
SAMBHAAV,Sambhaav Media Limited,EQ,INE699B01027,SAMBHAAV.NS,Media Entertainment & Publication,Publishing,Micro
SAMBHV,Sambhv Steel Tubes Limited,EQ,INE12NJ01018,SAMBHV.NS,Unclassified,,Micro
SAMHI,Samhi Hotels Limited,EQ,INE08U801020,SAMHI.NS,Consumer Services,,Micro
SAMMAANCAP,Sammaan Capital Limited,EQ,INE148I01020,SAMMAANCAP.NS,Financial Services,,Small
SAMPANN,Sampann Utpadan India Limited,EQ,INE735M01018,SAMPANN.NS,Unclassified,,Micro
SANATHAN,Sanathan Textiles Limited,EQ,INE0JPD01013,SANATHAN.NS,Unclassified,,Micro
SANDESH,The Sandesh Limited,EQ,INE583B01015,SANDESH.NS,Unclassified,,Micro
SANDHAR,Sandhar Technologies Limited,EQ,INE278H01035,SANDHAR.NS,Unclassified,,Micro
SANDUMA,Sandur Manganese & Iron Ores Limited,EQ,INE149K01016,SANDUMA.NS,Metals & Mining,,Micro
SANGAMIND,Sangam (India) Limited,EQ,INE495C01010,SANGAMIND.NS,Unclassified,,Micro
SANGHVIMOV,Sanghvi Movers Limited,EQ,INE989A01032,SANGHVIMOV.NS,Unclassified,,Micro
SANOFI,Sanofi India Limited,EQ,INE058A01010,SANOFI.NS,Healthcare,Drug Manufacturers - General,Micro
SANOFICONR,Sanofi Consumer Healthcare India Limited,EQ,INE0UOS01011,SANOFICONR.NS,Healthcare,Drug Manufacturers - General,Micro
SANSERA,Sansera Engineering Limited,EQ,INE953O01021,SANSERA.NS,Automobile and Auto Components,,Small
SANSTAR,Sanstar Limited,EQ,INE08NE01025,SANSTAR.NS,Unclassified,,Micro
SAPPHIRE,Sapphire Foods India Limited,EQ,INE806T01020,SAPPHIRE.NS,Consumer Services,,Micro
SAPPL,Shree Ajit Pulp & Paper Limited,EQ,INE185C01017,SAPPL.NS,Unclassified,,Micro
SARDAEN,Sarda Energy & Minerals Limited,EQ,INE385C01021,SARDAEN.NS,Metals & Mining,,Small
SAREGAMA,Saregama India Limited,EQ,INE979A01025,SAREGAMA.NS,Media Entertainment & Publication,,Micro
SARLAPOLY,Sarla Performance Fibers Limited,EQ,INE453D01025,SARLAPOLY.NS,Unclassified,,Micro
SARVESHWAR,Sarveshwar Foods Limited,EQ,INE324X01026,SARVESHWAR.NS,Unclassified,,Micro
SASKEN,Sasken Technologies Limited,EQ,INE231F01020,SASKEN.NS,Unclassified,,Micro
SATIA,Satia Industries Limited,EQ,INE170E01023,SATIA.NS,Unclassified,,Micro
SATIN,Satin Creditcare Network Limited,EQ,INE836B01017,SATIN.NS,Unclassified,,Micro
SAURASHCEM,Saurashtra Cement Limited,EQ,INE626A01014,SAURASHCEM.NS,Unclassified,,Micro
SAYAJIHOTL,Sayaji Hotels Limited,EQ,INE318C01014,SAYAJIHOTL.NS,Unclassified,,Micro
SAYAJIIND,Sayaji Industries Limited,EQ,INE327G01032,SAYAJIIND.NS,Unclassified,,Micro
SBC,SBC Exports Limited,EQ,INE04AK01028,SBC.NS,Textiles,Apparel Manufacturing,Micro
SBCL,Shivalik Bimetal Controls Limited,EQ,INE386D01027,SBCL.NS,Unclassified,,Micro
SBFC,SBFC Finance Limited,EQ,INE423Y01016,SBFC.NS,Financial Services,,Micro
SBGLP,Suratwwala Business Group Limited,EQ,INE05ST01028,SBGLP.NS,Unclassified,,Micro
SBICARD,SBI Cards and Payment Services Limited,EQ,INE018E01016,SBICARD.NS,Financial Services,,Mid
SBIFUNDS,SBI Funds Management Limited,EQ,INE640G01020,SBIFUNDS.NS,Unclassified,,Micro
SBILIFE,SBI Life Insurance Company Limited,EQ,INE123W01016,SBILIFE.NS,Financial Services,,Large
SBIN,State Bank of India,EQ,INE062A01020,SBIN.NS,Financial Services,,Large
SCANSTL,Scan Steels Limited,BE,INE099G01011,SCANSTL.NS,Unclassified,,Micro
SCHAEFFLER,Schaeffler India Limited,EQ,INE513A01022,SCHAEFFLER.NS,Automobile and Auto Components,,Mid
SCHAND,S Chand And Company Limited,EQ,INE807K01035,SCHAND.NS,Unclassified,,Micro
SCHNEIDER,Schneider Electric Infrastructure Limited,EQ,INE839M01018,SCHNEIDER.NS,Capital Goods,,Small
SCI,Shipping Corporation Of India Limited,EQ,INE109A01011,SCI.NS,Services,,Small
SCILAL,Shipping Corporation of India Land and Assets Limited,EQ,INE0PB301013,SCILAL.NS,Unclassified,,Micro
SCODATUBES,Scoda Tubes Limited,EQ,INE090501011,SCODATUBES.NS,Unclassified,,Micro
SCPL,Sheetal Cool Products Limited,BE,INE501Y01019,SCPL.NS,Unclassified,,Micro
SDBL,Som Distilleries & Breweries Limited,EQ,INE480C01038,SDBL.NS,Unclassified,,Micro
SEAMECLTD,Seamec Limited,EQ,INE497B01018,SEAMECLTD.NS,Unclassified,,Micro
SECMARK,SecMark Consultancy Limited,EQ,INE0BTM01013,SECMARK.NS,Unclassified,,Micro
SECURKLOUD,SECUREKLOUD TECHNOLOGIES LIMITED,EQ,INE650K01021,SECURKLOUD.NS,Unclassified,,Micro
SEDEMAC,SEDEMAC Mechatronics Limited,EQ,INE00XB01019,SEDEMAC.NS,Automobile and Auto Components,,Micro
SEIL,Shanti Educational Initiatives Limited,EQ,INE440T01028,SEIL.NS,Unclassified,,Micro
SEJALLTD,Sejal Glass Limited,EQ,INE955I01044,SEJALLTD.NS,Unclassified,,Micro
SEKURITIND,Saint Gobain Sekurit India Limited,EQ,INE068B01017,SEKURITIND.NS,Unclassified,,Micro
SEMAC,Semac Construction Limited,EQ,INE617A01013,SEMAC.NS,Unclassified,,Micro
SENCO,Senco Gold Limited,EQ,INE602W01027,SENCO.NS,Consumer Durables,,Micro
SENORES,Senores Pharmaceuticals Limited,EQ,INE0RB801010,SENORES.NS,Healthcare,,Micro
SEPC,SEPC Limited,EQ,INE964H01014,SEPC.NS,Unclassified,,Micro
SERVOTECH,Servotech Renewable Power System Limited,EQ,INE782X01033,SERVOTECH.NS,Unclassified,,Micro
SESHAPAPER,Seshasayee Paper and Boards Limited,EQ,INE630A01024,SESHAPAPER.NS,Unclassified,,Micro
SETCO,Setco Automotive Limited,BE,INE878E01021,SETCO.NS,Unclassified,,Micro
SETL,Standard Engineering Technology Limited,EQ,INE0M4D01010,SETL.NS,Unclassified,,Micro
SEYAIND,Seya Industries Limited,BE,INE573R01012,SEYAIND.NS,Unclassified,,Micro
SFL,Sheela Foam Limited,EQ,INE916U01025,SFL.NS,Consumer Durables,,Micro
SGFIN,SG Finserve Limited,EQ,INE618R01015,SGFIN.NS,Unclassified,,Micro
SGIL,Synergy Green Industries Limited,EQ,INE00QT01015,SGIL.NS,Unclassified,,Micro
SGL,STL Global Limited,EQ,INE353H01010,SGL.NS,Unclassified,,Micro
SGLRES,SGL Resources Limited,EQ,INE967B01028,SGLRES.NS,Unclassified,,Micro
SGMART,SG Mart Limited,EQ,INE385F01024,SGMART.NS,Metals & Mining,,Micro
SGRL,Shree Ganesh Remedies Limited,EQ,INE414Y01015,SGRL.NS,Unclassified,,Micro
SHADOWFAX,Shadowfax Technologies Limited,EQ,INE12UN01015,SHADOWFAX.NS,Services,,Micro
SHAH,Shah Metacorp Limited,EQ,INE482J01021,SHAH.NS,Unclassified,,Micro
SHAHALLOYS,Shah Alloys Limited,BE,INE640C01011,SHAHALLOYS.NS,Unclassified,,Micro
SHAHINVEST,Shah Investor's Home Limited,BE,INE029N01014,SHAHINVEST.NS,Unclassified,,Micro
SHAILY,Shaily Engineering Plastics Limited,EQ,INE151G01028,SHAILY.NS,Consumer Durables,,Micro
SHAKTIPUMP,Shakti Pumps (India) Limited,EQ,INE908D01010,SHAKTIPUMP.NS,Capital Goods,,Micro
SHALBY,Shalby Limited,EQ,INE597J01018,SHALBY.NS,Unclassified,,Micro
SHALPAINTS,Shalimar Paints Limited,BE,INE849C01026,SHALPAINTS.NS,Unclassified,,Micro
SHANKARA,Shankara Building Products Limited,EQ,INE274V01019,SHANKARA.NS,Unclassified,,Micro
SHANKESH,Shankesh Jewellers Limited,EQ,INE1WFC01025,SHANKESH.NS,Unclassified,,Micro
SHANTI,Shanti Overseas (India) Limited,EQ,INE933X01016,SHANTI.NS,Unclassified,,Micro
SHANTIGEAR,Shanthi Gears Limited,EQ,INE631A01022,SHANTIGEAR.NS,Unclassified,,Micro
SHANTIGOLD,Shanti Gold International Limited,EQ,INE06ZD01017,SHANTIGOLD.NS,Consumer Durables,Luxury Goods,Micro
SHARDACROP,Sharda Cropchem Limited,EQ,INE221J01015,SHARDACROP.NS,Chemicals,,Micro
SHARDAMOTR,Sharda Motor Industries Limited,EQ,INE597I01028,SHARDAMOTR.NS,Unclassified,,Micro
SHARDUL,Shardul Securities Limited,BE,INE037B01020,SHARDUL.NS,Unclassified,,Micro
SHAREINDIA,Share India Securities Limited,EQ,INE932X01026,SHAREINDIA.NS,Financial Services,,Micro
SHBAJRG,Shri Bajrang Alliance Limited,EQ,INE402H01015,SHBAJRG.NS,Unclassified,,Micro
SHEKHAWATI,Shekhawati Industries Limited,BE,INE268L01046,SHEKHAWATI.NS,Unclassified,,Micro
SHEMAROO,Shemaroo Entertainment Limited,EQ,INE363M01019,SHEMAROO.NS,Unclassified,,Micro
SHERVANI,Shervani Industrial Syndicate Limited,EQ,INE011D01013,SHERVANI.NS,Unclassified,,Micro
SHILCTECH,Shilchar Technologies Limited,EQ,INE024F01011,SHILCTECH.NS,Capital Goods,,Micro
SHILGRAVQ,Shilp Gravures Limited,EQ,INE960A01017,SHILGRAVQ.NS,Unclassified,,Micro
SHILPAMED,Shilpa Medicare Limited,EQ,INE790G01031,SHILPAMED.NS,Healthcare,,Micro
SHINDL,Sharat Industries Limited,EQ,INE220Z01013,SHINDL.NS,Unclassified,,Micro
SHIPROCKET,Shiprocket Limited,EQ,INE0FOO01011,SHIPROCKET.NS,Unclassified,,Micro
SHIVAAGRO,Shiva Global Agro Industries Limited,EQ,INE960E01019,SHIVAAGRO.NS,Unclassified,,Micro
SHIVACEM,Shiva Cement Limited,EQ,INE555C01029,SHIVACEM.NS,Unclassified,,Micro
SHIVALIK,Shivalik Rasayan Limited,EQ,INE788J01021,SHIVALIK.NS,Unclassified,,Micro
SHIVAMAUTO,Shivam Autotech Limited,EQ,INE637H01024,SHIVAMAUTO.NS,Unclassified,,Micro
SHIVAMILLS,Shiva Mills Limited,EQ,INE644Y01017,SHIVAMILLS.NS,Unclassified,,Micro
SHIVATEX,Shiva Texyarn Limited,EQ,INE705C01020,SHIVATEX.NS,Unclassified,,Micro
SHIVAUM,Shiv Aum Steels Limited,EQ,INE719F01016,SHIVAUM.NS,Unclassified,,Micro
SHK,S H Kelkar and Company Limited,EQ,INE500L01026,SHK.NS,Unclassified,,Micro
SHOPERSTOP,Shoppers Stop Limited,EQ,INE498B01024,SHOPERSTOP.NS,Unclassified,,Micro
SHRADDHA,Shraddha Prime Projects Limited,EQ,INE311M01018,SHRADDHA.NS,Unclassified,,Micro
SHRADHA,Shradha Realty Limited,EQ,INE715Y01031,SHRADHA.NS,Unclassified,,Micro
SHREDIGCEM,Shree Digvijay Cement Co.Ltd,EQ,INE232A01011,SHREDIGCEM.NS,Unclassified,,Micro
SHREECEM,SHREE CEMENT LIMITED,EQ,INE070A01015,SHREECEM.NS,Construction Materials,,Mid
SHREEJISPG,Shreeji Shipping Global Limited,EQ,INE1B6101010,SHREEJISPG.NS,Services,,Micro
SHREEPUSHK,Shree Pushkar Chemicals & Fertilisers Limited,EQ,INE712K01011,SHREEPUSHK.NS,Unclassified,,Micro
SHREERAMA,Shree Rama Multi-Tech Limited,EQ,INE879A01019,SHREERAMA.NS,Unclassified,,Micro
SHREYANIND,Shreyans Industries Limited,EQ,INE231C01019,SHREYANIND.NS,Unclassified,,Micro
SHRIKRISH,Shri Krishna Devcon Limited,EQ,INE997I01012,SHRIKRISH.NS,Unclassified,,Micro
SHRINGARMS,Shringar House of Mangalsutra Limited,EQ,INE1B3L01017,SHRINGARMS.NS,Unclassified,,Micro
SHRIPISTON,SPR Auto Technologies Limited,EQ,INE526E01018,SHRIPISTON.NS,Automobile and Auto Components,,Small
SHRIRAMFIN,Shriram Finance Limited,EQ,INE721A01047,SHRIRAMFIN.NS,Financial Services,,Large
SHRIRAMPPS,Shriram Properties Limited,EQ,INE217L01019,SHRIRAMPPS.NS,Unclassified,,Micro
SHRJAGP,Shri Jagdamba Polymers Limited,EQ,INE564J01026,SHRJAGP.NS,Unclassified,,Micro
SHUKRAPHAR,Shukra Pharmaceuticals Limited,EQ,INE551C01044,SHUKRAPHAR.NS,Unclassified,,Micro
SHYAMCENT,Shyam Century Ferrous Limited,EQ,INE979R01011,SHYAMCENT.NS,Unclassified,,Micro
SHYAMMETL,Shyam Metalics and Energy Limited,EQ,INE810G01011,SHYAMMETL.NS,Capital Goods,,Small
SHYAMTEL,Shyam Telecom Limited,EQ,INE635A01023,SHYAMTEL.NS,Unclassified,,Micro
SICAGEN,Sicagen India Limited,EQ,INE176J01011,SICAGEN.NS,Unclassified,,Micro
SICALLOG,Sical Logistics Limited,BE,INE075B01020,SICALLOG.NS,Unclassified,,Micro
SIEL,Superior Industrial Enterprises Limited,EQ,INE843L01012,SIEL.NS,Unclassified,,Micro
SIEMENS,Siemens Limited,EQ,INE003A01024,SIEMENS.NS,Capital Goods,,Large
SIGACHI,Sigachi Industries Limited,EQ,INE0D0K01022,SIGACHI.NS,Unclassified,,Micro
SIGIND,Signet Industries Limited,BE,INE529F01035,SIGIND.NS,Unclassified,,Micro
SIGMA,Sigma Solve Limited,EQ,INE0A0S01028,SIGMA.NS,Unclassified,,Micro
SIGMAADV,SIGMA ADVANCED SYSTEMS LIMITED,BE,INE933B01012,SIGMAADV.NS,Capital Goods,,Micro
SIGNATURE,Signatureglobal (India) Limited,EQ,INE903U01023,SIGNATURE.NS,Realty,,Small
SIGNPOST,Signpost India Limited,EQ,INE0KGZ01021,SIGNPOST.NS,Unclassified,,Micro
SIKA,Sika Interplant Systems Limited,EQ,INE438E01032,SIKA.NS,Unclassified,,Micro
SIKKO,Sikko Industries Limited,BE,INE112X01025,SIKKO.NS,Unclassified,,Micro
SIL,Standard Industries Limited,EQ,INE173A01025,SIL.NS,Unclassified,,Micro
SILGO,Silgo Retail Limited,EQ,INE01II01013,SILGO.NS,Unclassified,,Micro
SILINV,SIL Investments Limited,EQ,INE923A01015,SILINV.NS,Unclassified,,Micro
SILVERTUC,Silver Touch Technologies Limited,EQ,INE625X01026,SILVERTUC.NS,Unclassified,,Micro
SIMPLEXINF,Simplex Infrastructures Limited,EQ,INE059B01024,SIMPLEXINF.NS,Unclassified,,Micro
SIMPLXREA,Simplex Realty Limited,EQ,INE167H01014,SIMPLXREA.NS,Unclassified,,Micro
SINCLAIR,Sinclairs Hotels Limited,EQ,INE985A01022,SINCLAIR.NS,Unclassified,,Micro
SINDHUTRAD,Sindhu Trade Links Limited,EQ,INE325D01025,SINDHUTRAD.NS,Unclassified,,Micro
SINGERIND,Singer India Limited,EQ,INE638A01035,SINGERIND.NS,Unclassified,,Micro
SINTERCOM,Sintercom India Limited,EQ,INE129Z01016,SINTERCOM.NS,Unclassified,,Micro
SIRCA,Sirca Paints India Limited,EQ,INE792Z01011,SIRCA.NS,Unclassified,,Micro
SIS,SIS LIMITED,EQ,INE285J01028,SIS.NS,Unclassified,,Micro
SIYSIL,Siyaram Silk Mills Limited,EQ,INE076B01028,SIYSIL.NS,Unclassified,,Micro
SJS,S.J.S. Enterprises Limited,EQ,INE284S01014,SJS.NS,Automobile and Auto Components,,Micro
SJVN,SJVN Limited,EQ,INE002L01015,SJVN.NS,Power,,Small
SKFINDIA,SKF India Limited,EQ,INE640A01023,SKFINDIA.NS,Capital Goods,Tools & Accessories,Micro
SKFINDUS,SKF India (Industrial) Limited,EQ,INE2J8701016,SKFINDUS.NS,Unclassified,,Micro
SKIPPER,Skipper Limited,EQ,INE439E01022,SKIPPER.NS,Capital Goods,,Micro
SKMEGGPROD,SKM Egg Products Export (India) Limited,EQ,INE411D01023,SKMEGGPROD.NS,Unclassified,,Micro
SKYGOLD,SKY GOLD AND DIAMONDS LIMITED,EQ,INE01IU01018,SKYGOLD.NS,Consumer Durables,,Micro
SKYWAYS,Skyways Air Services Limited,EQ,INE0PX301025,SKYWAYS.NS,Unclassified,,Micro
SMARTLINK,Smartlink Holdings Limited,BE,INE178C01020,SMARTLINK.NS,Unclassified,,Micro
SMARTWORKS,Smartworks Coworking Spaces Limited,EQ,INE0NAZ01010,SMARTWORKS.NS,Unclassified,,Micro
SMCGLOBAL,SMC Global Securities Limited,EQ,INE103C01036,SMCGLOBAL.NS,Financial Services,Capital Markets,Micro
SMLMAH,SML Mahindra Limited,EQ,INE294B01019,SMLMAH.NS,Capital Goods,,Micro
SMLT,Sarthak Metals Limited,EQ,INE017W01010,SMLT.NS,Unclassified,,Micro
SMSPHARMA,SMS Pharmaceuticals Limited,EQ,INE812G01025,SMSPHARMA.NS,Unclassified,,Micro
SNOWMAN,Snowman Logistics Limited,EQ,INE734N01019,SNOWMAN.NS,Unclassified,,Micro
SOBHA,Sobha Limited,EQ,INE671H01015,SOBHA.NS,Realty,,Small
SOFTTECH,Softtech Engineers Limited,EQ,INE728Z01015,SOFTTECH.NS,Unclassified,,Micro
SOLARA,Solara Active Pharma Sciences Limited,EQ,INE624Z01016,SOLARA.NS,Unclassified,,Micro
SOLARINDS,Solar Industries India Limited,EQ,INE343H01029,SOLARINDS.NS,Chemicals,,Large
SOLARWORLD,Solarworld Energy Solutions Limited,EQ,INE0TY101024,SOLARWORLD.NS,Unclassified,,Micro
SOLEX,Solex Energy Limited,EQ,INE880Y01017,SOLEX.NS,Power,Solar,Micro
SOMANYCERA,Somany Ceramics Limited,EQ,INE355A01028,SOMANYCERA.NS,Capital Goods,Building Products & Equipment,Micro
SOMATEX,Soma Textiles & Industries Limited,EQ,INE314C01013,SOMATEX.NS,Unclassified,,Micro
SOMICONVEY,Somi Conveyor Beltings Limited,EQ,INE323J01019,SOMICONVEY.NS,Unclassified,,Micro
SONA,Sonaselection India Limited,BE,INE0LLZ01011,SONA.NS,Unclassified,,Micro
SONACOMS,Sona BLW Precision Forgings Limited,EQ,INE073K01018,SONACOMS.NS,Automobile and Auto Components,,Small
SONAL,Sonal Mercantile Limited,EQ,INE321M01017,SONAL.NS,Unclassified,,Micro
SONAMLTD,SONAM LIMITED,BE,INE00LM01029,SONAMLTD.NS,Unclassified,,Micro
SONATSOFTW,Sonata Software Limited,EQ,INE269A01021,SONATSOFTW.NS,Information Technology,,Micro
SOTL,Savita Oil Technologies Limited,EQ,INE035D01020,SOTL.NS,Unclassified,,Micro
SOUTHBANK,The South Indian Bank Limited,EQ,INE683A01023,SOUTHBANK.NS,Financial Services,,Micro
SOUTHWEST,South West Pinnacle Exploration Limited,EQ,INE980Y01015,SOUTHWEST.NS,Unclassified,,Micro
SPAL,S. P. Apparels Limited,EQ,INE212I01016,SPAL.NS,Unclassified,,Micro
SPANDANA,Spandana Sphoorty Financial Limited,EQ,INE572J01011,SPANDANA.NS,Unclassified,,Micro
SPARC,Sun Pharma Advanced Research Company Limited,EQ,INE232I01014,SPARC.NS,Healthcare,,Micro
SPCENET,Spacenet Enterprises India Limited,EQ,INE970N01027,SPCENET.NS,Unclassified,,Micro
SPECIALITY,Speciality Restaurants Limited,BE,INE247M01014,SPECIALITY.NS,Unclassified,,Micro
SPECTRUM,Spectrum Electrical Industries Limited,BE,INE01EO01010,SPECTRUM.NS,Unclassified,,Micro
SPENCERS,Spencer's Retail Limited,EQ,INE020801028,SPENCERS.NS,Unclassified,,Micro
SPIC,Southern Petrochemicals Industries Corporation  Limited,EQ,INE147A01011,SPIC.NS,Unclassified,,Micro
SPLIL,SPL Industries Limited,EQ,INE978G01016,SPLIL.NS,Unclassified,,Micro
SPLPETRO,Supreme Petrochem Limited,EQ,INE663A01033,SPLPETRO.NS,Chemicals,,Micro
SPMLINFRA,SPML Infra Limited,EQ,INE937A01023,SPMLINFRA.NS,Unclassified,,Micro
SPORTKING,Sportking India Limited,EQ,INE885H01029,SPORTKING.NS,Unclassified,,Micro
SRD,Shankar Lal Rampal Dye-Chem Limited,EQ,INE01NE01012,SRD.NS,Unclassified,,Micro
SREEL,Sreeleathers Limited,BE,INE099F01013,SREEL.NS,Unclassified,,Micro
SRF,SRF Limited,EQ,INE647A01010,SRF.NS,Chemicals,,Mid
SRGHFL,SRG Housing Finance Limited,EQ,INE559N01010,SRGHFL.NS,Unclassified,,Micro
SRHHYPOLTD,Sree Rayalaseema Hi-Strength Hypo Limited,EQ,INE917H01012,SRHHYPOLTD.NS,Unclassified,,Micro
SRIKPRIND,Sri KPR Industries Limited,BE,INE009C01019,SRIKPRIND.NS,Unclassified,,Micro
SRIT,SRIT India Limited,BE,INE307K01028,SRIT.NS,Unclassified,,Micro
SRM,SRM Contractors Limited,EQ,INE0R6Z01013,SRM.NS,Unclassified,,Micro
SRTL,Shree Ram Twistex Limited,EQ,INE19GK01015,SRTL.NS,Unclassified,,Micro
SSDL,Saraswati Saree Depot Limited,EQ,INE0PQ101010,SSDL.NS,Unclassified,,Micro
SSRETAIL,SS Retail Limited,EQ,INE1EQW01028,SSRETAIL.NS,Unclassified,,Micro
SSWL,Steel Strips Wheels Limited,EQ,INE802C01033,SSWL.NS,Automobile and Auto Components,Auto Parts,Micro
STALLION,Stallion India Fluorochemicals Limited,BE,INE0RYC01010,STALLION.NS,Unclassified,,Micro
STANLEY,Stanley Lifestyles Limited,EQ,INE01A001028,STANLEY.NS,Unclassified,,Micro
STAR,Strides Pharma Science Limited,EQ,INE939A01011,STAR.NS,Healthcare,,Micro
STARCEMENT,Star Cement Limited,EQ,INE460H01021,STARCEMENT.NS,Unclassified,,Micro
STARHEALTH,Star Health and Allied Insurance Company Limited,EQ,INE575P01011,STARHEALTH.NS,Financial Services,,Small
STARPAPER,Star Paper Mills Limited,EQ,INE733A01018,STARPAPER.NS,Unclassified,,Micro
STARTECK,Starteck Finance Limited,EQ,INE992I01013,STARTECK.NS,Unclassified,,Micro
STCINDIA,The State Trading Corporation of India Limited,EQ,INE655A01013,STCINDIA.NS,Unclassified,,Micro
STEAMHOUSE,Steamhouse India Limited,EQ,INE0FRO01022,STEAMHOUSE.NS,Unclassified,,Micro
STEELCAS,Steelcast Limited,EQ,INE124E01038,STEELCAS.NS,Unclassified,,Micro
STEELCITY,Steel City Securities Limited,EQ,INE395H01011,STEELCITY.NS,Unclassified,,Micro
STEELXIND,STEEL EXCHANGE INDIA LIMITED,EQ,INE503B01021,STEELXIND.NS,Unclassified,,Micro
STEL,Stel Holdings Limited,EQ,INE577L01016,STEL.NS,Unclassified,,Micro
STERTOOLS,Sterling Tools Limited,EQ,INE334A01023,STERTOOLS.NS,Unclassified,,Micro
STLNETWORK,STL Networks Limited,EQ,INE1VXE01018,STLNETWORK.NS,Unclassified,,Micro
STLSTRINF,Steel Strips Infrastructures Limited,EQ,INE205F01016,STLSTRINF.NS,Unclassified,,Micro
STLTECH,Sterlite Technologies Limited,BE,INE089C01029,STLTECH.NS,Telecommunication,,Small
STOVEKRAFT,Stove Kraft Limited,EQ,INE00IN01015,STOVEKRAFT.NS,Unclassified,,Micro
STUDDS,Studds Accessories Limited,EQ,INE00Q601028,STUDDS.NS,Unclassified,,Micro
STYL,Seshaasai Technologies Limited,EQ,INE04VU01023,STYL.NS,Unclassified,,Micro
STYLAMIND,Stylam Industries Limited,EQ,INE239C01020,STYLAMIND.NS,Consumer Durables,,Micro
STYLEBAAZA,Baazar Style Retail Limited,EQ,INE01FR01028,STYLEBAAZA.NS,Unclassified,,Micro
STYRENIX,Styrenix Performance Materials Limited,EQ,INE189B01011,STYRENIX.NS,Unclassified,,Micro
SUBEXLTD,Subex Limited,EQ,INE754A01055,SUBEXLTD.NS,Unclassified,,Micro
SUBROS,Subros Limited,EQ,INE287B01021,SUBROS.NS,Capital Goods,,Micro
SUDARCOLOR,Sudarshan Colorants India Limited,EQ,INE492A01029,SUDARCOLOR.NS,Unclassified,,Micro
SUDARSCHEM,Sudarshan Chemical Industries Limited,EQ,INE659A01023,SUDARSCHEM.NS,Chemicals,,Micro
SUDEEPPHRM,Sudeep Pharma Limited,EQ,INE0QPI01025,SUDEEPPHRM.NS,Chemicals,,Micro
SUKHJITS,Sukhjit Starch & Chemicals Limited,EQ,INE450E01029,SUKHJITS.NS,Unclassified,,Micro
SULA,Sula Vineyards Limited,EQ,INE142Q01026,SULA.NS,Unclassified,,Micro
SUMEDHA,Sumedha Fiscal Services Limited,EQ,INE886B01012,SUMEDHA.NS,Unclassified,,Micro
SUMEETINDS,Sumeet Industries Limited,EQ,INE235C01036,SUMEETINDS.NS,Unclassified,,Micro
SUMICHEM,Sumitomo Chemical India Limited,EQ,INE258G01013,SUMICHEM.NS,Chemicals,,Small
SUMIT,Sumit Woods Limited,EQ,INE748Z01013,SUMIT.NS,Unclassified,,Micro
SUMMITSEC,Summit Securities Limited,EQ,INE519C01017,SUMMITSEC.NS,Financial Services,Capital Markets,Micro
SUNCLAY,Sundaram Clayton Limited,EQ,INE0Q3R01026,SUNCLAY.NS,Metals & Mining,Metal Fabrication,Micro
SUNDARAM,Sundaram Multi Pap Limited,EQ,INE108E01023,SUNDARAM.NS,Unclassified,,Micro
SUNDARMFIN,Sundaram Finance Limited,EQ,INE660A01013,SUNDARMFIN.NS,Financial Services,,Mid
SUNDRMBRAK,Sundaram Brake Linings Limited,EQ,INE073D01013,SUNDRMBRAK.NS,Unclassified,,Micro
SUNDRMFAST,Sundram Fasteners Limited,EQ,INE387A01021,SUNDRMFAST.NS,Automobile and Auto Components,,Micro
SUNDROP,Sundrop Brands Limited,EQ,INE209A01019,SUNDROP.NS,Unclassified,,Micro
SUNFLAG,Sunflag Iron And Steel Company Limited,EQ,INE947A01014,SUNFLAG.NS,Capital Goods,,Micro
SUNLOC,Sunil Healthcare Limited,EQ,INE671C01016,SUNLOC.NS,Unclassified,,Micro
SUNPHARMA,Sun Pharmaceutical Industries Limited,EQ,INE044A01036,SUNPHARMA.NS,Healthcare,,Large
SUNRAKSHAK,Sunrakshakk Industries India Limited,EQ,INE671K01027,SUNRAKSHAK.NS,Unclassified,,Micro
SUNSHIEL,Sunshield Chemicals Limited,EQ,INE199E01014,SUNSHIEL.NS,Unclassified,,Micro
SUNSHINE,Sunshine Pictures Limited,EQ,INE1B3O01011,SUNSHINE.NS,Unclassified,,Micro
SUNTECK,Sunteck Realty Limited,EQ,INE805D01034,SUNTECK.NS,Realty,,Micro
SUNTV,Sun TV Network Limited,EQ,INE424H01027,SUNTV.NS,Media Entertainment & Publication,,Small
SUPERHOUSE,Superhouse Limited,EQ,INE712B01010,SUPERHOUSE.NS,Unclassified,,Micro
SUPERSPIN,Super Spinning Mills Limited,BE,INE662A01027,SUPERSPIN.NS,Unclassified,,Micro
SUPRAJIT,Suprajit Engineering Limited,EQ,INE399C01030,SUPRAJIT.NS,Unclassified,,Micro
SUPREME,Supreme Holdings & Hospitality (India) Limited,EQ,INE822E01011,SUPREME.NS,Unclassified,,Micro
SUPREMEIND,Supreme Industries Limited,EQ,INE195A01028,SUPREMEIND.NS,Capital Goods,,Mid
SUPREMEINF,Supreme Infrastructure India Limited,EQ,INE550H01011,SUPREMEINF.NS,Construction,Engineering & Construction,Micro
SUPRIYA,Supriya Lifescience Limited,EQ,INE07RO01027,SUPRIYA.NS,Healthcare,,Micro
SUPTANERY,Super Tannery Limited,BE,INE460D01038,SUPTANERY.NS,Unclassified,,Micro
SURAJEST,Suraj Estate Developers Limited,EQ,INE843S01025,SURAJEST.NS,Unclassified,,Micro
SURAJLTD,Suraj Limited,EQ,INE713C01016,SURAJLTD.NS,Metals & Mining,Steel,Micro
SURAKSHA,Suraksha Diagnostic Limited,EQ,INE877V01027,SURAKSHA.NS,Unclassified,,Micro
SURANASOL,Surana Solar Limited,EQ,INE272L01022,SURANASOL.NS,Unclassified,,Micro
SURANAT&P,Surana Telecom and Power Limited,EQ,INE130B01031,SURANAT&P.NS,Unclassified,,Micro
SURYALA,Suryalata Spinning Mills Limited,EQ,INE132C01027,SURYALA.NS,Unclassified,,Micro
SURYALAXMI,Suryalakshmi Cotton Mills Limited,EQ,INE713B01026,SURYALAXMI.NS,Unclassified,,Micro
SURYAROSNI,Surya Roshni Limited,EQ,INE335A01020,SURYAROSNI.NS,Capital Goods,,Micro
SURYODAY,Suryoday Small Finance Bank Limited,EQ,INE428Q01011,SURYODAY.NS,Unclassified,,Micro
SUTLEJTEX,Sutlej Textiles and Industries Limited,EQ,INE645H01027,SUTLEJTEX.NS,Unclassified,,Micro
SUVEN,Suven Life Sciences Limited,EQ,INE495B01038,SUVEN.NS,Healthcare,,Micro
SUVIDHAA,Suvidhaa Infoserve Limited,EQ,INE018401013,SUVIDHAA.NS,Unclassified,,Micro
SUYOG,Suyog Telematics Limited,EQ,INE442P01014,SUYOG.NS,Unclassified,,Micro
SUZLON,Suzlon Energy Limited,EQ,INE040H01021,SUZLON.NS,Capital Goods,,Mid
SVGLOBAL,S V Global Mill Limited,EQ,INE159L01013,SVGLOBAL.NS,Unclassified,,Micro
SVLL,Shree Vasu Logistics Limited,EQ,INE00CE01017,SVLL.NS,Unclassified,,Micro
SVPGLOB,SVP GLOBAL TEXTILES LIMITED,EQ,INE308E01029,SVPGLOB.NS,Unclassified,,Micro
SWANCORP,SWAN CORP LIMITED,EQ,INE665A01038,SWANCORP.NS,Chemicals,,Small
SWANDEF,Swan Defence and Heavy Industries Limited,BE,INE542F01020,SWANDEF.NS,Capital Goods,Aerospace & Defense,Micro
SWARAJ,Swaraj Suiting Limited,BE,INE0GMR01016,SWARAJ.NS,Unclassified,,Micro
SWARAJENG,Swaraj Engines Limited,EQ,INE277A01016,SWARAJENG.NS,Unclassified,,Micro
SWARNSAR,Swarnsarita Jewels India Limited,EQ,INE967A01012,SWARNSAR.NS,Unclassified,,Micro
SWASTIKAIN,Swastika Infra Limited,BE,INE1QJA01015,SWASTIKAIN.NS,Unclassified,,Micro
SWELECTES,Swelect Energy Systems Limited,EQ,INE409B01013,SWELECTES.NS,Unclassified,,Micro
SWIGGY,Swiggy Limited,EQ,INE00H001014,SWIGGY.NS,Consumer Services,,Mid
SWISSMLTRY,Swiss Military Consumer Goods Limited,BE,INE010C01025,SWISSMLTRY.NS,Unclassified,,Micro
SWSOLAR,Sterling and Wilson Renewable Energy Limited,EQ,INE00M201021,SWSOLAR.NS,Construction,,Micro
SYMBIOTEC,Symbiotec Pharmalab Limited,EQ,INE899I01028,SYMBIOTEC.NS,Unclassified,,Micro
SYMPHONY,Symphony Limited,EQ,INE225D01027,SYMPHONY.NS,Consumer Durables,"Furnishings, Fixtures & Appliances",Micro
SYNCOMF,Syncom Formulations (India) Limited,EQ,INE312C01025,SYNCOMF.NS,Unclassified,,Micro
SYNGENE,Syngene International Limited,EQ,INE398R01022,SYNGENE.NS,Healthcare,,Small
SYRMA,Syrma SGS Technology Limited,EQ,INE0DYJ01015,SYRMA.NS,Capital Goods,,Small
SYSTMTXC,Systematix Corporate Services Limited,BE,INE356B01024,SYSTMTXC.NS,Unclassified,,Micro
TAALTECH,Taal Tech Limited,EQ,INE524T01029,TAALTECH.NS,Unclassified,,Micro
TAINWALCHM,Tainwala Chemical and Plastic (I) Limited,EQ,INE123C01018,TAINWALCHM.NS,Unclassified,,Micro
TAJGVK,Taj GVK Hotels & Resorts Limited,EQ,INE586B01026,TAJGVK.NS,Unclassified,,Micro
TAKE,TAKE Limited,EQ,INE142I01023,TAKE.NS,Unclassified,,Micro
TALBROAUTO,Talbros Automotive Components Limited,EQ,INE187D01029,TALBROAUTO.NS,Unclassified,,Micro
TAMBOLIIN,Tamboli Industries Limited,BE,INE864J01012,TAMBOLIIN.NS,Unclassified,,Micro
TANAA,Taneja Aerospace & Aviation Limited,EQ,INE692C01020,TANAA.NS,Unclassified,,Micro
TANLA,Tanla Platforms Limited,EQ,INE483C01032,TANLA.NS,Information Technology,,Micro
TARACHAND,Tara Chand InfraLogistic Solutions Limited,EQ,INE555Z01020,TARACHAND.NS,Unclassified,,Micro
TARAPUR,Tarapur Transformers Limited,EQ,INE747K01017,TARAPUR.NS,Unclassified,,Micro
TARC,TARC Limited,EQ,INE0EK901012,TARC.NS,Realty,,Micro
TARIL,Transformers And Rectifiers (India) Limited,EQ,INE763I01026,TARIL.NS,Capital Goods,,Small
TARMAT,Tarmat Limited,EQ,INE924H01018,TARMAT.NS,Unclassified,,Micro
TARSONS,Tarsons Products Limited,EQ,INE144Z01023,TARSONS.NS,Unclassified,,Micro
TASTYBITE,Tasty Bite Eatables Limited,EQ,INE488B01017,TASTYBITE.NS,Unclassified,,Micro
TATACAP,Tata Capital Limited,EQ,INE976I01016,TATACAP.NS,Financial Services,,Large
TATACHEM,Tata Chemicals Limited,EQ,INE092A01019,TATACHEM.NS,Chemicals,,Small
TATACOMM,Tata Communications Limited,EQ,INE151A01013,TATACOMM.NS,Telecommunication,,Mid
TATACONSUM,TATA CONSUMER PRODUCTS LIMITED,EQ,INE192A01025,TATACONSUM.NS,Fast Moving Consumer Goods,,Large
TATAELXSI,Tata Elxsi Limited,EQ,INE670A01012,TATAELXSI.NS,Information Technology,,Small
TATAINVEST,Tata Investment Corporation Limited,EQ,INE672A01026,TATAINVEST.NS,Financial Services,,Mid
TATAPOWER,Tata Power Company Limited,EQ,INE245A01021,TATAPOWER.NS,Power,,Large
TATASTEEL,Tata Steel Limited,EQ,INE081A01020,TATASTEEL.NS,Metals & Mining,,Large
TATATECH,Tata Technologies Limited,EQ,INE142M01025,TATATECH.NS,Information Technology,,Small
TATVA,Tatva Chintan Pharma Chem Limited,EQ,INE0GK401011,TATVA.NS,Chemicals,Specialty Chemicals,Micro
TBOTEK,TBO Tek Limited,EQ,INE673O01025,TBOTEK.NS,Consumer Services,,Small
TBZ,Tribhovandas Bhimji Zaveri Limited,BE,INE760L01018,TBZ.NS,Unclassified,,Micro
TCC,TCC Concept Limited,EQ,INE887D01024,TCC.NS,Unclassified,,Micro
TCI,Transport Corporation of India Limited,EQ,INE688A01022,TCI.NS,Unclassified,,Micro
TCIEXP,TCI Express Limited,EQ,INE586V01016,TCIEXP.NS,Unclassified,,Micro
TCIFINANCE,TCI Finance Limited,EQ,INE911B01018,TCIFINANCE.NS,Unclassified,,Micro
TCPLPACK,TCPL Packaging Limited,EQ,INE822C01015,TCPLPACK.NS,Unclassified,,Micro
TCS,Tata Consultancy Services Limited,EQ,INE467B01029,TCS.NS,Information Technology,,Large
TDPOWERSYS,TD Power Systems Limited,EQ,INE419M01035,TDPOWERSYS.NS,Capital Goods,,Small
TEAMGTY,Team India Guaranty Limited,EQ,INE289C01025,TEAMGTY.NS,Unclassified,,Micro
TEAMLEASE,Teamlease Services Limited,EQ,INE985S01024,TEAMLEASE.NS,Unclassified,,Micro
TECHM,Tech Mahindra Limited,EQ,INE669C01036,TECHM.NS,Information Technology,,Large
TECHNOCRAF,Technocraft Ventures Limited,EQ,INE1D0W01018,TECHNOCRAF.NS,Unclassified,,Micro
TECHNOE,Techno Electric & Engineering Company Limited,EQ,INE285K01026,TECHNOE.NS,Construction,,Small
TECHNVISN,TechNVision Ventures Limited,EQ,INE314H01012,TECHNVISN.NS,Unclassified,,Micro
TECILCHEM,TECIL Chemicals and Hydro Power Limited,EQ,INE014B01011,TECILCHEM.NS,Unclassified,,Micro
TEGA,Tega Industries Limited,EQ,INE011K01018,TEGA.NS,Capital Goods,,Small
TEJASNET,Tejas Networks Limited,EQ,INE010J01012,TEJASNET.NS,Telecommunication,,Small
TEMBO,Tembo Global Industries Limited,EQ,INE869Y01028,TEMBO.NS,Unclassified,,Micro
TEMPSENS,Tempsens Instruments (India) Limited,EQ,INE1KZI01025,TEMPSENS.NS,Unclassified,,Micro
TENNIND,Tenneco Clean Air India Limited,EQ,INE19RI01016,TENNIND.NS,Automobile and Auto Components,,Small
TERAI,Terai Tea Company Limited,EQ,INE390D01011,TERAI.NS,Unclassified,,Micro
TERASOFT,Tera Software Limited,EQ,INE482B01010,TERASOFT.NS,Unclassified,,Micro
TEXINFRA,Texmaco Infrastructure & Holdings Limited,EQ,INE435C01024,TEXINFRA.NS,Unclassified,,Micro
TEXMOPIPES,Texmo Pipes and Products Limited,EQ,INE141K01013,TEXMOPIPES.NS,Unclassified,,Micro
TEXRAIL,Texmaco Rail & Engineering Limited,EQ,INE621L01012,TEXRAIL.NS,Capital Goods,,Micro
TFCILTD,Tourism Finance Corporation of India Limited,EQ,INE305A01023,TFCILTD.NS,Unclassified,,Micro
TFL,Transwarranty Finance Limited,EQ,INE804H01012,TFL.NS,Unclassified,,Micro
TGBHOTELS,TGB Banquets And Hotels Limited,EQ,INE797H01018,TGBHOTELS.NS,Unclassified,,Micro
TGVSL,TGV Sraac Limited,EQ,INE284B01028,TGVSL.NS,Unclassified,,Micro
THACKER,Thacker & Company Limited,EQ,INE077P01034,THACKER.NS,Unclassified,,Micro
THAKDEV,Thakkers Developers Limited,EQ,INE403F01017,THAKDEV.NS,Unclassified,,Micro
THANGAMAYL,Thangamayil Jewellery Limited,EQ,INE085J01014,THANGAMAYL.NS,Consumer Durables,,Small
THEINVEST,The Investment Trust Of India Limited,EQ,INE924D01017,THEINVEST.NS,Financial Services,Capital Markets,Micro
THEJO,Thejo Engineering Limited,EQ,INE121N01019,THEJO.NS,Unclassified,,Micro
THELEELA,Leela Palaces Hotels & Resorts Limited,EQ,INE0AQ201015,THELEELA.NS,Consumer Services,,Micro
THEMISMED,Themis Medicare Limited,EQ,INE083B01024,THEMISMED.NS,Unclassified,,Micro
THERMAX,Thermax Limited,EQ,INE152A01029,THERMAX.NS,Capital Goods,,Mid
THOMASCOOK,Thomas Cook  (India)  Limited,EQ,INE332A01027,THOMASCOOK.NS,Consumer Services,,Micro
THOMASCOTT,Thomas Scott (India) Limited,EQ,INE480M01011,THOMASCOTT.NS,Unclassified,,Micro
THYROCARE,Thyrocare Technologies Limited,EQ,INE594H01019,THYROCARE.NS,Healthcare,,Micro
TI,Tilaknagar Industries Limited,EQ,INE133E01013,TI.NS,Fast Moving Consumer Goods,,Micro
TICL,Twamev Construction and Infrastructure Limited,BE,INE388G01026,TICL.NS,Unclassified,,Micro
TIGERLOGS,Tiger Logistics (India) Limited,EQ,INE906O01029,TIGERLOGS.NS,Unclassified,,Micro
TIIL,Technocraft Industries (India) Limited,EQ,INE545H01011,TIIL.NS,Unclassified,,Micro
TIINDIA,Tube Investments of India Limited,EQ,INE974X01010,TIINDIA.NS,Automobile and Auto Components,,Mid
TIJARIA,Tijaria Polypipes Limited,BE,INE440L01017,TIJARIA.NS,Unclassified,,Micro
TIL,TIL Limited,BE,INE806C01018,TIL.NS,Unclassified,,Micro
TIMETECHNO,Time Technoplast Limited,EQ,INE508G01029,TIMETECHNO.NS,Capital Goods,,Micro
TIMEX,Timex Group India Limited,EQ,INE064A01026,TIMEX.NS,Consumer Durables,,Micro
TIMKEN,Timken India Limited,EQ,INE325A01013,TIMKEN.NS,Capital Goods,,Small
TINNARUBR,Tinna Rubber and Infrastructure Limited,EQ,INE015C01016,TINNARUBR.NS,Unclassified,,Micro
TIPSFILMS,Tips Films Limited,EQ,INE0LQS01015,TIPSFILMS.NS,Unclassified,,Micro
TIPSMUSIC,Tips Music Limited,EQ,INE716B01029,TIPSMUSIC.NS,Media Entertainment & Publication,,Micro
TIRUMALCHM,Thirumalai Chemicals Limited,EQ,INE338A01024,TIRUMALCHM.NS,Chemicals,Specialty Chemicals,Micro
TIRUPATIFL,Tirupati Forge Limited,BE,INE319Y01024,TIRUPATIFL.NS,Unclassified,,Micro
TITAGARH,TITAGARH RAIL SYSTEMS LIMITED,EQ,INE615H01020,TITAGARH.NS,Capital Goods,,Small
TITAN,Titan Company Limited,EQ,INE280A01028,TITAN.NS,Consumer Durables,,Large
TMB,Tamilnad Mercantile Bank Limited,EQ,INE668A01016,TMB.NS,Financial Services,,Micro
TMCV,Tata Motors Limited,EQ,INE1TAE01010,TMCV.NS,Capital Goods,,Large
TMPV,Tata Motors Passenger Vehicles Limited,EQ,INE155A01022,TMPV.NS,Automobile and Auto Components,,Large
TNPETRO,Tamilnadu PetroProducts Limited,EQ,INE148A01019,TNPETRO.NS,Unclassified,,Micro
TNPL,Tamil Nadu Newsprint & Papers Limited,EQ,INE107A01015,TNPL.NS,Unclassified,,Micro
TNTELE,Tamilnadu Telecommunication Limited,BE,INE141D01018,TNTELE.NS,Unclassified,,Micro
TOKYOPLAST,Tokyo Plast International Limited,EQ,INE932C01012,TOKYOPLAST.NS,Unclassified,,Micro
TOLINS,Tolins Tyres Limited,EQ,INE0RWQ01014,TOLINS.NS,Unclassified,,Micro
TORNTPHARM,Torrent Pharmaceuticals Limited,EQ,INE685A01028,TORNTPHARM.NS,Healthcare,,Large
TORNTPOWER,Torrent Power Limited,EQ,INE813H01021,TORNTPOWER.NS,Power,,Mid
TOTAL,Total Transport Systems Limited,BE,INE336X01012,TOTAL.NS,Unclassified,,Micro
TOUCHWOOD,Touchwood Entertainment Limited,EQ,INE486Y01013,TOUCHWOOD.NS,Unclassified,,Micro
TOYAMSL,Toyam Sports Limited,EQ,INE457P01020,TOYAMSL.NS,Unclassified,,Micro
TPHQ,Teamo Productions HQ Limited,BE,INE065J01024,TPHQ.NS,Unclassified,,Micro
TPLPLASTEH,TPL Plastech Limited,EQ,INE413G01022,TPLPLASTEH.NS,Unclassified,,Micro
TRACXN,Tracxn Technologies Limited,EQ,INE0HMF01019,TRACXN.NS,Unclassified,,Micro
TRANSCOR,Transcorp International Limited,EQ,INE330E01023,TRANSCOR.NS,Unclassified,,Micro
TRANSPEK,Transpek Industry Limited,BE,INE687A01016,TRANSPEK.NS,Unclassified,,Micro
TRANSRAILL,Transrail Lighting Limited,EQ,INE454P01035,TRANSRAILL.NS,Capital Goods,,Micro
TRANSWORLD,TRANSWORLD SHIPPING LINES LIMITED,BE,INE757B01015,TRANSWORLD.NS,Unclassified,,Micro
TRAVELFOOD,Travel Food Services Limited,EQ,INE103V01028,TRAVELFOOD.NS,Unclassified,,Micro
TREEHOUSE,Tree House Education & Accessories Limited,EQ,INE040M01013,TREEHOUSE.NS,Unclassified,,Micro
TREJHARA,TREJHARA SOLUTIONS LIMITED,EQ,INE00CA01015,TREJHARA.NS,Unclassified,,Micro
TREL,Transindia Real Estate Limited,EQ,INE0O3901029,TREL.NS,Unclassified,,Micro
TRENT,Trent Limited,EQ,INE849A01020,TRENT.NS,Consumer Services,,Large
TRF,TRF Limited,EQ,INE391D01019,TRF.NS,Capital Goods,Specialty Industrial Machinery,Micro
TRIDENT,Trident Limited,EQ,INE064C01022,TRIDENT.NS,Textiles,,Small
TRIGYN,Trigyn Technologies Limited,EQ,INE948A01012,TRIGYN.NS,Unclassified,,Micro
TRITONV,Triton Valves Limited,EQ,INE440G01017,TRITONV.NS,Unclassified,,Micro
TRITURBINE,Triveni Turbine Limited,EQ,INE152M01016,TRITURBINE.NS,Capital Goods,,Small
TRIVENI,Triveni Engineering & Industries Limited,EQ,INE256C01024,TRIVENI.NS,Unclassified,,Micro
TRU,TruCap Finance Limited,EQ,INE615R01029,TRU.NS,Unclassified,,Micro
TRUALT,TruAlt Bioenergy Limited,EQ,INE0MWH01014,TRUALT.NS,Unclassified,,Micro
TSFINV,TSF INVESTMENTS LIMITED,EQ,INE202Z01029,TSFINV.NS,Unclassified,,Micro
TTKHLTCARE,TTK Healthcare Limited,EQ,INE910C01018,TTKHLTCARE.NS,Unclassified,,Micro
TTKPRESTIG,TTK Prestige Limited,EQ,INE690A01028,TTKPRESTIG.NS,Consumer Durables,,Micro
TTL,T T Limited,EQ,INE592B01024,TTL.NS,Unclassified,,Micro
TTML,Tata Teleservices (Maharashtra) Limited,EQ,INE517B01013,TTML.NS,Telecommunication,,Small
TURTLEMINT,Turtlemint Fintech Solutions Limited,EQ,INE0OC301013,TURTLEMINT.NS,Unclassified,,Micro
TUTIALKA,Tuticorin Alkali Chemicals & Fertilizers Limited,EQ,INE400A01014,TUTIALKA.NS,Unclassified,,Micro
TVSELECT,TVS Electronics Limited,EQ,INE236G01019,TVSELECT.NS,Unclassified,,Micro
TVSHLTD,TVS Holdings Limited,EQ,INE105A01035,TVSHLTD.NS,Unclassified,,Micro
TVSMOTOR,TVS Motor Company Limited,EQ,INE494B01023,TVSMOTOR.NS,Automobile and Auto Components,,Large
TVSSCS,TVS Supply Chain Solutions Limited,EQ,INE395N01027,TVSSCS.NS,Services,,Micro
TVSSRICHAK,TVS Srichakra Limited,EQ,INE421C01016,TVSSRICHAK.NS,Unclassified,,Micro
TVTODAY,TV Today Network Limited,EQ,INE038F01029,TVTODAY.NS,Unclassified,,Micro
TVVISION,TV Vision Limited,BE,INE871L01013,TVVISION.NS,Unclassified,,Micro
UBL,United Breweries Limited,EQ,INE686F01025,UBL.NS,Fast Moving Consumer Goods,,Mid
UCAL,UCAL LIMITED,BE,INE139B01016,UCAL.NS,Unclassified,,Micro
UCOBANK,UCO Bank,EQ,INE691A01018,UCOBANK.NS,Financial Services,,Small
UDAYJEW,Uday Jewellery Industries Limited,EQ,INE551B01012,UDAYJEW.NS,Unclassified,,Micro
UDS,Updater Services Limited,EQ,INE851I01011,UDS.NS,Unclassified,,Micro
UEL,Ujaas Energy Limited,EQ,INE899L01030,UEL.NS,Unclassified,,Micro
UFBL,United Foodbrands Limited,BE,INE382M01027,UFBL.NS,Unclassified,,Micro
UFLEX,UFLEX Limited,EQ,INE516A01017,UFLEX.NS,Unclassified,,Micro
UFO,UFO Moviez India Limited,EQ,INE527H01019,UFO.NS,Unclassified,,Micro
UGARSUGAR,The Ugar Sugar Works Limited,BE,INE071E01023,UGARSUGAR.NS,Unclassified,,Micro
UGROCAP,Ugro Capital Limited,EQ,INE583D01011,UGROCAP.NS,Financial Services,Credit Services,Micro
UJJIVANSFB,Ujjivan Small Finance Bank Limited,EQ,INE551W01018,UJJIVANSFB.NS,Financial Services,,Micro
ULTRACEMCO,UltraTech Cement Limited,EQ,INE481G01011,ULTRACEMCO.NS,Construction Materials,,Large
ULTRAMAR,Ultramarine & Pigments Limited,EQ,INE405A01021,ULTRAMAR.NS,Unclassified,,Micro
UMAEXPORTS,Uma Exports Limited,BE,INE0GIU01018,UMAEXPORTS.NS,Unclassified,,Micro
UMESLTD,Usha Martin Education & Solutions Limited,EQ,INE240C01028,UMESLTD.NS,Unclassified,,Micro
UMIYA-MRO,UMIYA BUILDCON LIMITED,EQ,INE398B01018,UMIYA-MRO.NS,Unclassified,,Micro
UNICHEMLAB,Unichem Laboratories Limited,EQ,INE351A01035,UNICHEMLAB.NS,Unclassified,,Micro
UNIDT,United Drilling Tools Limited,EQ,INE961D01019,UNIDT.NS,Unclassified,,Micro
UNIECOM,Unicommerce Esolutions Limited,EQ,INE00U401027,UNIECOM.NS,Unclassified,,Micro
UNIENTER,Uniphos Enterprises Limited,EQ,INE037A01022,UNIENTER.NS,Unclassified,,Micro
UNIINFO,Uniinfo Telecom Services Limited,EQ,INE481Z01011,UNIINFO.NS,Unclassified,,Micro
UNIMECH,Unimech Aerospace and Manufacturing Limited,EQ,INE0U3I01011,UNIMECH.NS,Capital Goods,,Micro
UNIONBANK,Union Bank of India,EQ,INE692A01016,UNIONBANK.NS,Financial Services,,Large
UNIPARTS,Uniparts India Limited,EQ,INE244O01017,UNIPARTS.NS,Unclassified,,Micro
UNITDSPR,United Spirits Limited,EQ,INE854D01024,UNITDSPR.NS,Fast Moving Consumer Goods,,Mid
UNITECH,Unitech Limited,EQ,INE694A01020,UNITECH.NS,Unclassified,,Micro
UNITEDPOLY,United Polyfab Gujarat Limited,EQ,INE368U01029,UNITEDPOLY.NS,Unclassified,,Micro
UNITEDTEA,The United Nilgiri Tea Estates Company Limited,EQ,INE458F01011,UNITEDTEA.NS,Unclassified,,Micro
UNIVASTU,Univastu India Limited,BE,INE562X01013,UNIVASTU.NS,Unclassified,,Micro
UNIVCABLES,Universal Cables Limited,EQ,INE279A01012,UNIVCABLES.NS,Unclassified,,Micro
UNIVPHOTO,Universus Photo Imagings Limited,BE,INE03V001013,UNIVPHOTO.NS,Unclassified,,Micro
UNOMINDA,UNO Minda Limited,EQ,INE405E01023,UNOMINDA.NS,Automobile and Auto Components,,Mid
UPHOT,U P Hotels Limited,EQ,INE726E01014,UPHOT.NS,Unclassified,,Micro
UPL,UPL Limited,EQ,INE628A01036,UPL.NS,Chemicals,,Mid
URAVIDEF,Uravi Defence and Technology Limited,BE,INE568Z01015,URAVIDEF.NS,Automobile and Auto Components,Auto Parts,Micro
URBANCO,Urban Company Limited,EQ,INE0CAZ01013,URBANCO.NS,Consumer Services,,Small
URJA,Urja Global Limited,EQ,INE550C01020,URJA.NS,Unclassified,,Micro
USHAMART,Usha Martin Limited,EQ,INE228A01035,USHAMART.NS,Capital Goods,,Small
USK,Udayshivakumar Infra Limited,EQ,INE0N0Y01013,USK.NS,Unclassified,,Micro
UTIAMC,UTI Asset Management Company Limited,EQ,INE094J01016,UTIAMC.NS,Financial Services,,Small
UTKARSHBNK,Utkarsh Small Finance Bank Limited,EQ,INE735W01017,UTKARSHBNK.NS,Unclassified,,Micro
UTLSOLAR,Fujiyama Power Systems Limited,EQ,INE12UR01024,UTLSOLAR.NS,Capital Goods,,Micro
UTTAMSUGAR,Uttam Sugar Mills Limited,EQ,INE786F01031,UTTAMSUGAR.NS,Unclassified,,Micro
UYFINCORP,U. Y. Fincorp Limited,BE,INE152C01025,UYFINCORP.NS,Financial Services,Credit Services,Micro
V2RETAIL,V2 Retail Limited,EQ,INE945H01021,V2RETAIL.NS,Consumer Services,,Micro
VADILALIND,Vadilal Industries Limited,EQ,INE694D01016,VADILALIND.NS,Unclassified,,Micro
VADILENT,Vadilal Enterprises Limited,EQ,INE693D01018,VADILENT.NS,Unclassified,,Micro
VAIBHAVGBL,Vaibhav Global Limited,EQ,INE884A01027,VAIBHAVGBL.NS,Consumer Durables,,Micro
VAISHALI,Vaishali Pharma Limited,EQ,INE972X01022,VAISHALI.NS,Unclassified,,Micro
VAKRANGEE,Vakrangee Limited,EQ,INE051B01021,VAKRANGEE.NS,Unclassified,,Micro
VALIANTLAB,Valiant Laboratories Limited,BE,INE0JWS01017,VALIANTLAB.NS,Unclassified,,Micro
VALIANTORG,Valiant Organics Limited,EQ,INE565V01010,VALIANTORG.NS,Chemicals,Chemicals,Micro
VAML,Vedanta Aluminium Metal Limited,EQ,INE1CDF01017,VAML.NS,Metals & Mining,,Large
VARDHACRLC,Vardhman Acrylics Limited,EQ,INE116G01013,VARDHACRLC.NS,Unclassified,,Micro
VARDMNPOLY,Vardhman Polytex Limited,EQ,INE835A01029,VARDMNPOLY.NS,Unclassified,,Micro
VARMORA,Varmora Granito Limited,EQ,INE0M5301040,VARMORA.NS,Unclassified,,Micro
VARROC,Varroc Engineering Limited,EQ,INE665L01035,VARROC.NS,Unclassified,,Micro
VASCONEQ,Vascon Engineers Limited,EQ,INE893I01013,VASCONEQ.NS,Unclassified,,Micro
VASUPRADA,Shri Vasuprada Plantations Limited,EQ,INE574G01013,VASUPRADA.NS,Unclassified,,Micro
VASWANI,Vaswani Industries Limited,EQ,INE590L01019,VASWANI.NS,Metals & Mining,Steel,Micro
VBL,Varun Beverages Limited,EQ,INE200M01039,VBL.NS,Fast Moving Consumer Goods,,Large
VCL,Vaxtex Cotfab Limited,BE,INE098201036,VCL.NS,Unclassified,,Micro
VEDAVAAG,VEDAVAAG Systems Limited,EQ,INE359B01010,VEDAVAAG.NS,Unclassified,,Micro
VEDL,Vedanta Limited,EQ,INE205A01025,VEDL.NS,Metals & Mining,,Large
VEDPOWER,Vedanta Power Limited,EQ,INE694L01019,VEDPOWER.NS,Power,,Small
VEEDOL,Veedol Corporation Limited,EQ,INE484C01030,VEEDOL.NS,Unclassified,,Micro
VEEGALAND,Veegaland Developers Limited,EQ,INE1JTV01015,VEEGALAND.NS,Unclassified,,Micro
VELJAN,Veljan Denison Limited,BE,INE232E01013,VELJAN.NS,Unclassified,,Micro
VENKEYS,Venky's (India) Limited,EQ,INE398A01010,VENKEYS.NS,Unclassified,,Micro
VENTIVE,Ventive Hospitality Limited,EQ,INE781S01027,VENTIVE.NS,Unclassified,,Micro
VENUSPIPES,Venus Pipes & Tubes Limited,EQ,INE0JA001018,VENUSPIPES.NS,Unclassified,,Micro
VENUSREM,Venus Remedies Limited,BE,INE411B01019,VENUSREM.NS,Unclassified,,Micro
VERANDA,Veranda Learning Solutions Limited,BE,INE0IQ001011,VERANDA.NS,Services,Education & Training Services,Micro
VERTOZ,Vertoz Limited,EQ,INE188Y01031,VERTOZ.NS,Unclassified,,Micro
VESUVIUS,Vesuvius India Limited,EQ,INE386A01023,VESUVIUS.NS,Capital Goods,,Micro
VETO,Veto Switchgears And Cables Limited,EQ,INE918N01018,VETO.NS,Unclassified,,Micro
VGCL,Vibrant Global Capital Limited,EQ,INE761Q01015,VGCL.NS,Unclassified,,Micro
VGL,VARVEE GLOBAL LIMITED,EQ,INE273D01027,VGL.NS,Unclassified,,Micro
VGUARD,V-Guard Industries Limited,EQ,INE951I01027,VGUARD.NS,Consumer Durables,,Micro
VHL,Vardhman Holdings Limited,EQ,INE701A01023,VHL.NS,Unclassified,,Micro
VHLTD,Viceroy Hotels Limited,BE,INE048C01025,VHLTD.NS,Unclassified,,Micro
VIDHIING,Vidhi Specialty Food Ingredients Limited,EQ,INE632C01026,VIDHIING.NS,Unclassified,,Micro
VIDYAWIRES,Vidya Wires Limited,EQ,INE14UN01029,VIDYAWIRES.NS,Unclassified,,Micro
VIJAYA,Vijaya Diagnostic Centre Limited,EQ,INE043W01024,VIJAYA.NS,Healthcare,,Small
VIJIFIN,Viji Finance Limited,BE,INE159N01027,VIJIFIN.NS,Unclassified,,Micro
VIJSOLX,Vijay Solvex Limited,EQ,INE362D01010,VIJSOLX.NS,Unclassified,,Micro
VIKASECO,Vikas EcoTech Limited,EQ,INE806A01020,VIKASECO.NS,Unclassified,,Micro
VIKASLIFE,Vikas Lifecare Limited,EQ,INE161L01027,VIKASLIFE.NS,Unclassified,,Micro
VIKRAMSOLR,Vikram Solar Limited,EQ,INE078V01014,VIKRAMSOLR.NS,Capital Goods,,Micro
VIKRAN,Vikran Engineering Limited,EQ,INE01R501028,VIKRAN.NS,Unclassified,,Micro
VIMTALABS,Vimta Labs Limited,EQ,INE579C01029,VIMTALABS.NS,Unclassified,,Micro
VINATIORGA,Vinati Organics Limited,EQ,INE410B01037,VINATIORGA.NS,Unclassified,,Micro
VINCOFE,Vintage Coffee And Beverages Limited,EQ,INE498Q01014,VINCOFE.NS,Unclassified,,Micro
VINDHYATEL,Vindhya Telelinks Limited,EQ,INE707A01012,VINDHYATEL.NS,Unclassified,,Micro
VINEETLAB,Vineet Laboratories Limited,EQ,INE505Y01010,VINEETLAB.NS,Unclassified,,Micro
VINNY,Vinny Overseas Limited,EQ,INE01KI01027,VINNY.NS,Unclassified,,Micro
VINYLINDIA,Vinyl Chemicals (India) Limited,EQ,INE250B01029,VINYLINDIA.NS,Unclassified,,Micro
VIPCLOTHNG,VIP Clothing Limited,EQ,INE450G01024,VIPCLOTHNG.NS,Unclassified,,Micro
VIPIND,VIP Industries Limited,EQ,INE054A01027,VIPIND.NS,Consumer Durables,,Micro
VIPULLTD,Vipul Limited,BE,INE946H01037,VIPULLTD.NS,Unclassified,,Micro
VIRAT,Virat Industries Limited,EQ,INE467D01017,VIRAT.NS,Unclassified,,Micro
VIRINCHI,Virinchi Limited,EQ,INE539B01017,VIRINCHI.NS,Unclassified,,Micro
VIRTUALG,Virtual Global Education Limited,BE,INE247C01023,VIRTUALG.NS,Unclassified,,Micro
VISACHROME,VISA Chrome Limited,EQ,INE286H01012,VISACHROME.NS,Unclassified,,Micro
VISAKAIND,Visaka Industries Limited,BE,INE392A01021,VISAKAIND.NS,Unclassified,,Micro
VISHAL,Vishal Fabrics Limited,EQ,INE755Q01025,VISHAL.NS,Unclassified,,Micro
VISHNU,Vishnu Chemicals Limited,EQ,INE270I01022,VISHNU.NS,Unclassified,,Micro
VISHWARAJ,Vishwaraj Sugar Industries Limited,EQ,INE430N01022,VISHWARAJ.NS,Unclassified,,Micro
VISL,Vedanta Iron and Steel Limited,EQ,INE1CLE01013,VISL.NS,Metals & Mining,,Small
VITAL,Vital Chemtech Limited,EQ,INE0L4K01016,VITAL.NS,Unclassified,,Micro
VIVIANA,Viviana Power Tech Limited,EQ,INE0MEG01014,VIVIANA.NS,Unclassified,,Micro
VIVIDHA,Visagar Polytex Limited,EQ,INE370E01029,VIVIDHA.NS,Unclassified,,Micro
VIVIMEDLAB,Vivimed Labs Limited,BE,INE526G01021,VIVIMEDLAB.NS,Unclassified,,Micro
VIVOBIOT,Vivo Bio Tech Limited,EQ,INE380K01017,VIVOBIOT.NS,Unclassified,,Micro
VIYASH,Viyash Scientific Limited,EQ,INE807F01027,VIYASH.NS,Healthcare,,Micro
VLEGOV,VL E-Governance & IT Solutions Limited,EQ,INE03HW01020,VLEGOV.NS,Unclassified,,Micro
VLSFINANCE,VLS Finance Limited,EQ,INE709A01018,VLSFINANCE.NS,Unclassified,,Micro
VMART,V-Mart Retail Limited,EQ,INE665J01013,VMART.NS,Consumer Services,,Micro
VMM,Vishal Mega Mart Limited,EQ,INE01EA01019,VMM.NS,Consumer Services,,Mid
VMSTMT,VMS TMT Limited,EQ,INE0SJA01013,VMSTMT.NS,Unclassified,,Micro
VOEPL,Virtuoso Optoelectronics Limited,EQ,INE0I0T01010,VOEPL.NS,Unclassified,,Micro
VOGL,Vedanta Oil and Gas Limited,EQ,INE704J01044,VOGL.NS,Oil Gas & Consumable Fuels,,Small
VOITHPAPR,Voith Paper Fabrics India Limited,EQ,INE285C01015,VOITHPAPR.NS,Unclassified,,Micro
VOLTAMP,Voltamp Transformers Limited,EQ,INE540H01012,VOLTAMP.NS,Capital Goods,,Micro
VOLTAS,Voltas Limited,EQ,INE226A01021,VOLTAS.NS,Consumer Durables,,Mid
VPRPL,Vishnu Prakash R Punglia Limited,EQ,INE0AE001013,VPRPL.NS,Unclassified,,Micro
VRAJ,Vraj Iron and Steel Limited,EQ,INE0S2V01010,VRAJ.NS,Unclassified,,Micro
VRLLOG,VRL Logistics Limited,EQ,INE366I01010,VRLLOG.NS,Unclassified,,Micro
VSSL,Vardhman Special Steels Limited,EQ,INE050M01012,VSSL.NS,Unclassified,,Micro
VSTIND,VST Industries Limited,EQ,INE710A01016,VSTIND.NS,Fast Moving Consumer Goods,Tobacco,Micro
VSTL,Vibhor Steel Tubes Limited,EQ,INE0QTF01015,VSTL.NS,Unclassified,,Micro
VSTTILLERS,V.S.T Tillers Tractors Limited,EQ,INE764D01017,VSTTILLERS.NS,Unclassified,,Micro
VTL,Vardhman Textiles Limited,EQ,INE825A01020,VTL.NS,Textiles,,Small
VTMLTD,VTM Limited,EQ,INE222F01029,VTMLTD.NS,Unclassified,,Micro
WAAREEENER,Waaree Energies Limited,EQ,INE377N01017,WAAREEENER.NS,Capital Goods,,Mid
WAAREEINDO,Indosolar Limited,EQ,INE866K01023,WAAREEINDO.NS,Power,Solar,Micro
WAAREERTL,Waaree Renewable Technologies Limited,EQ,INE299N01021,WAAREERTL.NS,Capital Goods,,Micro
WABAG,VA Tech Wabag Limited,EQ,INE956G01038,WABAG.NS,Utilities,,Micro
WAKEFIT,Wakefit Innovations Limited,EQ,INE0E7301029,WAKEFIT.NS,Consumer Durables,,Micro
WALCHANNAG,Walchandnagar Industries Limited,EQ,INE711A01022,WALCHANNAG.NS,Unclassified,,Micro
WANBURY,Wanbury Limited,EQ,INE107F01022,WANBURY.NS,Unclassified,,Micro
WATERBASE,Waterbase Limited,EQ,INE054C01015,WATERBASE.NS,Unclassified,,Micro
WCIL,Western Carriers (India) Limited,EQ,INE0CJF01024,WCIL.NS,Unclassified,,Micro
WEALTH,Wealth First Portfolio Managers Limited,EQ,INE658T01017,WEALTH.NS,Unclassified,,Micro
WEBELSOLAR,Websol Energy System Limited,EQ,INE855C01023,WEBELSOLAR.NS,Capital Goods,,Micro
WEIZMANIND,Weizmann Limited,EQ,INE080A01014,WEIZMANIND.NS,Unclassified,,Micro
WEL,Wonder Electricals Limited,EQ,INE02WG01024,WEL.NS,Unclassified,,Micro
WELCORP,Welspun Corp Limited,EQ,INE191B01025,WELCORP.NS,Capital Goods,,Small
WELENT,Welspun Enterprises Limited,EQ,INE625G01013,WELENT.NS,Construction,,Micro
WELINV,Welspun Investments and Commercials Limited,BE,INE389K01018,WELINV.NS,Unclassified,,Micro
WELSPLSOL,Welspun Specialty Solutions Limited,EQ,INE731F01037,WELSPLSOL.NS,Unclassified,,Micro
WELSPUNLIV,Welspun Living Limited,EQ,INE192B01031,WELSPUNLIV.NS,Textiles,,Small
WENDT,Wendt (India) Limited,EQ,INE274C01019,WENDT.NS,Unclassified,,Micro
WESTLIFE,WESTLIFE FOODWORLD LIMITED,EQ,INE274F01020,WESTLIFE.NS,Consumer Services,,Micro
WEWIN,WE WIN LIMITED,EQ,INE082W01014,WEWIN.NS,Unclassified,,Micro
WEWORK,WeWork India Management Limited,EQ,INE085001019,WEWORK.NS,Services,,Micro
WHBRADY,WH Brady & Company Limited,EQ,INE855A01019,WHBRADY.NS,Unclassified,,Micro
WHEELS,Wheels India Limited,EQ,INE715A01015,WHEELS.NS,Unclassified,,Micro
WHIRLPOOL,Whirlpool of India Limited,EQ,INE716A01013,WHIRLPOOL.NS,Consumer Durables,,Small
WILLAMAGOR,Williamson Magor & Company Limited,EQ,INE210A01017,WILLAMAGOR.NS,Financial Services,Credit Services,Micro
WINDLAS,Windlas Biotech Limited,EQ,INE0H5O01029,WINDLAS.NS,Unclassified,,Micro
WINDMACHIN,Windsor Machines Limited,EQ,INE052A01021,WINDMACHIN.NS,Unclassified,,Micro
WIPL,The Western India Plywoods Limited,EQ,INE215F01023,WIPL.NS,Unclassified,,Micro
WIPRO,Wipro Limited,EQ,INE075A01022,WIPRO.NS,Information Technology,,Large
WOCKPHARMA,Wockhardt Limited,EQ,INE049B01025,WOCKPHARMA.NS,Healthcare,,Small
WONDERLA,Wonderla Holidays Limited,EQ,INE066O01014,WONDERLA.NS,Unclassified,,Micro
WORTHPERI,Worth Peripherals Limited,EQ,INE196Y01018,WORTHPERI.NS,Unclassified,,Micro
WPIL,WPIL Limited,EQ,INE765D01022,WPIL.NS,Unclassified,,Micro
WSI,W S Industries (I) Limited,EQ,INE100D01014,WSI.NS,Unclassified,,Micro
WSTCSTPAPR,West Coast Paper Mills Limited,EQ,INE976A01021,WSTCSTPAPR.NS,Unclassified,,Micro
XCHANGING,Xchanging Solutions Limited,EQ,INE692G01013,XCHANGING.NS,Unclassified,,Micro
XELPMOC,Xelpmoc Design And Tech Limited,EQ,INE01P501012,XELPMOC.NS,Unclassified,,Micro
XPROINDIA,Xpro India Limited,EQ,INE445C01015,XPROINDIA.NS,Unclassified,,Micro
XTGLOBAL,Xtglobal Infotech Limited,EQ,INE547B01028,XTGLOBAL.NS,Unclassified,,Micro
XTRANET,Xtranet Technologies Limited,EQ,INE0NG701011,XTRANET.NS,Unclassified,,Micro
YASHO,Yasho Industries Limited,EQ,INE616Z01012,YASHO.NS,Unclassified,,Micro
YATHARTH,Yatharth Hospital & Trauma Care Services Limited,EQ,INE0JO301016,YATHARTH.NS,Healthcare,,Micro
YATRA,Yatra Online Limited,EQ,INE0JR601024,YATRA.NS,Unclassified,,Micro
YESBANK,Yes Bank Limited,EQ,INE528G01035,YESBANK.NS,Financial Services,,Mid
YOGI,Yogi Limited,EQ,INE290E01011,YOGI.NS,Unclassified,,Micro
YUKEN,Yuken India Limited,EQ,INE384C01016,YUKEN.NS,Capital Goods,Specialty Industrial Machinery,Micro
ZAGGLE,Zaggle Prepaid Ocean Services Limited,EQ,INE07K301024,ZAGGLE.NS,Information Technology,,Micro
ZEEL,Zee Entertainment Enterprises Limited,EQ,INE256A01028,ZEEL.NS,Media Entertainment & Publication,,Small
ZEELEARN,Zee Learn Limited,EQ,INE565L01011,ZEELEARN.NS,Unclassified,,Micro
ZEEMEDIA,Zee Media Corporation Limited,EQ,INE966H01019,ZEEMEDIA.NS,Unclassified,,Micro
ZENITHEXPO,Zenith Exports Limited,EQ,INE058B01018,ZENITHEXPO.NS,Unclassified,,Micro
ZENITHSTL,Zenith Steel Pipes & Industries Limited,EQ,INE318D01020,ZENITHSTL.NS,Unclassified,,Micro
ZENSARTECH,Zensar Technologies Limited,EQ,INE520A01027,ZENSARTECH.NS,Information Technology,,Small
ZENTEC,Zen Technologies Limited,EQ,INE251B01027,ZENTEC.NS,Capital Goods,,Small
ZFCVINDIA,ZF Commercial Vehicle Control Systems India Limited,EQ,INE342J01019,ZFCVINDIA.NS,Automobile and Auto Components,,Small
ZFSTEERING,ZF Steering Gear (India) Limited,EQ,INE116C01012,ZFSTEERING.NS,Unclassified,,Micro
ZIMLAB,Zim Laboratories Limited,EQ,INE518E01015,ZIMLAB.NS,Unclassified,,Micro
ZODIAC,Zodiac Energy Limited,EQ,INE761Y01019,ZODIAC.NS,Unclassified,,Micro
ZODIACLOTH,Zodiac Clothing Company Limited,EQ,INE206B01013,ZODIACLOTH.NS,Unclassified,,Micro
ZOTA,Zota Health Care LImited,EQ,INE358U01012,ZOTA.NS,Unclassified,,Micro
ZSARACOM,Saraswati Commercial India Limited,EQ,INE967G01019,ZSARACOM.NS,Unclassified,,Micro
ZUARI,Zuari Agro Chemicals Limited,EQ,INE840M01016,ZUARI.NS,Unclassified,,Micro
ZUARIIND,ZUARI INDUSTRIES LIMITED,EQ,INE217A01012,ZUARIIND.NS,Unclassified,,Micro
ZYDUSLIFE,Zydus Lifesciences Limited,EQ,INE010B01027,ZYDUSLIFE.NS,Healthcare,,Large
ZYDUSWELL,Zydus Wellness Limited,EQ,INE768C01028,ZYDUSWELL.NS,Fast Moving Consumer Goods,,Small
