session_date,symbol,nse_symbol,name,sector,mcap_bucket,type,status,first_hit_time,last_update,day_open,day_high,day_low,ltp,prev_close,change_pct,prior_52w_high,prior_52w_low,prior_extreme_date,pct_beyond,still_beyond,volume,avg_vol_20,vol_multiple,vol_pace,volume_confirmed,gap_pct,range_position,rs_vs_nifty_1m,short_history,source
2026-10-06,AAREYDRUGS.NS,AAREYDRUGS,Aarey Drugs & Pharmaceuticals Limited,Unclassified,Micro,HIGH,confirmed,,,104.0000,108.9800,101.0100,107.8500,104.0700,3.6322,107.8500,50.3100,2026-10-01,1.0478,True,184313.0000,239345.4500,0.7701,0.7701,False,-0.0673,0.8582,17.1866,False,yfinance
2026-10-06,AARNAV.NS,AARNAV,Aarnav Fashions Limited,Unclassified,Micro,HIGH,confirmed,,,36.2300,38.0000,35.0100,37.3100,36.4900,2.2472,37.6000,21.0000,2026-09-28,1.0638,False,47378.0000,17594.0500,2.6928,2.6928,True,-0.7125,0.7692,20.3942,True,yfinance
2026-10-06,AEQUS.NS,AEQUS,Aequs Limited,Capital Goods,Micro,HIGH,confirmed,,,288.0000,294.7000,283.8500,286.1000,284.5000,0.5624,287.7000,113.3000,2026-10-05,2.4331,False,4437254.0000,4772529.7500,0.9297,0.9297,False,1.2302,0.2074,26.9347,True,yfinance
2026-10-06,AETHER.NS,AETHER,Aether Industries Limited,Chemicals,Small,HIGH,confirmed,,,1649.0000,1814.1000,1640.9000,1799.8000,1661.0000,8.3564,1798.0000,728.0000,2026-09-25,0.8954,True,1456255.0000,286714.1500,5.0791,5.0791,True,-0.7225,0.9174,15.7296,False,yfinance
2026-10-06,AVADHSUGAR.NS,AVADHSUGAR,Avadh Sugar & Energy Limited,Unclassified,Micro,HIGH,confirmed,,,870.4500,898.8000,856.0000,873.3000,840.3500,3.9210,884.8000,306.0500,2026-08-24,1.5823,False,523457.0000,123653.2500,4.2333,4.2333,True,3.5818,0.4042,8.5980,False,yfinance
2026-10-06,BAFNAPH.NS,BAFNAPH,Bafna Pharmaceuticals Limited,Unclassified,Micro,HIGH,confirmed,,,394.0000,394.0000,393.0000,394.0000,386.3000,1.9933,386.3000,94.7700,2026-10-05,1.9933,True,480.0000,4518.1500,0.1062,0.1062,False,1.9933,1.0000,35.1249,False,yfinance
2026-10-06,BHEL.NS,BHEL,Bharat Heavy Electricals Limited,Capital Goods,Mid,HIGH,confirmed,,,429.0000,453.9000,427.7000,452.0000,429.0000,5.3613,446.5000,229.5400,2026-07-17,1.6573,True,22865195.0000,6237761.4500,3.6656,3.6656,True,0.0000,0.9275,11.8453,False,yfinance
2026-10-06,CPCAP.NS,CPCAP,CP Capital Limited,Financial Services,Micro,HIGH,confirmed,,,135.0000,161.3400,135.0000,154.5300,134.4500,14.9349,160.5000,73.5100,2026-09-22,0.5234,False,462318.0000,52562.8000,8.7955,8.7955,True,0.4091,0.7415,25.0126,False,yfinance
2026-10-06,CPPLUS.NS,CPPLUS,Aditya Infotech Limited,Capital Goods,Small,HIGH,confirmed,,,4082.1001,4188.8999,3942.5000,3976.0000,3989.5000,-0.3384,4094.0000,1304.0000,2026-08-13,2.3180,False,432803.0000,246763.6500,1.7539,1.7539,True,2.3211,0.1360,10.5413,False,yfinance
2026-10-06,CUPID.NS,CUPID,Cupid Limited,Fast Moving Consumer Goods,Small,HIGH,confirmed,,,310.9500,324.9500,310.1000,324.2000,310.1000,4.5469,316.0000,41.8160,2026-10-05,2.8323,True,24176893.0000,22877797.2500,1.0568,1.0568,False,0.2741,0.9495,19.9907,False,yfinance
2026-10-06,DELTACORP.NS,DELTACORP,Delta Corp Limited,Consumer Services,Micro,HIGH,confirmed,,,84.2500,88.6000,81.0000,84.3400,85.4300,-1.2759,87.9000,48.3000,2026-09-30,0.7964,False,61115839.0000,16989714.0000,3.5972,3.5972,True,-1.3812,0.4395,54.6677,False,yfinance
2026-10-06,DMCC.NS,DMCC,DMCC SPECIALITY CHEMICALS LIMITED,Chemicals,Micro,HIGH,confirmed,,,323.3000,374.1500,323.0000,355.8000,319.1000,11.5011,332.9000,191.3500,2026-05-08,12.3911,True,2942524.0000,112323.2500,26.1969,26.1969,True,1.3162,0.6413,25.9058,False,yfinance
2026-10-06,DSKULKARNI.NS,DSKULKARNI,DS Kulkarni Developers Limited,Realty,Micro,HIGH,confirmed,,,27.1200,27.1200,27.1200,27.1200,26.5900,1.9932,26.5900,8.6000,2026-10-05,1.9932,True,1129.0000,132.0500,8.5498,8.5498,True,1.9932,,44.2464,False,yfinance
2026-10-06,DYNAMATECH.NS,DYNAMATECH,Dynamatic Technologies Limited,Capital Goods,Micro,HIGH,confirmed,,,14300.0000,14409.0000,14111.0000,14279.0000,14251.0000,0.1965,14375.0000,6765.0000,2026-10-05,0.2365,False,25746.0000,27369.6500,0.9407,0.9407,False,0.3438,0.5638,28.0212,False,yfinance
2026-10-06,EIMCOELECO.NS,EIMCOELECO,Eimco Elecon (India) Limited,Capital Goods,Micro,HIGH,confirmed,,,2251.3999,2415.8999,2251.3999,2371.8000,2241.8999,5.7942,2380.0000,1405.5000,2025-10-09,1.5084,False,81588.0000,21931.3000,3.7202,3.7202,True,0.4237,0.7319,8.6046,False,yfinance
2026-10-06,FINEORG.NS,FINEORG,Fine Organic Industries Limited,Chemicals,Micro,HIGH,confirmed,,,5208.0000,5590.0000,5208.0000,5537.0000,5210.0000,6.2764,5407.0000,3856.0000,2026-06-30,3.3845,True,79818.0000,19566.8500,4.0792,4.0792,True,-0.0384,0.8613,11.4987,False,yfinance
2026-10-06,GCSL.NS,GCSL,Gretex Corporate Services Limited,Financial Services,Micro,HIGH,confirmed,,,685.0000,696.2500,685.0000,693.0500,681.7500,1.6575,688.5000,213.1500,2026-10-05,1.1256,True,225480.0000,645664.7500,0.3492,0.3492,False,0.4767,0.7156,22.7233,False,yfinance
2026-10-06,GFSTEELS.NS,GFSTEELS,Grand Foundry Limited,Metals & Mining,Micro,HIGH,confirmed,,,39.8300,39.8300,39.8300,39.8300,39.0500,1.9974,39.0500,10.2100,2026-10-05,1.9974,True,47277.0000,33081.3500,1.4291,1.4291,False,1.9974,,170.1299,False,yfinance
2026-10-06,GLOBAL.NS,GLOBAL,Global Education Limited,Services,Micro,HIGH,confirmed,,,141.0000,145.2500,140.0000,142.6200,139.1000,2.5305,143.0000,55.3000,2026-09-24,1.5734,False,209802.0000,245556.7500,0.8544,0.8544,False,1.3659,0.4990,23.0025,False,yfinance
2026-10-06,GTECJAINX.NS,GTECJAINX,G-TEC JAINX EDUCATION LIMITED,Services,Micro,HIGH,confirmed,,,39.5500,39.5500,35.7900,36.1900,37.6700,-3.9289,38.3500,15.5400,2026-06-08,3.1291,False,60594.0000,9195.2500,6.5897,6.5897,True,4.9907,0.1064,30.0385,False,yfinance
2026-10-06,HFCL.NS,HFCL,HFCL Limited,Telecommunication,Small,HIGH,confirmed,,,262.7800,262.7800,256.0000,262.7800,250.2700,4.9986,256.7000,59.8200,2026-08-31,2.3685,True,6656282.0000,6744909.0500,0.9869,0.9869,False,4.9986,1.0000,12.7320,False,yfinance
2026-10-06,INDOAMIN.NS,INDOAMIN,Indo Amines Limited,Chemicals,Micro,HIGH,confirmed,,,146.9000,168.0000,145.6900,161.1600,143.3100,12.4555,152.6500,81.9000,2026-09-28,10.0557,True,8043089.0000,177581.7000,45.2923,45.2923,True,2.5051,0.6934,32.5419,False,yfinance
2026-10-06,JAYKAY.NS,JAYKAY,Jaykay Enterprises Limited,Services,Micro,HIGH,confirmed,,,230.3300,243.8900,228.0100,240.0200,221.9700,8.1317,230.0000,115.5200,2026-10-05,6.0391,True,6303237.0000,1486849.0000,4.2393,4.2393,True,3.7663,0.7563,55.8093,True,yfinance
2026-10-06,KALYANI.NS,KALYANI,Kalyani Commercials Limited,Automobile and Auto Components,Micro,HIGH,confirmed,,,144.9900,144.9900,144.9900,144.9900,144.9900,0.0000,144.9900,138.0900,2026-08-28,0.0000,True,0.0000,0.0000,,,False,0.0000,,4.5965,False,yfinance
2026-10-06,KILITCH.NS,KILITCH,Kilitch Drugs (India) Limited,Healthcare,Micro,HIGH,confirmed,,,244.0000,267.8000,236.3000,260.7000,233.7400,11.5342,248.3000,117.2500,2026-10-05,7.8534,True,661834.0000,40046.0500,16.5268,16.5268,True,4.3895,0.7746,55.7094,False,yfinance
2026-10-06,KINGFA.NS,KINGFA,Kingfa Science & Technology (India) Limited,Chemicals,Micro,HIGH,confirmed,,,6700.0000,6996.0000,6676.5000,6932.0000,6669.0000,3.9436,6700.0000,3649.8999,2026-10-05,4.4179,True,24558.0000,16279.2500,1.5085,1.5085,True,0.4648,0.7997,19.0521,False,yfinance
2026-10-06,KMEW.NS,KMEW,Knowledge Marine & Engineering Works Limited,Services,Micro,HIGH,confirmed,,,3028.0000,3242.0000,2996.1001,3202.3000,2992.5000,7.0109,3175.0000,1084.6000,2026-09-03,2.1102,True,268808.0000,120458.2000,2.2315,2.2315,True,1.1863,0.8386,12.7239,False,yfinance
2026-10-06,KPIL.NS,KPIL,Kalpataru Projects International Limited,Construction,Small,HIGH,confirmed,,,1378.8000,1490.0000,1378.8000,1451.5000,1378.8000,5.2727,1479.6000,1007.1000,2026-06-23,0.7029,False,652356.0000,137216.9500,4.7542,4.7542,True,0.0000,0.6538,7.7886,False,yfinance
2026-10-06,LOKESHMACH.NS,LOKESHMACH,Lokesh Machines Limited,Capital Goods,Micro,HIGH,confirmed,,,438.7000,471.2000,431.2500,455.7000,446.2500,2.1176,451.0000,138.9600,2026-10-05,4.4789,True,687289.0000,159230.8000,4.3163,4.3163,True,-1.6919,0.6120,29.5828,False,yfinance
2026-10-06,LOTUSDEV.NS,LOTUSDEV,Sri Lotus Developers and Realty Limited,Realty,Micro,HIGH,confirmed,,,237.8900,248.1000,230.8300,244.7300,237.8900,2.8753,240.4000,102.2000,2026-10-05,3.2030,True,1512350.0000,1818718.8500,0.8315,0.8315,False,0.0000,0.8049,27.1392,False,yfinance
2026-10-06,MARINE.NS,MARINE,Marine Electricals (India) Limited,Capital Goods,Micro,HIGH,confirmed,,,473.8500,490.0000,461.4000,478.8500,469.1500,2.0676,474.9000,150.8600,2026-10-05,3.1796,True,2220066.0000,2177859.9500,1.0194,1.0194,False,1.0018,0.6101,18.6220,False,yfinance
2026-10-06,MBECL.NS,MBECL,Mcnally Bharat Engineering Company Limited,Construction,Micro,HIGH,confirmed,,,513.9000,513.9000,493.8000,493.8000,503.8500,-1.9946,503.8500,65.4000,2026-10-05,1.9946,False,18808.0000,4293.5500,4.3805,4.3805,True,1.9946,0.0000,104.8642,False,yfinance
2026-10-06,MMWL.NS,MMWL,Media Matrix Worldwide Limited,Media Entertainment & Publication,Micro,HIGH,confirmed,,,17.1400,17.1400,17.1400,17.1400,16.3300,4.9602,16.5700,9.0200,2026-08-10,3.4399,True,44579.0000,61441.4500,0.7256,0.7256,False,4.9602,,26.4160,True,yfinance
2026-10-06,MOREPENLAB.NS,MOREPENLAB,Morepen Laboratories Limited,Healthcare,Micro,HIGH,confirmed,,,135.7000,145.2500,135.6100,143.9600,135.2900,6.4085,137.6400,33.0500,2026-10-05,5.5289,True,22422554.0000,16526697.6500,1.3567,1.3567,False,0.3031,0.8662,25.6934,False,yfinance
2026-10-06,OCCLLTD.NS,OCCLLTD,OCCL Limited,Chemicals,Micro,HIGH,confirmed,,,197.9900,207.6700,192.1000,207.5900,197.7900,4.9548,202.9000,75.7100,2026-10-05,2.3509,True,193602.0000,80827.5500,2.3952,2.3952,True,0.1011,0.9949,30.8525,False,yfinance
2026-10-06,ONELIFECAP.NS,ONELIFECAP,Onelife Capital Advisors Limited,Financial Services,Micro,HIGH,confirmed,,,43.0300,45.2500,42.5500,45.0000,43.5200,3.4007,43.6400,11.1500,2026-10-05,3.6893,True,61571.0000,87890.2500,0.7005,0.7005,False,-1.1259,0.9074,45.3095,False,yfinance
2026-10-06,OPTIEMUS.NS,OPTIEMUS,Optiemus Infracom Limited,Information Technology,Micro,HIGH,confirmed,,,794.0000,924.9000,793.9000,889.9000,786.2000,13.1900,850.6500,288.0000,2026-09-23,8.7286,True,10818595.0000,1507585.1000,7.1761,7.1761,True,0.9921,0.7328,63.3796,False,yfinance
2026-10-06,PANACHE.NS,PANACHE,Panache Digilife Limited,Information Technology,Micro,HIGH,confirmed,,,569.0000,569.0000,555.0000,569.0000,541.9500,4.9912,559.4000,237.7000,2026-08-18,1.7161,True,7672.0000,7125.2500,1.0767,1.0767,False,4.9912,1.0000,12.9775,False,yfinance
2026-10-06,QPOWER.NS,QPOWER,Quality Power Electrical Equipments Limited,Capital Goods,Micro,HIGH,confirmed,,,1630.2000,1681.0000,1609.6000,1648.8000,1620.2000,1.7652,1675.0000,581.0000,2026-09-30,0.3582,False,334224.0000,341609.9000,0.9784,0.9784,False,0.6172,0.5490,14.8620,False,yfinance
2026-10-06,RAMBHAJO.NS,RAMBHAJO,Advit Jewels Limited,Consumer Durables,Micro,HIGH,confirmed,,,309.9500,332.0000,307.8500,330.3500,305.1000,8.2760,317.5000,161.6000,2026-10-05,4.5669,True,880575.0000,744485.0000,1.1828,1.1828,False,1.5896,0.9317,24.1499,True,yfinance
2026-10-06,RAYMOND.NS,RAYMOND,Raymond Limited,Capital Goods,Micro,HIGH,confirmed,,,1312.8000,1339.0000,1271.7000,1294.3000,1300.7000,-0.4920,1316.9000,320.0000,2026-10-05,1.6782,False,1955260.0000,5875114.2500,0.3328,0.3328,False,0.9303,0.3358,72.1651,False,yfinance
2026-10-06,ROSSTECH.NS,ROSSTECH,Rossell Techsys Limited,Capital Goods,Micro,HIGH,confirmed,,,1624.9000,1699.0000,1586.4000,1612.1000,1607.2000,0.3049,1624.9000,551.9000,2026-10-05,4.5603,False,506905.0000,503445.3000,1.0069,1.0069,False,1.1013,0.2282,44.9989,False,yfinance
2026-10-06,SBC.NS,SBC,SBC Exports Limited,Textiles,Micro,HIGH,confirmed,,,62.9000,64.4300,60.4000,61.7000,62.0400,-0.5480,63.1400,22.0600,2026-10-05,2.0431,False,26585618.0000,13802075.5500,1.9262,1.9262,True,1.3862,0.3226,36.2372,False,yfinance
2026-10-06,SHANTIGOLD.NS,SHANTIGOLD,Shanti Gold International Limited,Consumer Durables,Micro,HIGH,confirmed,,,320.0000,338.7000,318.9500,336.6500,316.6000,6.3329,333.0900,155.0000,2026-09-25,1.6842,True,4557739.0000,4278181.2000,1.0653,1.0653,False,1.0739,0.8962,28.9501,False,yfinance
2026-10-06,SHREEJISPG.NS,SHREEJISPG,Shreeji Shipping Global Limited,Services,Micro,HIGH,confirmed,,,783.0000,799.5000,781.5000,796.5000,779.8500,2.1350,788.1000,222.0000,2026-10-05,1.4465,True,1125084.0000,890455.5500,1.2635,1.2635,False,0.4039,0.8333,18.4148,False,yfinance
2026-10-06,SIGMAADV.NS,SIGMAADV,SIGMA ADVANCED SYSTEMS LIMITED,Capital Goods,Micro,HIGH,confirmed,,,1107.0000,1165.0000,1090.0000,1119.4000,1130.6000,-0.9906,1130.7000,140.1000,2026-10-05,3.0335,False,385103.0000,319267.6500,1.2062,1.2062,False,-2.0874,0.3920,51.4223,False,yfinance
2026-10-06,SKYGOLD.NS,SKYGOLD,SKY GOLD AND DIAMONDS LIMITED,Consumer Durables,Micro,HIGH,confirmed,,,830.7000,877.0000,830.6500,857.6500,825.9000,3.8443,868.8000,277.0000,2026-08-26,0.9438,False,4153944.0000,742818.7000,5.5921,5.5921,True,0.5812,0.5825,13.4146,False,yfinance
2026-10-06,SMCGLOBAL.NS,SMCGLOBAL,SMC Global Securities Limited,Financial Services,Micro,HIGH,confirmed,,,119.4000,120.0000,107.6700,110.5500,114.5000,-3.4498,118.8000,54.4400,2026-10-05,1.0101,False,29982678.0000,10155315.9000,2.9524,2.9524,True,4.2795,0.2336,34.7319,False,yfinance
2026-10-06,SOMANYCERA.NS,SOMANYCERA,Somany Ceramics Limited,Capital Goods,Micro,HIGH,confirmed,,,606.0000,631.7000,605.3500,625.0000,610.9000,2.3081,627.8000,332.0000,2026-10-05,0.6212,False,129420.0000,108089.6000,1.1973,1.1973,False,-0.8021,0.7457,16.3234,False,yfinance
2026-10-06,SSWL.NS,SSWL,Steel Strips Wheels Limited,Automobile and Auto Components,Micro,HIGH,confirmed,,,413.6500,434.0000,411.5500,424.7000,410.5500,3.4466,419.8000,169.0000,2026-10-01,3.3826,True,2408881.0000,1326374.3000,1.8161,1.8161,True,0.7551,0.5857,18.9784,False,yfinance
2026-10-06,STLTECH.NS,STLTECH,Sterlite Technologies Limited,Telecommunication,Small,HIGH,confirmed,,,1034.4000,1051.1000,1006.3000,1016.7000,1001.2500,1.5431,1003.1000,84.6000,2026-10-05,4.7852,True,3447000.0000,2108364.1500,1.6349,1.6349,True,3.3109,0.2321,33.8983,False,yfinance
2026-10-06,SUNFLAG.NS,SUNFLAG,Sunflag Iron And Steel Company Limited,Capital Goods,Micro,HIGH,confirmed,,,455.0000,473.0000,452.0000,459.0500,455.0000,0.8901,471.0000,192.1500,2026-09-30,0.4246,False,704018.0000,734199.5000,0.9589,0.9589,False,0.0000,0.3357,40.2496,False,yfinance
2026-10-06,TATVA.NS,TATVA,Tatva Chintan Pharma Chem Limited,Chemicals,Micro,HIGH,confirmed,,,1820.1000,1900.0000,1794.3000,1877.4000,1799.0000,4.3580,1880.0000,1026.5000,2026-09-28,1.0638,False,132614.0000,67153.9500,1.9748,1.9748,True,1.1729,0.7862,15.3053,False,yfinance
2026-10-06,THELEELA.NS,THELEELA,Leela Palaces Hotels & Resorts Limited,Consumer Services,Micro,HIGH,confirmed,,,582.0000,589.7000,566.5000,582.7000,577.6000,0.8830,586.9500,384.5000,2026-09-30,0.4685,False,514330.0000,367469.9000,1.3997,1.3997,False,0.7618,0.6983,7.5380,False,yfinance
2026-10-06,TIMEX.NS,TIMEX,Timex Group India Limited,Consumer Durables,Micro,HIGH,confirmed,,,737.0000,759.7000,726.6500,731.7000,734.6000,-0.3948,748.0000,323.0000,2026-09-23,1.5642,False,528969.0000,726677.2000,0.7279,0.7279,False,0.3267,0.1528,21.0536,True,yfinance
2026-10-06,UNIMECH.NS,UNIMECH,Unimech Aerospace and Manufacturing Limited,Capital Goods,Micro,HIGH,confirmed,,,1850.0000,1901.0000,1819.7000,1873.1000,1845.1000,1.5175,1868.2000,695.0000,2026-09-22,1.7557,True,288002.0000,344169.7000,0.8368,0.8368,False,0.2656,0.6568,29.8289,False,yfinance
2026-10-06,UYFINCORP.NS,UYFINCORP,U. Y. Fincorp Limited,Financial Services,Micro,HIGH,confirmed,,,24.2000,24.2000,22.7900,22.9500,23.9800,-4.2952,24.0000,11.5000,2026-10-05,0.8333,False,407089.0000,153173.4000,2.6577,2.6577,True,0.9174,0.1135,19.7496,False,yfinance
2026-10-06,VALIANTORG.NS,VALIANTORG,Valiant Organics Limited,Chemicals,Micro,HIGH,confirmed,,,476.0000,503.0000,469.1500,496.8000,475.6500,4.4465,503.0000,195.0000,2026-10-05,0.0000,False,262872.0000,150302.9500,1.7489,1.7489,True,0.0736,0.8168,59.7253,False,yfinance
2026-10-06,YUKEN.NS,YUKEN,Yuken India Limited,Capital Goods,Micro,HIGH,confirmed,,,1142.4000,1333.9000,1137.4000,1238.6000,1129.0000,9.7077,1153.8500,584.1000,2026-09-16,15.6043,True,282354.0000,26988.1500,10.4621,10.4621,True,1.1869,0.5150,27.1331,False,yfinance
2026-10-06,AAKASH.NS,AAKASH,Aakash Exploration Services Limited,Oil Gas & Consumable Fuels,Micro,LOW,confirmed,,,8.4000,8.6000,6.8600,8.2100,8.4400,-2.7251,13.4000,7.2100,2026-01-30,-4.8544,False,248778.0000,136353.0500,1.8245,1.8245,True,-0.4739,0.7759,-1.5749,False,yfinance
2026-10-06,AASTHA.NS,AASTHA,Aastha Spintex Limited,Textiles,Micro,LOW,confirmed,,,29.8100,30.7400,29.2900,29.5400,30.8300,-4.1842,70.0050,30.8300,2026-10-05,-4.9951,True,961865.0000,2012309.9000,0.4780,0.4780,False,-3.3085,0.1724,-19.0333,True,yfinance
2026-10-06,AGRITECH.NS,AGRITECH,Agri-Tech (India) Limited,Fast Moving Consumer Goods,Micro,LOW,confirmed,,,88.4800,90.8500,85.5500,87.6800,88.4700,-0.8930,187.1900,86.1000,2026-10-05,-0.6388,False,6452.0000,2744.2000,2.3511,2.3511,True,0.0113,0.4019,-8.6775,False,yfinance
2026-10-06,ALLTIME.NS,ALLTIME,All Time Plastics Limited,Fast Moving Consumer Goods,Micro,LOW,confirmed,,,185.8000,189.8000,180.0100,184.3600,183.8000,0.3047,314.7000,182.0000,2026-10-01,-1.0934,False,162308.0000,112364.1500,1.4445,1.4445,False,1.0881,0.4443,-5.9431,False,yfinance
2026-10-06,ASALCBR.NS,ASALCBR,Associated Alcohols & Breweries Ltd.,Fast Moving Consumer Goods,Micro,LOW,confirmed,,,591.0000,604.8500,589.8500,598.7000,595.6500,0.5120,1277.0000,590.0000,2026-10-05,-0.0254,False,54706.0000,35801.0500,1.5281,1.5281,True,-0.7807,0.5900,-10.6438,False,yfinance
2026-10-06,BBL.NS,BBL,Bharat Bijlee Limited,Capital Goods,Micro,LOW,confirmed,,,2062.0000,2084.3999,2041.7000,2068.8000,2058.8000,0.4857,3411.0000,2050.1001,2026-10-01,-0.4097,False,26540.0000,18793.9000,1.4122,1.4122,False,0.1554,0.6347,-5.0352,False,yfinance
2026-10-06,BBTC.NS,BBTC,The Bombay Burmah Trading Corporation Limited,Fast Moving Consumer Goods,Micro,LOW,confirmed,,,1300.0000,1305.0000,1284.0000,1298.2000,1304.5000,-0.4829,2135.0000,1301.3000,2026-10-05,-1.3294,True,93576.0000,174750.1500,0.5355,0.5355,False,-0.3450,0.6762,-8.6718,False,yfinance
2026-10-06,BHARTIHEXA.NS,BHARTIHEXA,Bharti Hexacom Limited,Telecommunication,Mid,LOW,confirmed,,,1383.1000,1403.3000,1359.2000,1386.8000,1383.1000,0.2675,1955.6000,1365.6000,2026-10-01,-0.4687,False,308564.0000,108736.3500,2.8377,2.8377,True,0.0000,0.6259,-4.6859,False,yfinance
2026-10-06,BIGBLOC.NS,BIGBLOC,Bigbloc Construction Limited,Capital Goods,Micro,LOW,confirmed,,,38.0000,38.2100,36.5000,37.2200,37.5700,-0.9316,80.0000,36.8000,2026-10-01,-0.8152,False,43526.0000,38541.4500,1.1293,1.1293,False,1.1445,0.4211,-5.2606,False,yfinance
2026-10-06,BIKAJI.NS,BIKAJI,Bikaji Foods International Limited,Fast Moving Consumer Goods,Micro,LOW,confirmed,,,486.8000,498.2500,477.5500,481.1000,487.0000,-1.2115,768.5000,484.5000,2026-10-05,-1.4345,True,975537.0000,412368.8000,2.3657,2.3657,True,-0.0411,0.1715,-13.0515,False,yfinance
2026-10-06,DEVIT.NS,DEVIT,Dev Information Technology Limited,Information Technology,Micro,LOW,confirmed,,,20.9000,22.4900,20.4000,21.3600,20.5200,4.0936,44.4400,20.4900,2026-10-01,-0.4392,False,42921.0000,38513.7500,1.1144,1.1144,False,1.8518,0.4593,-7.1755,False,yfinance
2026-10-06,DHRUV.NS,DHRUV,Dhruv Consultancy Services Limited,Construction,Micro,LOW,confirmed,,,18.7600,20.2300,18.7600,19.5000,19.5100,-0.0513,56.9900,18.7600,2026-10-05,0.0000,False,5649.0000,7466.0000,0.7566,0.7566,False,-3.8442,0.5034,-12.2478,False,yfinance
2026-10-06,DMART.NS,DMART,Avenue Supermarts Limited,Consumer Services,Large,LOW,confirmed,,,3545.3000,3595.0000,3521.0000,3581.8999,3567.0000,0.4177,4644.0000,3545.3000,2026-10-05,-0.6854,False,827372.0000,550093.4500,1.5041,1.5041,True,-0.6084,0.8230,1.1437,False,yfinance
2026-10-06,DOLATALGO.NS,DOLATALGO,Dolat Algotech Limited,Financial Services,Micro,LOW,confirmed,,,63.9300,63.9300,61.9000,62.4600,62.4000,0.0961,95.7600,62.0000,2026-10-05,-0.1613,False,111249.0000,106473.2500,1.0449,1.0449,False,2.4519,0.2759,-6.2386,False,yfinance
2026-10-06,EFCIL.NS,EFCIL,EFC (I) Limited,Realty,Micro,LOW,confirmed,,,170.0000,173.8000,165.9400,170.1000,168.7400,0.8060,335.8500,167.0500,2026-10-01,-0.6645,False,480175.0000,182400.3000,2.6325,2.6325,True,0.7467,0.5293,-7.3782,False,yfinance
2026-10-06,ELCIDIN.NS,ELCIDIN,EL CID Investments Limited,Unclassified,Micro,LOW,confirmed,,,102000.0000,102975.0000,98005.0000,102975.0000,102000.0000,0.9559,137000.0000,100500.0000,2026-10-05,-2.4826,False,10.0000,9.3500,1.0695,1.0695,False,0.0000,1.0000,1.2867,True,yfinance
2026-10-06,EUROPRATIK.NS,EUROPRATIK,Euro Pratik Sales Limited,Construction Materials,Micro,LOW,confirmed,,,184.7000,185.1800,176.8800,180.0200,183.4100,-1.8483,390.0000,181.0000,2026-10-05,-2.2762,True,241612.0000,224819.8000,1.0747,1.0747,False,0.7033,0.3783,-27.1494,False,yfinance
2026-10-06,GANESHCP.NS,GANESHCP,Ganesh Consumer Products Limited,Fast Moving Consumer Goods,Micro,LOW,confirmed,,,149.1300,150.4900,144.7500,145.4700,147.5100,-1.3830,309.9500,146.7500,2026-10-01,-1.3629,True,220535.0000,162945.1500,1.3534,1.3534,False,1.0982,0.1254,-12.0205,False,yfinance
2026-10-06,GAYAHWS.NS,GAYAHWS,Gayatri Highways Limited,Construction,Micro,LOW,confirmed,,,1.7200,1.7900,1.6900,1.7800,1.7200,3.4884,4.7600,1.7100,2026-10-01,-1.1696,False,130336.0000,170009.6500,0.7666,0.7666,False,0.0000,0.9000,-3.1755,False,yfinance
2026-10-06,GICRE.NS,GICRE,General Insurance Corporation of India,Financial Services,Mid,LOW,confirmed,,,318.6000,321.5500,313.5000,314.2500,319.1000,-1.5199,417.9500,314.7000,2026-10-05,-0.3813,True,745898.0000,528606.4500,1.4111,1.4111,False,-0.1567,0.0932,-5.5664,False,yfinance
2026-10-06,HEIDELBERG.NS,HEIDELBERG,HeidelbergCement India Limited,Construction Materials,Micro,LOW,confirmed,,,130.4900,130.9500,127.4100,127.7800,130.1100,-1.7908,206.7000,128.4500,2026-10-01,-0.8096,True,275926.0000,193331.7000,1.4272,1.4272,False,0.2921,0.1045,-15.8195,False,yfinance
2026-10-06,HGINFRA.NS,HGINFRA,H.G. Infra Engineering Limited,Construction,Micro,LOW,confirmed,,,403.8000,425.7500,398.5500,417.2000,403.7500,3.3313,954.0000,402.1000,2026-10-05,-0.8829,False,470243.0000,755867.0500,0.6221,0.6221,False,0.0124,0.6857,-10.0341,False,yfinance
2026-10-06,HUDCO.NS,HUDCO,Housing & Urban Development Corporation Limited,Financial Services,Mid,LOW,confirmed,,,162.9500,165.8000,155.8000,161.0400,162.0900,-0.6478,246.8500,159.0000,2026-03-30,-2.0126,False,9805265.0000,1677227.6500,5.8461,5.8461,True,0.5306,0.5240,-5.5575,False,yfinance
2026-10-06,INDRAMEDCO.NS,INDRAMEDCO,Indraprastha Medical Corporation Limited,Healthcare,Micro,LOW,confirmed,,,334.0000,336.5500,327.3500,335.1500,333.9500,0.3593,640.8500,331.5500,2026-10-05,-1.2668,False,209881.0000,213905.7500,0.9812,0.9812,False,0.0150,0.8478,0.4358,False,yfinance
2026-10-06,IOC.NS,IOC,Indian Oil Corporation Limited,Oil Gas & Consumable Fuels,Large,LOW,confirmed,,,131.0000,131.6000,129.5500,131.6000,130.5000,0.8429,188.9600,129.8000,2026-10-05,-0.1926,False,6515655.0000,7632459.1500,0.8537,0.8537,False,0.3831,1.0000,1.9698,False,yfinance
2026-10-06,JSLL.NS,JSLL,Jeena Sikho Lifecare Limited,Consumer Services,Micro,LOW,confirmed,,,450.9500,456.7000,440.0000,441.2500,449.9000,-1.9226,835.0000,445.6500,2026-10-05,-1.2678,True,742814.0000,482875.4000,1.5383,1.5383,True,0.2334,0.0749,-10.0140,False,yfinance
2026-10-06,KELLTONTEC.NS,KELLTONTEC,Kellton Tech Solutions Limited,Information Technology,Micro,LOW,confirmed,,,12.1200,12.5000,12.1000,12.4100,12.1800,1.8883,26.1400,12.1200,2026-10-05,-0.1650,False,1263362.0000,2094587.8500,0.6032,0.6032,False,-0.4926,0.7750,-5.9298,False,yfinance
2026-10-06,MALLCOM.NS,MALLCOM,Mallcom (India) Limited,Capital Goods,Micro,LOW,confirmed,,,912.3500,924.7500,892.2000,903.3000,911.6500,-0.9159,1520.0000,905.1500,2026-09-15,-1.4307,True,5552.0000,3108.2500,1.7862,1.7862,True,0.0768,0.3410,-4.9649,False,yfinance
2026-10-06,MASFIN.NS,MASFIN,MAS Financial Services Limited,Financial Services,Micro,LOW,confirmed,,,265.0000,269.9000,265.0000,266.9000,267.7500,-0.3175,358.8500,266.5500,2026-10-05,-0.5815,False,94219.0000,197231.7000,0.4777,0.4777,False,-1.0271,0.3878,-5.0055,False,yfinance
2026-10-06,MAXHEALTH.NS,MAXHEALTH,Max Healthcare Institute Limited,Healthcare,Large,LOW,confirmed,,,921.5500,921.6000,892.2500,902.5000,917.0000,-1.5812,1221.9000,902.0500,2026-10-01,-1.0864,False,2407174.0000,2727433.3500,0.8826,0.8826,False,0.4962,0.3492,-4.4257,False,yfinance
2026-10-06,MFSL.NS,MFSL,Max Financial Services Limited,Financial Services,Mid,LOW,confirmed,,,1350.0000,1362.7000,1330.2000,1361.0000,1348.0000,0.9644,1892.5000,1341.0000,2026-10-05,-0.8054,False,2855802.0000,1397967.9500,2.0428,2.0428,True,0.1484,0.9477,-7.5063,False,yfinance
2026-10-06,MINDTECK.NS,MINDTECK,Mindteck (India) Limited,Information Technology,Micro,LOW,confirmed,,,151.3100,154.0200,138.5300,143.7200,151.3100,-5.0162,307.6800,145.1300,2026-03-30,-4.5477,True,111163.0000,22386.9000,4.9655,4.9655,True,0.0000,0.3351,-10.2310,False,yfinance
2026-10-06,NUCLEUS.NS,NUCLEUS,Nucleus Software Exports Limited,Information Technology,Micro,LOW,confirmed,,,634.0000,642.9000,632.0000,638.0500,637.7500,0.0470,1064.8000,636.0500,2026-10-05,-0.6367,False,14083.0000,16336.5500,0.8621,0.8621,False,-0.5880,0.5550,-9.1805,False,yfinance
2026-10-06,OSWALAGRO.NS,OSWALAGRO,Oswal Agro Mills Limited,Realty,Micro,LOW,confirmed,,,33.7800,34.8600,32.0000,32.8500,32.9800,-0.3942,81.0000,32.3600,2026-09-16,-1.1125,False,73055.0000,38234.2000,1.9107,1.9107,True,2.4257,0.2972,-5.7963,False,yfinance
2026-10-06,PAKKA.NS,PAKKA,PAKKA LIMITED,Forest Materials,Micro,LOW,confirmed,,,70.4800,73.8500,68.6600,69.1300,69.7900,-0.9457,160.3000,69.1000,2026-07-17,-0.6368,False,695031.0000,87995.6000,7.8985,7.8985,True,0.9887,0.0906,-5.8800,False,yfinance
2026-10-06,REPCOHOME.NS,REPCOHOME,Repco Home Finance Limited,Financial Services,Micro,LOW,confirmed,,,331.0000,337.4500,325.6500,326.4500,329.2500,-0.8504,455.9000,327.0500,2026-10-05,-0.4281,True,65214.0000,71282.0500,0.9149,0.9149,False,0.5315,0.0678,-4.4070,False,yfinance
2026-10-06,REPL.NS,REPL,Rudrabhishek Enterprises Limited,Services,Micro,LOW,confirmed,,,58.9500,58.9500,55.0000,56.8300,56.2400,1.0491,154.4900,55.0000,2026-10-05,0.0000,False,1257.0000,4497.9500,0.2795,0.2795,False,4.8186,0.4633,-5.4684,False,yfinance
2026-10-06,RPPINFRA.NS,RPPINFRA,R.P.P. Infra Projects Limited,Construction,Micro,LOW,confirmed,,,50.1000,52.5700,50.1000,51.5300,50.8200,1.3971,130.0900,50.2000,2026-09-30,-0.1992,False,33688.0000,155526.3500,0.2166,0.2166,False,-1.4168,0.5789,-0.2243,False,yfinance
2026-10-06,SAFARI.NS,SAFARI,Safari Industries (India) Limited,Consumer Durables,Micro,LOW,confirmed,,,1308.6000,1344.6000,1299.2000,1318.0000,1308.6000,0.7183,2507.1001,1300.0000,2026-10-05,-0.0615,False,41056.0000,40390.8500,1.0165,1.0165,False,0.0000,0.4141,-9.8413,False,yfinance
2026-10-06,SAMBHAAV.NS,SAMBHAAV,Sambhaav Media Limited,Media Entertainment & Publication,Micro,LOW,confirmed,,,5.4100,5.4100,5.0600,5.2500,5.3000,-0.9434,11.5300,5.0700,2026-03-30,-0.1972,False,27220.0000,46446.5000,0.5861,0.5861,False,2.0755,0.5429,-7.0196,False,yfinance
2026-10-06,SUPREMEINF.NS,SUPREMEINF,Supreme Infrastructure India Limited,Construction,Micro,LOW,confirmed,,,68.0000,68.0000,57.4200,61.4000,61.5900,-0.3085,110.8800,58.1100,2026-04-02,-1.1874,False,151116.0000,64721.5500,2.3349,2.3349,True,10.4075,0.3762,-21.8617,False,yfinance
2026-10-06,SURAJLTD.NS,SURAJLTD,Suraj Limited,Metals & Mining,Micro,LOW,confirmed,,,195.0000,195.0000,180.0000,187.4000,191.5000,-2.1410,348.6500,190.0000,2026-10-01,-5.2632,True,3738.0000,1221.7000,3.0597,3.0597,True,1.8277,0.4933,-2.5346,False,yfinance
2026-10-06,SYMPHONY.NS,SYMPHONY,Symphony Limited,Consumer Durables,Micro,LOW,confirmed,,,564.1500,568.0000,555.0000,556.9500,559.4500,-0.4469,970.4500,557.0000,2026-10-05,-0.3591,True,55548.0000,312185.6000,0.1779,0.1779,False,0.8401,0.1500,0.5645,False,yfinance
2026-10-06,URAVIDEF.NS,URAVIDEF,Uravi Defence and Technology Limited,Automobile and Auto Components,Micro,LOW,confirmed,,,102.0000,102.0000,100.0000,102.0000,101.1600,0.8304,263.0000,101.0000,2026-08-19,-0.9901,False,1892.0000,1433.2000,1.3201,1.3201,False,0.8304,1.0000,-10.8193,False,yfinance
2026-10-06,VASWANI.NS,VASWANI,Vaswani Industries Limited,Metals & Mining,Micro,LOW,confirmed,,,44.0400,44.5000,43.1100,43.4100,44.1300,-1.6315,69.9900,43.2600,2026-09-17,-0.3467,False,15181.0000,35241.4000,0.4308,0.4308,False,-0.2039,0.2158,-2.0888,False,yfinance
2026-10-06,VERANDA.NS,VERANDA,Veranda Learning Solutions Limited,Services,Micro,LOW,confirmed,,,28.4000,29.7200,26.9000,29.7200,212.7600,-86.0312,272.5000,130.0200,2026-03-19,-79.3109,True,418116.0000,452939.8500,0.9231,0.9231,False,-86.6516,1.0000,-83.1544,False,yfinance
2026-10-06,VIKRAMSOLR.NS,VIKRAMSOLR,Vikram Solar Limited,Capital Goods,Micro,LOW,confirmed,,,152.7000,154.1400,150.9600,151.5000,152.5200,-0.6688,354.4000,151.6000,2026-10-01,-0.4222,True,1330871.0000,1438104.8500,0.9254,0.9254,False,0.1180,0.1698,-4.0338,False,yfinance
2026-10-07,AAREYDRUGS.NS,AAREYDRUGS,Aarey Drugs & Pharmaceuticals Limited,Unclassified,Micro,HIGH,confirmed,,,108.1000,110.0000,104.4800,108.8100,107.8500,0.8901,108.9800,50.3100,2026-10-06,0.9359,False,497489.0000,237637.8000,2.0935,2.0935,True,0.2318,0.7844,17.2354,False,yfinance
2026-10-07,AEROPLANE.NS,AEROPLANE,Amir Chand Jagdish Kumar (Exports) Limited,Fast Moving Consumer Goods,Micro,HIGH,confirmed,,,208.4000,219.7000,208.4000,218.4400,209.2400,4.3969,216.9000,117.0200,2026-10-05,1.2909,True,1610248.0000,894270.2000,1.8006,1.8006,True,-0.4015,0.8885,15.0156,True,yfinance
2026-10-07,AVADHSUGAR.NS,AVADHSUGAR,Avadh Sugar & Energy Limited,Unclassified,Micro,HIGH,confirmed,,,880.1000,947.9500,880.1000,937.5500,873.3000,7.3572,898.8000,306.0500,2026-10-06,5.4684,True,570096.0000,146858.0000,3.8820,3.8820,True,0.7787,0.8467,17.5311,False,yfinance
2026-10-07,BAFNAPH.NS,BAFNAPH,Bafna Pharmaceuticals Limited,Unclassified,Micro,HIGH,confirmed,,,401.8500,401.8500,401.8500,401.8500,394.0000,1.9924,394.0000,94.7700,2026-10-06,1.9924,True,956.0000,4302.4500,0.2222,0.2222,False,1.9924,,41.2464,False,yfinance
2026-10-07,BHEL.NS,BHEL,Bharat Heavy Electricals Limited,Capital Goods,Mid,HIGH,confirmed,,,451.5000,455.9500,446.6000,448.5000,452.0000,-0.7743,453.9000,229.5400,2026-10-06,0.4516,False,14450998.0000,7172986.5000,2.0146,2.0146,True,-0.1106,0.2032,11.6593,False,yfinance
2026-10-07,CPCAP.NS,CPCAP,CP Capital Limited,Financial Services,Micro,HIGH,confirmed,,,156.7000,162.0000,152.6700,155.2200,154.5300,0.4465,161.3400,73.5100,2026-10-06,0.4091,False,135716.0000,70124.4500,1.9354,1.9354,True,1.4043,0.2733,19.6422,False,yfinance
2026-10-07,CUPID.NS,CUPID,Cupid Limited,Fast Moving Consumer Goods,Small,HIGH,confirmed,,,325.0000,345.0000,325.0000,343.9500,324.2000,6.0919,324.9500,41.8160,2026-10-06,6.1702,True,41373811.0000,23699037.5500,1.7458,1.7458,True,0.2468,0.9475,30.5812,False,yfinance
2026-10-07,CYIENTDLM.NS,CYIENTDLM,Cyient DLM Limited,Unclassified,Micro,HIGH,confirmed,,,936.0000,1014.6500,935.3000,988.3000,939.0000,5.2503,1009.0000,265.2000,2026-09-08,0.5600,False,1350010.0000,425390.6000,3.1736,3.1736,True,-0.3195,0.6679,6.6518,False,yfinance
2026-10-07,DBOL.NS,DBOL,Dhampur Bio Organics Limited,Unclassified,Micro,HIGH,confirmed,,,137.4100,142.8200,135.0200,140.2500,137.9000,1.7041,139.0000,69.0000,2026-08-20,2.7482,True,767613.0000,230581.1500,3.3290,3.3290,True,-0.3553,0.6705,16.6211,False,yfinance
2026-10-07,DPABHUSHAN.NS,DPABHUSHAN,D. P. Abhushan Limited,Unclassified,Micro,HIGH,confirmed,,,2168.0000,2344.5000,2134.2000,2262.7000,2174.0000,4.0800,2200.0000,866.1000,2026-10-05,6.5682,True,263103.0000,219903.7500,1.1964,1.1964,False,-0.2760,0.6110,65.7107,False,yfinance
2026-10-07,DSKULKARNI.NS,DSKULKARNI,DS Kulkarni Developers Limited,Realty,Micro,HIGH,confirmed,,,27.6600,27.6600,27.6600,27.6600,27.1200,1.9911,27.1200,8.6000,2026-10-06,1.9911,True,223.0000,188.5000,1.1830,1.1830,False,1.9911,,47.8479,False,yfinance
2026-10-07,E2E.NS,E2E,E2E Networks Limited,Information Technology,Micro,HIGH,confirmed,,,678.9000,723.3000,678.8000,723.3000,688.9000,4.9935,698.0000,183.3600,2026-08-17,3.6246,True,482956.0000,629538.8500,0.7672,0.7672,False,-1.4516,1.0000,20.1905,False,yfinance
2026-10-07,EBGNG.NS,EBGNG,GNG Electronics Limited,Information Technology,Micro,HIGH,confirmed,,,688.2000,735.0000,682.2000,731.3500,685.1500,6.7430,730.0000,239.0000,2026-09-23,0.6849,True,1130382.0000,752448.1000,1.5023,1.5023,True,0.4452,0.9309,15.3701,False,yfinance
2026-10-07,EIMCOELECO.NS,EIMCOELECO,Eimco Elecon (India) Limited,Capital Goods,Micro,HIGH,confirmed,,,2378.0000,2448.3999,2240.0000,2247.3000,2371.8000,-5.2492,2415.8999,1405.5000,2026-10-06,1.3453,False,103663.0000,24287.4500,4.2682,4.2682,True,0.2614,0.0350,4.5048,False,yfinance
2026-10-07,EMIL.NS,EMIL,Electronics Mart India Limited,Consumer Services,Micro,HIGH,confirmed,,,200.9000,212.6400,200.3000,211.5400,201.4200,5.0243,211.6600,84.9000,2026-10-05,0.4630,False,9094206.0000,4602881.0000,1.9758,1.9758,True,-0.2582,0.9109,19.1364,False,yfinance
2026-10-07,FILATEX.NS,FILATEX,Filatex India Limited,Unclassified,Micro,HIGH,confirmed,,,111.2900,114.5800,109.8000,111.6300,111.3600,0.2425,113.9400,36.2600,2026-09-29,0.5617,False,2534868.0000,7105661.3000,0.3567,0.3567,False,-0.0629,0.3828,51.4536,False,yfinance
2026-10-07,FINEORG.NS,FINEORG,Fine Organic Industries Limited,Chemicals,Micro,HIGH,confirmed,,,5537.0000,5666.0000,5372.0000,5625.5000,5537.0000,1.5983,5590.0000,3856.0000,2026-10-06,1.3596,True,67944.0000,22386.2500,3.0351,3.0351,True,0.0000,0.8622,15.1833,False,yfinance
2026-10-07,GCSL.NS,GCSL,Gretex Corporate Services Limited,Financial Services,Micro,HIGH,confirmed,,,695.6000,701.2500,686.3000,689.7000,693.0500,-0.4834,696.2500,213.1500,2026-10-06,0.7181,False,392492.0000,620602.2000,0.6324,0.6324,False,0.3679,0.2274,21.3042,False,yfinance
2026-10-07,GFSTEELS.NS,GFSTEELS,Grand Foundry Limited,Metals & Mining,Micro,HIGH,confirmed,,,40.6200,40.6200,40.6200,40.6200,39.8300,1.9834,39.8300,10.2100,2026-10-06,1.9834,True,26331.0000,35445.2000,0.7429,0.7429,False,1.9834,,176.2175,False,yfinance
2026-10-07,GLAND.NS,GLAND,Gland Pharma Limited,Healthcare,Small,HIGH,confirmed,,,3026.0000,3171.0000,3019.0000,3150.6001,3006.1001,4.8069,3042.0000,1573.6000,2026-09-07,4.2406,True,1341221.0000,416569.9500,3.2197,3.2197,True,0.6620,0.8658,11.8818,False,yfinance
2026-10-07,GLOBAL.NS,GLOBAL,Global Education Limited,Services,Micro,HIGH,confirmed,,,142.6200,145.4900,141.2500,144.7900,142.6200,1.5215,145.2500,55.3000,2026-10-06,0.1652,False,84933.0000,249589.3000,0.3403,0.3403,False,0.0000,0.8349,25.9252,False,yfinance
2026-10-07,HFCL.NS,HFCL,HFCL Limited,Telecommunication,Small,HIGH,confirmed,,,275.9100,275.9100,264.0000,271.9000,262.7800,3.4706,262.7800,59.8200,2026-10-06,4.9966,True,12439455.0000,6284410.4500,1.9794,1.9794,True,4.9966,0.6633,13.8478,False,yfinance
2026-10-07,HITECHCORP.NS,HITECHCORP,Hitech Corporation Limited,Unclassified,Micro,HIGH,confirmed,,,341.1000,353.8000,341.1000,349.1000,342.4000,1.9568,346.0000,112.0000,2026-09-30,2.2543,True,143436.0000,13035.4500,11.0035,11.0035,True,-0.3797,0.6299,9.0080,False,yfinance
2026-10-07,IOLCP.NS,IOLCP,IOL Chemicals and Pharmaceuticals Limited,Unclassified,Micro,HIGH,confirmed,,,216.5000,224.0000,216.3000,220.2200,214.9000,2.4756,219.0400,67.1900,2026-09-08,2.2644,True,6360102.0000,3342481.4500,1.9028,1.9028,True,0.7445,0.5091,9.7970,False,yfinance
2026-10-07,IVP.NS,IVP,IVP Limited,Unclassified,Micro,HIGH,confirmed,,,228.9200,232.5000,220.3000,227.2500,228.9200,-0.7295,232.0000,110.0000,2026-09-22,0.2155,False,8442.0000,14077.1500,0.5997,0.5997,False,0.0000,0.5697,12.3788,False,yfinance
2026-10-07,JAMNAAUTO.NS,JAMNAAUTO,Jamna Auto Industries Limited,Automobile and Auto Components,Micro,HIGH,confirmed,,,144.4000,154.0000,142.5000,151.7700,144.2100,5.2424,152.6000,89.7400,2026-02-16,0.9174,False,12310484.0000,3064132.8500,4.0176,4.0176,True,0.1317,0.8061,23.1416,False,yfinance
2026-10-07,JAYKAY.NS,JAYKAY,Jaykay Enterprises Limited,Services,Micro,HIGH,confirmed,,,241.5000,273.0000,236.4000,263.4500,240.0200,9.7617,243.8900,115.5200,2026-10-06,11.9357,True,6198201.0000,1786928.6000,3.4686,3.4686,True,0.6166,0.7391,70.2076,True,yfinance
2026-10-07,KALYANI.NS,KALYANI,Kalyani Commercials Limited,Automobile and Auto Components,Micro,HIGH,confirmed,,,144.9900,144.9900,144.9900,144.9900,144.9900,0.0000,144.9900,138.0900,2026-08-28,0.0000,True,0.0000,0.0000,,,False,0.0000,,5.4175,False,yfinance
2026-10-07,KILITCH.NS,KILITCH,Kilitch Drugs (India) Limited,Healthcare,Micro,HIGH,confirmed,,,260.7000,267.9000,254.6000,256.2500,260.7000,-1.7069,267.8000,117.2500,2026-10-06,0.0373,False,180989.0000,71479.5500,2.5320,2.5320,True,0.0000,0.1241,47.0312,False,yfinance
2026-10-07,KMEW.NS,KMEW,Knowledge Marine & Engineering Works Limited,Services,Micro,HIGH,confirmed,,,3210.3000,3268.5000,3178.0000,3214.0000,3202.3000,0.3654,3242.0000,1084.6000,2026-10-06,0.8174,False,92519.0000,130910.1500,0.7067,0.7067,False,0.2498,0.3978,13.0675,False,yfinance
2026-10-07,LAURUSLABS.NS,LAURUSLABS,Laurus Labs Limited,Healthcare,Mid,HIGH,confirmed,,,2052.0000,2065.2000,2035.6000,2052.8000,2050.0000,0.1366,2055.3000,843.0000,2026-09-24,0.4817,False,1499990.0000,1577022.0500,0.9512,0.9512,False,0.0976,0.5811,10.8569,False,yfinance
2026-10-07,LOKESHMACH.NS,LOKESHMACH,Lokesh Machines Limited,Capital Goods,Micro,HIGH,confirmed,,,446.9000,475.0000,445.0000,465.4500,455.7000,2.1396,471.2000,138.9600,2026-10-06,0.8064,False,252924.0000,187912.8500,1.3460,1.3460,False,-1.9311,0.6817,33.4642,False,yfinance
2026-10-07,MANALIPETC.NS,MANALIPETC,Manali Petrochemicals Limited,Unclassified,Micro,HIGH,confirmed,,,93.0000,93.0000,87.7000,90.4800,92.3600,-2.0355,93.0000,39.1300,2026-09-08,0.0000,False,3975432.0000,3447346.2500,1.1532,1.1532,False,0.6929,0.5245,5.8615,False,yfinance
2026-10-07,MARINE.NS,MARINE,Marine Electricals (India) Limited,Capital Goods,Micro,HIGH,confirmed,,,476.7000,490.8500,471.1000,476.4000,478.8500,-0.5116,490.0000,150.8600,2026-10-06,0.1735,False,1413767.0000,2262861.9000,0.6248,0.6248,False,-0.4490,0.2684,19.8129,False,yfinance
2026-10-07,MMP.NS,MMP,MMP Industries Limited,Unclassified,Micro,HIGH,confirmed,,,485.0000,504.0000,470.6000,498.8000,480.5500,3.7977,498.0000,185.2000,2026-09-15,1.2048,True,191291.0000,97332.9000,1.9653,1.9653,True,0.9260,0.8443,17.5199,False,yfinance
2026-10-07,MMWL.NS,MMWL,Media Matrix Worldwide Limited,Media Entertainment & Publication,Micro,HIGH,confirmed,,,17.9900,17.9900,17.9900,17.9900,17.1400,4.9592,17.1400,9.0200,2026-10-06,4.9592,True,23177.0000,63232.8500,0.3665,0.3665,False,4.9592,,29.2303,True,yfinance
2026-10-07,MOREPENLAB.NS,MOREPENLAB,Morepen Laboratories Limited,Healthcare,Micro,HIGH,confirmed,,,145.3000,150.7000,145.1400,146.9700,143.9600,2.0909,145.2500,33.0500,2026-10-06,3.7521,True,19889954.0000,16720174.8000,1.1896,1.1896,False,0.9308,0.3291,30.8613,False,yfinance
2026-10-07,MUKANDLTD.NS,MUKANDLTD,Mukand Limited,Unclassified,Micro,HIGH,confirmed,,,179.9100,190.7000,179.8000,185.9200,181.5500,2.4070,189.9000,114.3100,2026-10-05,0.4213,False,781279.0000,646400.3500,1.2087,1.2087,False,-0.9033,0.5615,40.4748,False,yfinance
2026-10-07,OCCLLTD.NS,OCCLLTD,OCCL Limited,Chemicals,Micro,HIGH,confirmed,,,214.3000,217.9600,209.7200,217.3000,207.5900,4.6775,207.6700,75.7100,2026-10-06,4.9550,True,195497.0000,88316.1000,2.2136,2.2136,True,3.2323,0.9199,37.2423,False,yfinance
2026-10-07,OILCOUNTUB.NS,OILCOUNTUB,Oil Country Tubular Limited,Unclassified,Micro,HIGH,confirmed,,,82.9100,82.9100,82.9100,82.9100,81.2900,1.9929,82.1700,35.6500,2025-10-06,0.9006,True,28578.0000,39927.2000,0.7158,0.7158,False,1.9929,,32.9713,False,yfinance
2026-10-07,ONELIFECAP.NS,ONELIFECAP,Onelife Capital Advisors Limited,Financial Services,Micro,HIGH,confirmed,,,46.9900,47.2500,45.0000,47.1600,45.0000,4.8000,45.2500,11.1500,2026-10-06,4.4199,True,359287.0000,90054.8000,3.9896,3.9896,True,4.4222,0.9600,51.9681,False,yfinance
2026-10-07,ORIENTBELL.NS,ORIENTBELL,Orient Bell Limited,Unclassified,Micro,HIGH,confirmed,,,416.0500,440.4000,405.2500,432.5500,413.5500,4.5944,434.9500,246.5500,2026-09-07,1.2530,False,57426.0000,25122.2500,2.2859,2.2859,True,0.6045,0.7767,10.8403,False,yfinance
2026-10-07,PANACHE.NS,PANACHE,Panache Digilife Limited,Information Technology,Micro,HIGH,confirmed,,,570.5500,597.4500,570.0000,597.4500,569.0000,5.0000,569.0000,237.7000,2026-10-06,5.0000,True,65399.0000,7322.7000,8.9310,8.9310,True,0.2724,1.0000,19.2175,False,yfinance
2026-10-07,PNGSREVA.NS,PNGSREVA,PNGS Reva Diamond Jewellery Limited,Unclassified,Micro,HIGH,confirmed,,,551.4500,653.0000,549.9000,631.0000,547.2000,15.3143,644.0000,324.2500,2026-08-12,1.3975,False,4514798.0000,150984.9500,29.9023,29.9023,True,0.7767,0.7866,20.8689,True,yfinance
2026-10-07,PTCIL.NS,PTCIL,PTC Industries Limited,Capital Goods,Small,HIGH,confirmed,,,23850.0000,24800.0000,23755.0000,24685.0000,23125.0000,6.7459,24125.0000,14499.0000,2026-09-04,2.7979,True,117090.0000,20217.2500,5.7916,5.7916,True,3.1351,0.8900,9.3324,False,yfinance
2026-10-07,PVRINOX.NS,PVRINOX,PVR INOX Limited,Media Entertainment & Publication,Small,HIGH,confirmed,,,1287.0000,1374.8000,1276.0000,1343.8000,1249.4000,7.5556,1357.8000,907.4000,2026-09-21,1.2520,False,5065408.0000,482664.2500,10.4947,10.4947,True,3.0094,0.6862,14.5541,False,yfinance
2026-10-07,RAMBHAJO.NS,RAMBHAJO,Advit Jewels Limited,Consumer Durables,Micro,HIGH,confirmed,,,329.4500,363.3500,327.2500,360.8000,330.3500,9.2175,332.0000,161.6000,2026-10-06,9.4428,True,1711528.0000,746094.7500,2.2940,2.2940,True,-0.2724,0.9294,36.5984,True,yfinance
2026-10-07,RUBYMILLS.NS,RUBYMILLS,The Ruby Mills Limited,Unclassified,Micro,HIGH,confirmed,,,510.0500,523.8000,490.0000,509.8000,512.8000,-0.5850,522.0000,169.0200,2026-09-28,0.3448,False,12360.0000,32350.6500,0.3821,0.3821,False,-0.5363,0.5858,18.6309,False,yfinance
2026-10-07,SHADOWFAX.NS,SHADOWFAX,Shadowfax Technologies Limited,Services,Micro,HIGH,confirmed,,,289.7000,296.3500,287.0000,292.8500,288.0000,1.6840,292.2000,98.5500,2026-09-24,1.4203,True,5496570.0000,4158816.2000,1.3217,1.3217,False,0.5903,0.6257,22.6747,True,yfinance
2026-10-07,SHANTIGOLD.NS,SHANTIGOLD,Shanti Gold International Limited,Consumer Durables,Micro,HIGH,confirmed,,,340.0000,351.0000,335.3000,341.0500,336.6500,1.3070,338.7000,155.0000,2026-10-06,3.6315,True,3025042.0000,4430808.1000,0.6827,0.6827,False,0.9951,0.3662,34.4760,False,yfinance
2026-10-07,SHREEJISPG.NS,SHREEJISPG,Shreeji Shipping Global Limited,Services,Micro,HIGH,confirmed,,,796.9000,808.0000,796.9000,802.1000,796.5000,0.7031,799.5000,222.0000,2026-10-06,1.0632,True,1943741.0000,915649.5000,2.1228,2.1228,True,0.0502,0.4685,20.2986,False,yfinance
2026-10-07,SKYGOLD.NS,SKYGOLD,SKY GOLD AND DIAMONDS LIMITED,Consumer Durables,Micro,HIGH,confirmed,,,864.9000,894.8000,863.1500,876.9500,857.6500,2.2503,877.0000,280.0000,2026-10-06,2.0296,False,1648118.0000,878338.8500,1.8764,1.8764,True,0.8453,0.4360,12.3626,False,yfinance
2026-10-07,SPECTRUM.NS,SPECTRUM,Spectrum Electrical Industries Limited,Unclassified,Micro,HIGH,confirmed,,,3918.0000,3988.0000,3750.0000,3903.7000,3915.8999,-0.3115,3980.0000,1050.0000,2026-10-01,0.2010,False,5497.0000,15516.5000,0.3543,0.3543,False,0.0536,0.6458,62.3943,False,yfinance
2026-10-07,SUNFLAG.NS,SUNFLAG,Sunflag Iron And Steel Company Limited,Capital Goods,Micro,HIGH,confirmed,,,460.0500,479.1000,455.0000,474.4000,459.0500,3.3439,473.0000,192.1500,2026-10-06,1.2896,True,829970.0000,764670.7500,1.0854,1.0854,False,0.2178,0.8050,45.6480,False,yfinance
2026-10-07,TATVA.NS,TATVA,Tatva Chintan Pharma Chem Limited,Chemicals,Micro,HIGH,confirmed,,,1880.2000,2000.0000,1866.7000,1991.2000,1877.4000,6.0616,1900.0000,1026.5000,2026-10-06,5.2632,True,278517.0000,71735.6500,3.8825,3.8825,True,0.1491,0.9340,23.9272,False,yfinance
2026-10-07,TBOTEK.NS,TBOTEK,TBO Tek Limited,Consumer Services,Small,HIGH,confirmed,,,1682.0000,1772.5000,1676.4000,1704.5000,1693.2000,0.6674,1764.8000,1004.2000,2025-11-21,0.4363,False,1938711.0000,157430.3500,12.3147,12.3147,True,-0.6615,0.2924,5.3647,False,yfinance
2026-10-07,TEXINFRA.NS,TEXINFRA,Texmaco Infrastructure & Holdings Limited,Unclassified,Micro,HIGH,confirmed,,,127.0000,127.0000,120.2000,121.2400,125.4200,-3.3328,126.5900,82.5000,2026-09-23,0.3239,False,149902.0000,398471.8500,0.3762,0.3762,False,1.2598,0.1529,7.0777,False,yfinance
2026-10-07,TFCILTD.NS,TFCILTD,Tourism Finance Corporation of India Limited,Unclassified,Micro,HIGH,confirmed,,,141.2900,154.0000,141.2600,152.2400,140.6500,8.2403,148.5000,51.0000,2026-09-30,3.7037,True,19824302.0000,11738520.8500,1.6888,1.6888,True,0.4550,0.8619,13.4734,False,yfinance
2026-10-07,THELEELA.NS,THELEELA,Leela Palaces Hotels & Resorts Limited,Consumer Services,Micro,HIGH,confirmed,,,580.0000,607.2500,576.5000,602.4500,582.7000,3.3894,589.7000,384.5000,2026-10-06,2.9761,True,627331.0000,353377.0500,1.7752,1.7752,True,-0.4634,0.8439,16.2638,False,yfinance
2026-10-07,VALIANTORG.NS,VALIANTORG,Valiant Organics Limited,Chemicals,Micro,HIGH,confirmed,,,496.8000,505.0000,477.0000,479.8500,496.8000,-3.4118,503.0000,195.0000,2026-10-05,0.3976,False,109561.0000,162055.2000,0.6761,0.6761,False,0.0000,0.1018,52.5656,False,yfinance
2026-10-07,WELSPUNLIV.NS,WELSPUNLIV,Welspun Living Limited,Textiles,Small,HIGH,confirmed,,,237.8600,245.5000,232.4300,235.8600,237.8600,-0.8408,244.8900,107.1000,2026-10-01,0.2491,False,5454238.0000,4952122.8000,1.1014,1.1014,False,0.0000,0.2624,18.8826,False,yfinance
2026-10-07,ZIMLAB.NS,ZIMLAB,Zim Laboratories Limited,Unclassified,Micro,HIGH,confirmed,,,140.0000,152.5000,136.4700,146.6100,138.5700,5.8021,144.4900,59.3100,2026-09-10,5.5436,True,846341.0000,127530.3500,6.6364,6.6364,True,1.0320,0.6326,18.9278,False,yfinance
2026-10-07,ABREL.NS,ABREL,Aditya Birla Real Estate Limited,Realty,Small,LOW,confirmed,,,1080.9000,1090.0000,1040.2000,1049.4000,1078.0000,-2.6531,1914.0000,1072.4000,2026-10-01,-3.0026,True,209940.0000,198422.3500,1.0580,1.0580,False,0.2690,0.1847,-18.1012,False,yfinance
2026-10-07,ACC.NS,ACC,ACC Limited,Construction Materials,Small,LOW,confirmed,,,1180.0000,1182.7000,1160.1000,1165.5000,1177.0000,-0.9771,1987.0000,1166.1000,2026-10-01,-0.5145,True,95185.0000,133382.1000,0.7136,0.7136,False,0.2549,0.2389,-2.2876,False,yfinance
2026-10-07,AJOONI.NS,AJOONI,Ajooni Biotech Limited,Fast Moving Consumer Goods,Micro,LOW,confirmed,,,3.0600,3.1100,2.9500,3.0100,3.0800,-2.2727,5.5000,3.0000,2026-10-05,-1.6667,False,1091559.0000,314499.4500,3.4708,3.4708,True,-0.6494,0.3750,-8.3361,False,yfinance
2026-10-07,AMBUJACEM.NS,AMBUJACEM,Ambuja Cements Limited,Construction Materials,Large,LOW,confirmed,,,362.4000,362.7500,352.4500,356.9000,361.5500,-1.2861,588.7500,356.3000,2026-10-01,-1.0805,False,3466426.0000,1477327.6500,2.3464,2.3464,True,0.2351,0.4320,-4.9767,False,yfinance
2026-10-07,ASALCBR.NS,ASALCBR,Associated Alcohols & Breweries Ltd.,Fast Moving Consumer Goods,Micro,LOW,confirmed,,,595.0000,600.0000,586.0000,590.1000,598.7000,-1.4365,1277.0000,589.8500,2026-10-06,-0.6527,False,22603.0000,37714.6500,0.5993,0.5993,False,-0.6180,0.2929,-11.2115,False,yfinance
2026-10-07,ASTRAZEN.NS,ASTRAZEN,AstraZeneca Pharma India Limited,Healthcare,Micro,LOW,confirmed,,,6000.5000,6000.5000,5802.0000,5918.0000,5980.5000,-1.0451,9849.5000,5882.0000,2026-10-05,-1.3601,False,6175.0000,8620.4000,0.7163,0.7163,False,0.3344,0.5844,-8.5088,False,yfinance
2026-10-07,AVROIND.NS,AVROIND,AVRO INDIA LIMITED,Consumer Durables,Micro,LOW,confirmed,,,7.0900,7.0900,5.8200,6.1300,6.8500,-10.5109,15.8700,6.2800,2026-10-05,-7.3248,True,965865.0000,257979.3500,3.7440,3.7440,True,3.5037,0.2441,-23.1373,False,yfinance
2026-10-07,BAJAJINDEF.NS,BAJAJINDEF,Indef Manufacturing Limited,Capital Goods,Micro,LOW,confirmed,,,211.5000,211.5000,200.0000,203.9600,207.2100,-1.5685,442.6000,201.0000,2026-10-05,-0.4975,False,11766.0000,20846.0500,0.5644,0.5644,False,2.0704,0.3443,-2.2721,False,yfinance
2026-10-07,BAYERCROP.NS,BAYERCROP,Bayer Cropscience Limited,Chemicals,Micro,LOW,confirmed,,,3535.0000,3549.8000,3478.0000,3491.5000,3533.3999,-1.1858,5149.8999,3502.0000,2026-10-05,-0.6853,True,26503.0000,34377.2500,0.7709,0.7709,False,0.0453,0.1880,-7.0192,False,yfinance
2026-10-07,BBL.NS,BBL,Bharat Bijlee Limited,Capital Goods,Micro,LOW,confirmed,,,2070.0000,2084.8000,2037.0000,2042.0000,2068.8000,-1.2954,3411.0000,2041.7000,2026-10-06,-0.2302,False,18092.0000,18783.0500,0.9632,0.9632,False,0.0580,0.1046,-3.3852,False,yfinance
2026-10-07,BBTC.NS,BBTC,The Bombay Burmah Trading Corporation Limited,Fast Moving Consumer Goods,Micro,LOW,confirmed,,,1301.3000,1301.3000,1263.2000,1269.4000,1298.2000,-2.2185,2135.0000,1284.0000,2026-10-06,-1.6199,True,113931.0000,176507.3000,0.6455,0.6455,False,0.2388,0.1627,-8.3403,False,yfinance
2026-10-07,BIGBLOC.NS,BIGBLOC,Bigbloc Construction Limited,Capital Goods,Micro,LOW,confirmed,,,37.5000,37.6600,36.3000,36.4700,37.2200,-2.0150,80.0000,36.5000,2026-10-06,-0.5479,True,55930.0000,37894.4500,1.4759,1.4759,False,0.7523,0.1250,-7.5835,False,yfinance
2026-10-07,CANBK.NS,CANBK,Canara Bank,Financial Services,Large,LOW,confirmed,,,117.9500,120.2500,116.5100,119.1500,117.8200,1.1288,162.8900,116.5100,2026-10-01,0.0000,False,17756429.0000,11648782.8500,1.5243,1.5243,True,0.1103,0.7059,0.9821,False,yfinance
2026-10-07,CHAMBLFERT.NS,CHAMBLFERT,Chambal Fertilizers & Chemicals Limited,Chemicals,Small,LOW,confirmed,,,404.0500,404.7500,394.5500,396.3500,404.8000,-2.0874,518.8500,395.0000,2026-10-05,-0.1139,False,285277.0000,412158.4500,0.6922,0.6922,False,-0.1853,0.1765,0.0908,False,yfinance
2026-10-07,DEVIT.NS,DEVIT,Dev Information Technology Limited,Information Technology,Micro,LOW,confirmed,,,21.4000,21.6900,19.2600,19.9600,21.3600,-6.5543,44.4400,20.4000,2026-10-06,-5.5882,True,154703.0000,37622.1000,4.1120,4.1120,True,0.1873,0.2881,-12.3411,False,yfinance
2026-10-07,DOLATALGO.NS,DOLATALGO,Dolat Algotech Limited,Financial Services,Micro,LOW,confirmed,,,62.2500,62.8200,60.2000,61.6800,62.4600,-1.2488,95.7600,61.9000,2026-10-06,-2.7464,True,198973.0000,96590.4000,2.0600,2.0600,True,-0.3362,0.5649,-6.4179,False,yfinance
2026-10-07,DPSCLTD.NS,DPSCLTD,DPSC Limited,Unclassified,Micro,LOW,confirmed,,,6.5600,6.6600,6.4100,6.4400,6.5600,-1.8293,12.4400,6.4600,2026-10-05,-0.7740,True,111287.0000,83214.9000,1.3373,1.3373,False,0.0000,0.1200,-3.7504,False,yfinance
2026-10-07,ELIN.NS,ELIN,Elin Electronics Limited,Unclassified,Micro,LOW,confirmed,,,79.7000,79.7000,76.8500,77.0700,78.8400,-2.2450,222.9900,78.0000,2026-10-05,-1.4744,True,102293.0000,149063.1000,0.6862,0.6862,False,1.0908,0.0772,-14.4182,False,yfinance
2026-10-07,ENIL.NS,ENIL,Entertainment Network (India) Limited,Unclassified,Micro,LOW,confirmed,,,91.5700,94.9900,91.1000,92.0000,92.2400,-0.2602,156.4900,91.1000,2026-10-05,0.0000,False,27588.0000,12072.1000,2.2853,2.2853,True,-0.7264,0.2314,-2.7753,False,yfinance
2026-10-07,ERIS.NS,ERIS,Eris Lifesciences Limited,Healthcare,Micro,LOW,confirmed,,,1184.7000,1221.9000,1141.0000,1145.8000,1184.7000,-3.2835,1740.0000,1162.9000,2026-10-01,-1.8832,True,200276.0000,88094.1500,2.2734,2.2734,True,0.0000,0.0593,-8.0875,False,yfinance
2026-10-07,ESSENTIA.NS,ESSENTIA,Integra Essentia Limited,Unclassified,Micro,LOW,confirmed,,,1.0200,1.0200,1.0000,1.0000,1.0100,-0.9901,2.0800,1.0000,2026-09-29,0.0000,True,2539275.0000,2131554.8000,1.1913,1.1913,False,0.9901,0.0000,0.6556,False,yfinance
2026-10-07,EUROPRATIK.NS,EUROPRATIK,Euro Pratik Sales Limited,Construction Materials,Micro,LOW,confirmed,,,177.0000,182.2000,176.1000,179.1200,180.0200,-0.4999,390.0000,176.8800,2026-10-06,-0.4410,False,128345.0000,219271.2000,0.5853,0.5853,False,-1.6776,0.4951,-24.8725,False,yfinance
2026-10-07,GANESHCP.NS,GANESHCP,Ganesh Consumer Products Limited,Fast Moving Consumer Goods,Micro,LOW,confirmed,,,145.4700,162.9600,144.5000,158.8700,145.4700,9.2115,309.9500,144.7500,2026-10-06,-0.1727,False,793413.0000,166173.9000,4.7746,4.7746,True,0.0000,0.7784,-0.9037,False,yfinance
2026-10-07,GHCL.NS,GHCL,GHCL Limited,Unclassified,Micro,LOW,confirmed,,,409.0000,409.0500,394.1000,398.8000,408.8500,-2.4581,667.2000,396.0000,2026-09-29,-0.4798,False,150335.0000,119948.7500,1.2533,1.2533,False,0.0367,0.3144,-2.4916,False,yfinance
2026-10-07,GICRE.NS,GICRE,General Insurance Corporation of India,Financial Services,Mid,LOW,confirmed,,,315.0000,318.3500,311.5000,316.5500,314.2500,0.7319,417.9500,313.5000,2026-10-06,-0.6380,False,681917.0000,519034.7500,1.3138,1.3138,False,0.2387,0.7372,-3.6460,False,yfinance
2026-10-07,GOODYEAR.NS,GOODYEAR,Goodyear India Limited,Unclassified,Micro,LOW,confirmed,,,685.0500,690.0000,680.0000,685.0500,685.9500,-0.1312,1273.7000,682.0000,2026-10-05,-0.2933,False,3651.0000,4244.7500,0.8601,0.8601,False,-0.1312,0.5050,-0.8428,True,yfinance
2026-10-07,HEIDELBERG.NS,HEIDELBERG,HeidelbergCement India Limited,Construction Materials,Micro,LOW,confirmed,,,129.3000,129.3000,127.0100,127.4900,127.7800,-0.2270,206.7000,127.4100,2026-10-06,-0.3139,False,120951.0000,190077.3000,0.6363,0.6363,False,1.1895,0.2096,-14.7616,False,yfinance
2026-10-07,HUBTOWN.NS,HUBTOWN,Hubtown Limited,Unclassified,Micro,LOW,confirmed,,,170.8500,171.9000,163.7500,164.5200,170.0000,-3.2235,339.0000,165.5500,2026-09-29,-1.0873,True,667640.0000,376028.1000,1.7755,1.7755,True,0.5000,0.0945,-5.9212,False,yfinance
2026-10-07,INDIACEM.NS,INDIACEM,The India Cements Limited,Construction Materials,Small,LOW,confirmed,,,295.2500,305.0000,289.2000,303.0500,295.2500,2.6418,485.8000,290.0000,2026-10-05,-0.2759,False,252820.0000,193121.5000,1.3091,1.3091,False,0.0000,0.8766,-8.8420,False,yfinance
2026-10-07,INOXWIND.NS,INOXWIND,Inox Wind Limited,Capital Goods,Small,LOW,confirmed,,,68.2500,68.3800,66.7300,67.1000,68.7000,-2.3290,159.3000,67.1000,2026-10-01,-0.5514,True,10148423.0000,8799137.3500,1.1533,1.1533,False,-0.6550,0.2242,-5.9549,False,yfinance
2026-10-07,INTELLECT.NS,INTELLECT,Intellect Design Arena Limited,Information Technology,Small,LOW,confirmed,,,603.0000,603.0000,589.0000,591.3500,601.4000,-1.6711,1244.6000,593.2000,2026-10-01,-0.7080,True,199132.0000,277016.6500,0.7188,0.7188,False,0.2660,0.1679,-9.1026,False,yfinance
2026-10-07,IREDA.NS,IREDA,Indian Renewable Energy Development Agency Limited,Financial Services,Mid,LOW,confirmed,,,109.0000,109.4200,107.1200,107.3300,109.0000,-1.5321,158.7000,107.4000,2026-09-16,-0.2607,True,4512835.0000,4568606.8500,0.9878,0.9878,False,0.0000,0.0913,1.0770,False,yfinance
2026-10-07,IRFC.NS,IRFC,Indian Railway Finance Corporation Limited,Financial Services,Large,LOW,confirmed,,,76.9000,77.2000,76.0400,76.1500,77.1000,-1.2322,137.1700,76.0600,2026-10-05,-0.0263,False,5212579.0000,8965493.7500,0.5814,0.5814,False,-0.2594,0.0948,-1.7167,False,yfinance
2026-10-07,JKTYRE.NS,JKTYRE,JK Tyre & Industries Limited,Automobile and Auto Components,Small,LOW,confirmed,,,339.8500,341.3000,333.0500,333.4000,339.3500,-1.7534,611.9000,333.1000,2026-09-29,-0.0150,False,756641.0000,465921.6000,1.6240,1.6240,True,0.1473,0.0424,-3.0143,False,yfinance
2026-10-07,JSLL.NS,JSLL,Jeena Sikho Lifecare Limited,Consumer Services,Micro,LOW,confirmed,,,444.8000,448.2500,407.2500,417.2000,441.2500,-5.4504,835.0000,440.0000,2026-10-06,-7.4432,True,3700090.0000,502163.2000,7.3683,7.3683,True,0.8045,0.2427,-12.0422,False,yfinance
2026-10-07,KEC.NS,KEC,KEC International Limited,Construction,Small,LOW,confirmed,,,375.0000,375.1500,362.0000,362.5000,374.9000,-3.3075,893.0000,367.5000,2026-10-01,-1.4966,True,1716962.0000,1038071.5000,1.6540,1.6540,True,0.0267,0.0380,-5.2308,False,yfinance
2026-10-07,KPITTECH.NS,KPITTECH,KPIT Technologies Limited,Information Technology,Small,LOW,confirmed,,,493.9000,496.9500,483.4000,484.2500,492.7000,-1.7150,1284.9000,484.5000,2026-10-01,-0.2270,True,1032082.0000,1529648.6500,0.6747,0.6747,False,0.2436,0.0627,-8.4171,False,yfinance
2026-10-07,LATENTVIEW.NS,LATENTVIEW,Latent View Analytics Limited,Information Technology,Micro,LOW,confirmed,,,234.4400,235.9900,229.1000,230.0800,233.2800,-1.3717,517.5000,230.0000,2026-10-01,-0.3913,False,638016.0000,467005.8500,1.3662,1.3662,False,0.4973,0.1422,-5.4215,False,yfinance
2026-10-07,LEXUS.NS,LEXUS,Lexus Granito (India) Limited,Unclassified,Micro,LOW,confirmed,,,10.8100,10.9900,9.0000,9.4800,10.8100,-12.3034,39.2500,9.5800,2026-10-01,-6.0543,True,242702.0000,28327.9500,8.5676,8.5676,True,0.0000,0.2412,-23.7305,False,yfinance
2026-10-07,M&M.NS,M&M,Mahindra & Mahindra Limited,Automobile and Auto Components,Large,LOW,confirmed,,,2823.6001,2837.8999,2800.0000,2800.0000,2855.0000,-1.9264,3839.8999,2812.0000,2026-10-01,-0.4267,True,3361287.0000,2116075.8500,1.5885,1.5885,True,-1.0998,0.0000,-5.9749,False,yfinance
2026-10-07,MASFIN.NS,MASFIN,MAS Financial Services Limited,Financial Services,Micro,LOW,confirmed,,,264.3000,286.6500,263.9000,270.2500,266.9000,1.2552,358.8500,265.0000,2026-10-06,-0.4151,False,1010890.0000,189314.6000,5.3397,5.3397,True,-0.9741,0.2791,-1.4411,False,yfinance
2026-10-07,MAXHEALTH.NS,MAXHEALTH,Max Healthcare Institute Limited,Healthcare,Large,LOW,confirmed,,,900.0000,911.2500,891.6000,908.0000,902.5000,0.6094,1221.9000,892.2500,2026-10-06,-0.0729,False,2002385.0000,2751649.7500,0.7277,0.7277,False,-0.2770,0.8346,-3.1425,False,yfinance
2026-10-07,METROBRAND.NS,METROBRAND,Metro Brands Limited,Unclassified,Micro,LOW,confirmed,,,827.0000,827.4000,807.0000,825.1000,818.8500,0.7633,1308.8000,807.1500,2026-10-05,-0.0186,False,25599.0000,105240.5000,0.2432,0.2432,False,0.9953,0.8873,-6.2893,False,yfinance
2026-10-07,MINDTECK.NS,MINDTECK,Mindteck (India) Limited,Information Technology,Micro,LOW,confirmed,,,145.0000,146.9000,137.5900,140.1200,143.7200,-2.5049,307.6800,138.5300,2026-10-06,-0.6786,False,90917.0000,24974.4000,3.6404,3.6404,True,0.8906,0.2718,-9.6613,False,yfinance
2026-10-07,MUTHOOTFIN.NS,MUTHOOTFIN,Muthoot Finance Limited,Financial Services,Large,LOW,confirmed,,,2695.2000,2695.2000,2639.3000,2654.3999,2686.0000,-1.1765,4149.5000,2671.0000,2026-08-03,-1.1868,True,629510.0000,564899.1500,1.1144,1.1144,False,0.3425,0.2701,-3.0420,False,yfinance
2026-10-07,NCC.NS,NCC,NCC Limited,Construction,Small,LOW,confirmed,,,128.3900,128.6000,125.8600,126.8800,128.4700,-1.2376,217.2500,126.6500,2026-09-29,-0.6238,False,2936319.0000,3337566.7000,0.8798,0.8798,False,-0.0623,0.3723,-9.2277,False,yfinance
2026-10-07,NUCLEUS.NS,NUCLEUS,Nucleus Software Exports Limited,Information Technology,Micro,LOW,confirmed,,,657.7000,657.7000,616.5000,628.8500,638.0500,-1.4419,1064.8000,632.0000,2026-10-06,-2.4525,True,59350.0000,12618.3000,4.7035,4.7035,True,3.0797,0.2998,-7.0477,False,yfinance
2026-10-07,OMINFRAL.NS,OMINFRAL,OM INFRA LIMITED,Unclassified,Micro,LOW,confirmed,,,74.7300,74.7400,71.5000,72.4500,73.3300,-1.2001,134.7000,71.5000,2026-01-27,0.0000,False,41871.0000,58380.5000,0.7172,0.7172,False,1.9092,0.2932,-6.1858,False,yfinance
2026-10-07,ORIENTCEM.NS,ORIENTCEM,Orient Cement Limited,Unclassified,Micro,LOW,confirmed,,,115.3200,116.1900,112.4100,113.2100,115.7600,-2.2028,226.8600,114.3000,2026-10-01,-1.6535,True,165155.0000,521452.4000,0.3167,0.3167,False,-0.3801,0.2116,-5.1309,False,yfinance
2026-10-07,PAKKA.NS,PAKKA,PAKKA LIMITED,Forest Materials,Micro,LOW,confirmed,,,69.1300,72.9000,68.6600,72.3700,69.1300,4.6868,159.9000,68.6600,2026-10-06,0.0000,False,208422.0000,111295.7000,1.8727,1.8727,True,0.0000,0.8750,-2.4384,False,yfinance
2026-10-07,PRAKASHSTL.NS,PRAKASHSTL,Prakash Steelage Limited,Unclassified,Micro,LOW,confirmed,,,3.5300,3.5700,3.4100,3.4300,3.5300,-2.8329,6.5700,3.4600,2026-09-29,-1.4451,True,93821.0000,89108.4000,1.0529,1.0529,False,0.0000,0.1250,-3.1159,False,yfinance
2026-10-07,PTC.NS,PTC,PTC India Limited,Power,Micro,LOW,confirmed,,,150.8000,152.1400,149.3500,151.7200,157.1400,-3.4492,229.5100,149.5900,2026-01-21,-0.1604,False,1807621.0000,1337823.4000,1.3512,1.3512,False,-4.0346,0.8495,3.8092,False,yfinance
2026-10-07,REPL.NS,REPL,Rudrabhishek Enterprises Limited,Services,Micro,LOW,confirmed,,,57.0100,57.0100,54.0500,55.3000,56.8300,-2.6922,154.4900,55.0000,2026-10-05,-1.7273,False,5726.0000,3456.4500,1.6566,1.6566,True,0.3167,0.4223,-3.9119,False,yfinance
2026-10-07,SAMBHAAV.NS,SAMBHAAV,Sambhaav Media Limited,Media Entertainment & Publication,Micro,LOW,confirmed,,,5.5800,5.5800,4.9900,5.1000,5.2500,-2.8571,11.5300,5.0600,2026-10-06,-1.3834,False,81651.0000,46288.9000,1.7639,1.7639,True,6.2857,0.1864,-7.4031,False,yfinance
2026-10-07,SBICARD.NS,SBICARD,SBI Cards and Payment Services Limited,Financial Services,Mid,LOW,confirmed,,,569.4000,569.9500,555.6500,557.4000,569.4000,-2.1075,965.0000,560.1500,2026-10-01,-0.8034,True,1197820.0000,1174000.6500,1.0203,1.0203,False,0.0000,0.1224,-11.1394,False,yfinance
2026-10-07,SECURKLOUD.NS,SECURKLOUD,SECUREKLOUD TECHNOLOGIES LIMITED,Unclassified,Micro,LOW,confirmed,,,16.8800,16.8800,14.5000,15.3400,15.7100,-2.3552,34.1800,15.6000,2026-09-11,-7.0513,True,46860.0000,22346.7500,2.0969,2.0969,True,7.4475,0.3529,-4.4003,False,yfinance
2026-10-07,SJVN.NS,SJVN,SJVN Limited,Power,Small,LOW,confirmed,,,57.4200,57.4200,56.2000,56.3600,57.2600,-1.5718,91.3600,56.7300,2026-10-01,-0.9342,True,2057481.0000,2677588.1500,0.7684,0.7684,False,0.2794,0.1311,-9.0201,False,yfinance
2026-10-07,STARCEMENT.NS,STARCEMENT,Star Cement Limited,Unclassified,Micro,LOW,confirmed,,,175.1300,177.0000,174.5000,174.8800,176.4100,-0.8673,273.0000,175.2000,2026-09-29,-0.3995,True,61630.0000,184452.8500,0.3341,0.3341,False,-0.7256,0.1520,-4.6237,False,yfinance
2026-10-07,SUPREMEINF.NS,SUPREMEINF,Supreme Infrastructure India Limited,Construction,Micro,LOW,confirmed,,,64.4500,64.4500,53.5100,54.6700,61.4000,-10.9609,110.8800,57.4200,2026-10-06,-6.8095,True,415360.0000,71473.3000,5.8114,5.8114,True,4.9674,0.1060,-29.0467,False,yfinance
2026-10-07,SYMPHONY.NS,SYMPHONY,Symphony Limited,Consumer Durables,Micro,LOW,confirmed,,,557.0000,565.6500,553.0000,558.1000,556.9500,0.2065,970.4500,555.0000,2026-10-06,-0.3604,False,46171.0000,312021.7000,0.1480,0.1480,False,0.0090,0.4032,2.7492,False,yfinance
2026-10-07,TATAPOWER.NS,TATAPOWER,Tata Power Company Limited,Power,Large,LOW,confirmed,,,350.9000,350.9000,341.0000,345.1500,351.6500,-1.8484,464.9000,342.5000,2026-01-27,-0.4380,False,5227497.0000,3433524.3000,1.5225,1.5225,True,-0.2133,0.4192,-0.1632,False,yfinance
2026-10-07,TREJHARA.NS,TREJHARA,TREJHARA SOLUTIONS LIMITED,Unclassified,Micro,LOW,confirmed,,,135.8100,135.8100,125.7500,127.4800,130.3900,-2.2318,284.8500,127.0300,2026-10-01,-1.0076,False,22107.0000,18929.7500,1.1678,1.1678,False,4.1568,0.1720,-7.9734,False,yfinance
2026-10-07,TVSHLTD.NS,TVSHLTD,TVS Holdings Limited,Unclassified,Micro,LOW,confirmed,,,11722.0000,11809.0000,11600.0000,11735.0000,11763.0000,-0.2380,16297.0000,11661.0000,2026-10-01,-0.5231,False,4318.0000,9054.5000,0.4769,0.4769,False,-0.3486,0.6459,-6.8377,False,yfinance
2026-10-07,UNITEDTEA.NS,UNITEDTEA,The United Nilgiri Tea Estates Company Limited,Unclassified,Micro,LOW,confirmed,,,415.9500,418.0000,401.6000,408.8500,415.9500,-1.7069,590.0000,405.2000,2026-09-30,-0.8885,False,4211.0000,2662.3500,1.5817,1.5817,True,0.0000,0.4421,-2.0721,False,yfinance
2026-10-07,UPL.NS,UPL,UPL Limited,Chemicals,Mid,LOW,confirmed,,,510.0000,510.0000,494.6000,495.0000,509.5500,-2.8555,812.2000,496.0500,2026-10-05,-0.2923,True,2175673.0000,2179897.3000,0.9981,0.9981,False,0.0883,0.0260,-8.7568,False,yfinance
2026-10-07,V2RETAIL.NS,V2RETAIL,V2 Retail Limited,Consumer Services,Micro,LOW,confirmed,,,171.3400,171.9700,157.3500,163.9500,172.1900,-4.7854,259.2500,162.3300,2026-10-05,-3.0678,False,3074441.0000,1834071.8000,1.6763,1.6763,True,-0.4936,0.4514,-20.1174,False,yfinance
2026-10-07,VIKRAMSOLR.NS,VIKRAMSOLR,Vikram Solar Limited,Capital Goods,Micro,LOW,confirmed,,,151.5000,151.8900,148.5100,148.9400,151.5000,-1.6898,354.4000,150.9600,2026-10-06,-1.6230,True,1900464.0000,1414871.4500,1.3432,1.3432,False,0.0000,0.1272,-6.5981,False,yfinance
2026-10-07,VINATIORGA.NS,VINATIORGA,Vinati Organics Limited,Unclassified,Micro,LOW,confirmed,,,1191.0000,1195.8000,1138.5000,1142.3000,1179.5000,-3.1539,1739.0000,1143.6000,2026-10-01,-0.4460,True,71386.0000,53601.2500,1.3318,1.3318,False,0.9750,0.0663,-9.8296,False,yfinance
2026-10-07,VINNY.NS,VINNY,Vinny Overseas Limited,Unclassified,Micro,LOW,confirmed,,,0.9100,0.9200,0.8800,0.8900,0.9000,-1.1111,1.5300,0.8800,2026-09-30,0.0000,False,283034.0000,306165.0000,0.9244,0.9244,False,1.1111,0.2500,-6.4637,False,yfinance
2026-10-07,ACEVECTOR.NS,ACEVECTOR,AceVector Limited,Consumer Services,Micro,HIGH,confirmed,,,25.8000,31.1100,25.2700,31.1100,25.9300,19.9769,28.7500,23.3700,2026-10-05,8.2087,True,66714951.0000,,,,False,-0.5013,1.0000,,False,nse_bhavcopy
2026-10-07,GERMAN.NS,GERMAN,German Green Steel and Power Limited,Unclassified,Micro,LOW,confirmed,,,118.2000,124.4900,116.4300,120.1100,118.1200,1.6847,142.8100,117.4000,2026-10-06,-0.8262,False,3650098.0000,,,,False,0.0677,0.4566,,False,nse_bhavcopy
2026-10-08,AEROPLANE.NS,AEROPLANE,Amir Chand Jagdish Kumar (Exports) Limited,Fast Moving Consumer Goods,Micro,HIGH,confirmed,,,219.9900,220.8900,211.9000,216.0900,218.4400,-1.0758,219.7000,117.0200,2026-10-07,0.5416,False,972495.0000,1004417.0000,0.9682,0.9682,False,0.7096,0.4661,15.6270,True,yfinance
2026-10-08,ARFIN.NS,ARFIN,Arfin India Limited,Unclassified,Micro,HIGH,confirmed,,,104.2900,112.6900,102.6000,107.5200,103.0600,4.3276,106.2000,45.1600,2026-05-12,6.1111,True,18357661.0000,2089125.5500,8.7872,8.7872,True,1.1935,0.4876,19.3654,False,yfinance
2026-10-08,AVADHSUGAR.NS,AVADHSUGAR,Avadh Sugar & Energy Limited,Unclassified,Micro,HIGH,confirmed,,,951.0000,978.8000,916.2000,939.5500,937.5500,0.2133,947.9500,306.0500,2026-10-07,3.2544,False,519526.0000,178330.9000,2.9133,2.9133,True,1.4346,0.3730,18.3983,False,yfinance
2026-10-08,BAFNAPH.NS,BAFNAPH,Bafna Pharmaceuticals Limited,Unclassified,Micro,HIGH,confirmed,,,409.8500,409.8500,409.8000,409.8500,401.8500,1.9908,401.8500,94.7700,2026-10-07,1.9908,True,1108.0000,4196.3000,0.2640,0.2640,False,1.9908,1.0000,42.3315,False,yfinance
2026-10-08,BOSCH-HCIL.NS,BOSCH-HCIL,BOSCH HOME COMFORT INDIA LIMITED,Consumer Durables,Micro,HIGH,confirmed,,,1960.0000,2037.0000,1910.0000,1943.8000,1948.1000,-0.2207,2036.9000,1021.3000,2026-10-05,0.0049,False,102060.0000,56473.5000,1.8072,1.8072,True,0.6109,0.2661,11.6286,False,yfinance
2026-10-08,CUPID.NS,CUPID,Cupid Limited,Fast Moving Consumer Goods,Small,HIGH,confirmed,,,348.5000,357.0000,344.0000,356.6500,343.9500,3.6924,345.0000,41.8160,2026-10-07,3.4783,True,29558194.0000,26155332.4500,1.1301,1.1301,False,1.3229,0.9731,33.4515,False,yfinance
2026-10-08,DBOL.NS,DBOL,Dhampur Bio Organics Limited,Unclassified,Micro,HIGH,confirmed,,,141.0000,143.0900,134.7200,140.4300,140.2500,0.1283,142.8200,69.0000,2026-10-07,0.1890,False,472789.0000,273158.2000,1.7308,1.7308,True,0.5348,0.6822,16.6311,False,yfinance
2026-10-08,DSKULKARNI.NS,DSKULKARNI,DS Kulkarni Developers Limited,Realty,Micro,HIGH,confirmed,,,28.2100,28.2100,28.2100,28.2100,27.6600,1.9884,27.6600,8.6000,2026-10-07,1.9884,True,144.0000,171.9000,0.8377,0.8377,False,1.9884,,48.9819,False,yfinance
2026-10-08,E2E.NS,E2E,E2E Networks Limited,Information Technology,Micro,HIGH,confirmed,,,744.0000,753.3500,698.0000,714.1500,723.3000,-1.2650,723.3000,183.3600,2026-10-07,4.1546,False,950336.0000,653686.6500,1.4538,1.4538,False,2.8619,0.2918,19.8283,False,yfinance
2026-10-08,EBGNG.NS,EBGNG,GNG Electronics Limited,Information Technology,Micro,HIGH,confirmed,,,735.0000,740.4000,689.0000,692.1500,731.3500,-5.3599,735.0000,239.0000,2026-10-07,0.7347,False,884893.0000,893158.0000,0.9907,0.9907,False,0.4991,0.0613,18.3066,False,yfinance
2026-10-08,FINCABLES.NS,FINCABLES,Finolex Cables Limited,Capital Goods,Small,HIGH,confirmed,,,1497.3000,1499.0000,1396.6000,1402.2000,1483.5000,-5.4803,1498.0000,700.8000,2026-09-11,0.0668,False,719704.0000,1137946.8500,0.6325,0.6325,False,0.9302,0.0547,20.7859,False,yfinance
2026-10-08,GFSTEELS.NS,GFSTEELS,Grand Foundry Limited,Metals & Mining,Micro,HIGH,confirmed,,,41.4300,41.4300,41.4300,41.4300,40.6200,1.9941,40.6200,10.2100,2026-10-07,1.9941,True,13521.0000,36690.2500,0.3685,0.3685,False,1.9941,,182.7072,False,yfinance
2026-10-08,GLOBAL.NS,GLOBAL,Global Education Limited,Services,Micro,HIGH,confirmed,,,145.8500,145.8500,139.8000,141.4100,144.7900,-2.3344,145.4900,55.3000,2026-10-07,0.2474,False,147670.0000,253835.9500,0.5818,0.5818,False,0.7321,0.2661,24.2017,False,yfinance
2026-10-08,HITECHCORP.NS,HITECHCORP,Hitech Corporation Limited,Unclassified,Micro,HIGH,confirmed,,,350.1000,354.3000,348.0000,350.5500,349.1000,0.4153,353.8000,112.0000,2026-10-07,0.1413,False,60899.0000,19832.5500,3.0707,3.0707,True,0.2865,0.4048,11.3524,False,yfinance
2026-10-08,IBULLSLTD.NS,IBULLSLTD,Indiabulls Limited,Unclassified,Micro,HIGH,confirmed,,,34.4000,38.8900,32.7800,34.8800,32.4900,7.3561,32.5000,8.9000,2026-07-14,19.6615,True,80328946.0000,21478108.6500,3.7400,3.7400,True,5.8787,0.3437,42.2270,False,yfinance
2026-10-08,KALYANI.NS,KALYANI,Kalyani Commercials Limited,Automobile and Auto Components,Micro,HIGH,confirmed,,,144.9900,144.9900,144.9900,144.9900,144.9900,0.0000,144.9900,138.0900,2026-08-28,0.0000,True,0.0000,0.0000,,,False,0.0000,,6.5072,False,yfinance
2026-10-08,KINGFA.NS,KINGFA,Kingfa Science & Technology (India) Limited,Chemicals,Micro,HIGH,confirmed,,,6997.0000,6997.0000,6715.0000,6804.0000,6932.5000,-1.8536,6996.0000,3649.8999,2026-10-06,0.0143,False,8335.0000,17967.0000,0.4639,0.4639,False,0.9304,0.3156,18.8493,False,yfinance
2026-10-08,KMEW.NS,KMEW,Knowledge Marine & Engineering Works Limited,Services,Micro,HIGH,confirmed,,,3230.0000,3307.0000,3168.0000,3256.7000,3214.0000,1.3286,3268.5000,1084.6000,2026-10-07,1.1779,False,177999.0000,138524.5500,1.2850,1.2850,False,0.4978,0.6381,16.4714,False,yfinance
2026-10-08,LOKESHMACH.NS,LOKESHMACH,Lokesh Machines Limited,Capital Goods,Micro,HIGH,confirmed,,,465.6000,488.0000,442.0000,447.8500,465.4500,-3.7813,475.0000,138.9600,2026-10-07,2.7368,False,424361.0000,203885.2500,2.0814,2.0814,True,0.0322,0.1272,31.7099,False,yfinance
2026-10-08,MMP.NS,MMP,MMP Industries Limited,Unclassified,Micro,HIGH,confirmed,,,512.0000,515.4500,475.1500,483.2500,498.8000,-3.1175,504.0000,185.2000,2026-10-07,2.2718,False,213115.0000,106897.4500,1.9936,1.9936,True,2.6464,0.2010,15.1149,False,yfinance
2026-10-08,MMWL.NS,MMWL,Media Matrix Worldwide Limited,Media Entertainment & Publication,Micro,HIGH,confirmed,,,19.7800,19.7800,19.0000,19.7700,17.9900,9.8944,17.9900,9.0200,2026-10-07,9.9500,True,1519214.0000,63617.6500,23.8804,23.8804,True,9.9500,0.9872,44.3733,True,yfinance
2026-10-08,OILCOUNTUB.NS,OILCOUNTUB,Oil Country Tubular Limited,Unclassified,Micro,HIGH,confirmed,,,84.5600,84.5600,84.5600,84.5600,82.9100,1.9901,82.9100,35.6500,2026-10-07,1.9901,True,142655.0000,39230.9500,3.6363,3.6363,True,1.9901,,39.1503,False,yfinance
2026-10-08,ONELIFECAP.NS,ONELIFECAP,Onelife Capital Advisors Limited,Financial Services,Micro,HIGH,confirmed,,,48.9000,49.5100,47.5000,49.5100,47.1600,4.9830,47.2500,11.1500,2026-10-07,4.7831,True,100079.0000,107419.8500,0.9317,0.9317,False,3.6896,1.0000,61.2743,False,yfinance
2026-10-08,ORIENTBELL.NS,ORIENTBELL,Orient Bell Limited,Unclassified,Micro,HIGH,confirmed,,,433.0000,442.0000,412.0000,413.0000,432.5500,-4.5197,440.4000,246.5500,2026-10-07,0.3633,False,91820.0000,29864.5000,3.0746,3.0746,True,0.1040,0.0333,6.0013,False,yfinance
2026-10-08,PANACHE.NS,PANACHE,Panache Digilife Limited,Information Technology,Micro,HIGH,confirmed,,,627.3000,627.3000,570.0000,589.2500,597.4500,-1.3725,597.4500,237.7000,2026-10-07,4.9962,False,225061.0000,10279.5000,21.8942,21.8942,True,4.9962,0.3360,18.5319,False,yfinance
2026-10-08,PNGSREVA.NS,PNGSREVA,PNGS Reva Diamond Jewellery Limited,Unclassified,Micro,HIGH,confirmed,,,643.4000,738.0000,625.0000,701.9500,631.0000,11.2441,653.0000,324.2500,2026-10-07,13.0168,True,14908756.0000,389343.9500,38.2920,38.2920,True,1.9651,0.6810,36.4618,True,yfinance
2026-10-08,PREMIERPOL.NS,PREMIERPOL,Premier Polyfilm Limited,Chemicals,Micro,HIGH,confirmed,,,104.6000,106.7000,97.5000,98.2500,101.2300,-2.9438,106.0500,38.0000,2026-10-05,0.6129,False,1065254.0000,1199616.9000,0.8880,0.8880,False,3.3290,0.0815,13.9429,False,yfinance
2026-10-08,RAMBHAJO.NS,RAMBHAJO,Advit Jewels Limited,Consumer Durables,Micro,HIGH,confirmed,,,361.5000,364.8000,346.0000,356.5500,360.8000,-1.1779,363.3500,161.6000,2026-10-07,0.3991,False,721735.0000,874090.1500,0.8257,0.8257,False,0.1940,0.5612,35.5423,True,yfinance
2026-10-08,SHANTIGOLD.NS,SHANTIGOLD,Shanti Gold International Limited,Consumer Durables,Micro,HIGH,confirmed,,,342.7500,361.3500,333.0000,350.6500,341.0500,2.8148,351.0000,155.0000,2026-10-07,2.9487,False,5937219.0000,4657320.2500,1.2748,1.2748,False,0.4985,0.6226,36.0321,False,yfinance
2026-10-08,SHREEJISPG.NS,SHREEJISPG,Shreeji Shipping Global Limited,Services,Micro,HIGH,confirmed,,,809.0000,809.7500,789.0000,800.7500,802.1000,-0.1683,808.0000,222.0000,2026-10-07,0.2166,False,1184742.0000,1043896.8000,1.1349,1.1349,False,0.8602,0.5663,20.9327,False,yfinance
2026-10-08,SKYGOLD.NS,SKYGOLD,SKY GOLD AND DIAMONDS LIMITED,Consumer Durables,Micro,HIGH,confirmed,,,873.6500,901.8000,844.7500,884.5000,876.9500,0.8609,894.8000,259.0000,2026-10-07,0.7823,False,2677878.0000,1032921.8000,2.5925,2.5925,True,-0.3763,0.6968,18.7320,False,yfinance
2026-10-08,SWANDEF.NS,SWANDEF,Swan Defence and Heavy Industries Limited,Capital Goods,Micro,HIGH,confirmed,,,2703.1001,2814.8999,2670.0000,2785.1001,2759.3999,0.9314,2804.8999,605.9500,2026-09-23,0.3565,False,24580.0000,18948.0000,1.2972,1.2972,False,-2.0403,0.7943,18.0897,False,yfinance
2026-10-08,TATVA.NS,TATVA,Tatva Chintan Pharma Chem Limited,Chemicals,Micro,HIGH,confirmed,,,1999.9000,2008.7000,1841.4000,1855.6000,1991.2000,-6.8100,2000.0000,992.3000,2026-10-07,0.4350,False,140860.0000,87710.5000,1.6060,1.6060,True,0.4369,0.0849,15.9304,False,yfinance
2026-10-08,TFCILTD.NS,TFCILTD,Tourism Finance Corporation of India Limited,Unclassified,Micro,HIGH,confirmed,,,153.1000,154.1900,145.6500,146.6500,152.2400,-3.6718,154.0000,51.0000,2026-10-07,0.1234,False,8707702.0000,13085166.5000,0.6655,0.6655,False,0.5649,0.1171,10.5881,False,yfinance
2026-10-08,AASTHA.NS,AASTHA,Aastha Spintex Limited,Textiles,Micro,LOW,confirmed,,,30.2900,30.6900,28.6200,28.6800,30.1200,-4.7809,70.0050,29.2900,2026-10-06,-2.2875,True,672748.0000,2089399.3000,0.3220,0.3220,False,0.5644,0.0290,-19.3460,True,yfinance
2026-10-08,ABFRL.NS,ABFRL,Aditya Birla Fashion and Retail Limited,Consumer Services,Micro,LOW,confirmed,,,44.4600,45.0900,43.0500,43.1800,44.6200,-3.2272,88.9900,44.0400,2026-10-01,-2.2480,True,3988608.0000,4791758.7000,0.8324,0.8324,False,-0.3586,0.0637,-12.3427,False,yfinance
2026-10-08,ABLBL.NS,ABLBL,Aditya Birla Lifestyle Brands Limited,Consumer Services,Micro,LOW,confirmed,,,73.7300,73.8600,71.1000,71.9500,73.6900,-2.3613,150.7900,72.2000,2026-10-05,-1.5235,True,5937102.0000,2927822.5500,2.0278,2.0278,True,0.0543,0.3080,-9.3900,False,yfinance
2026-10-08,ABREL.NS,ABREL,Aditya Birla Real Estate Limited,Realty,Small,LOW,confirmed,,,1049.4000,1060.2000,1011.6000,1018.0000,1049.4000,-2.9922,1914.0000,1040.2000,2026-10-07,-2.7495,True,187497.0000,211574.7000,0.8862,0.8862,False,0.0000,0.1317,-19.6069,False,yfinance
2026-10-08,ACC.NS,ACC,ACC Limited,Construction Materials,Small,LOW,confirmed,,,1164.1000,1165.0000,1125.1000,1130.1000,1165.5000,-3.0373,1987.0000,1160.1000,2026-10-07,-3.0170,True,139914.0000,143972.3500,0.9718,0.9718,False,-0.1201,0.1253,-4.4174,False,yfinance
2026-10-08,ADVENTHTL.NS,ADVENTHTL,Advent Hotels International Limited,Consumer Services,Micro,LOW,confirmed,,,122.6600,122.6700,116.8000,118.4500,121.7700,-2.7265,345.0500,120.0200,2026-06-11,-2.6829,True,134084.0000,150919.1500,0.8884,0.8884,False,0.7309,0.2811,-4.5597,True,yfinance
2026-10-08,ALLTIME.NS,ALLTIME,All Time Plastics Limited,Fast Moving Consumer Goods,Micro,LOW,confirmed,,,184.4300,185.3300,174.3000,175.4300,184.4300,-4.8799,314.7000,180.0100,2026-10-06,-3.1720,True,105803.0000,110544.4000,0.9571,0.9571,False,0.0000,0.1024,-11.7644,False,yfinance
2026-10-08,AMBUJACEM.NS,AMBUJACEM,Ambuja Cements Limited,Construction Materials,Large,LOW,confirmed,,,356.9000,357.2500,341.0000,341.0000,356.9000,-4.4550,588.7500,352.4500,2026-10-07,-3.2487,True,2489181.0000,1699978.4000,1.4642,1.4642,False,0.0000,0.0000,-7.9434,False,yfinance
2026-10-08,APCL.NS,APCL,Anjani Portland Cement Limited,Construction Materials,Micro,LOW,confirmed,,,94.4900,94.4900,90.5500,92.8700,92.6400,0.2483,148.7800,91.5000,2026-10-05,-1.0382,False,3010.0000,5827.2500,0.5165,0.5165,False,1.9970,0.5888,-0.5578,False,yfinance
2026-10-08,ASALCBR.NS,ASALCBR,Associated Alcohols & Breweries Ltd.,Fast Moving Consumer Goods,Micro,LOW,confirmed,,,587.0500,590.7000,567.0000,573.2000,590.1000,-2.8639,1277.0000,586.0000,2026-10-07,-3.2423,True,57765.0000,38844.8000,1.4871,1.4871,False,-0.5169,0.2616,-12.5095,False,yfinance
2026-10-08,ASTRAZEN.NS,ASTRAZEN,AstraZeneca Pharma India Limited,Healthcare,Micro,LOW,confirmed,,,5950.5000,5950.5000,5675.0000,5719.5000,5918.0000,-3.3542,9849.5000,5802.0000,2026-10-07,-2.1889,True,6824.0000,9064.0500,0.7529,0.7529,False,0.5492,0.1615,-10.0087,False,yfinance
2026-10-08,ATALREAL.NS,ATALREAL,Atal Realtech Limited,Construction,Micro,LOW,confirmed,,,11.9700,12.6500,11.5200,11.6300,12.1200,-4.0429,36.7000,11.7000,2026-09-30,-1.5385,True,2019970.0000,6034816.7500,0.3347,0.3347,False,-1.2376,0.0973,-49.6060,False,yfinance
2026-10-08,AVROIND.NS,AVROIND,AVRO INDIA LIMITED,Consumer Durables,Micro,LOW,confirmed,,,6.1800,6.2900,5.6100,5.8700,6.1300,-4.2414,15.8700,5.8200,2026-10-07,-3.6082,False,294136.0000,347289.5000,0.8469,0.8469,False,0.8157,0.3824,-24.4340,False,yfinance
2026-10-08,AWHCL.NS,AWHCL,Antony Waste Handling Cell Limited,Capital Goods,Micro,LOW,confirmed,,,348.7000,348.7500,335.2500,339.2500,348.7000,-2.7101,605.0000,337.5500,2026-09-16,-0.6814,False,124721.0000,454655.5500,0.2743,0.2743,False,0.0000,0.2963,-1.9274,False,yfinance
2026-10-08,BAJAJELEC.NS,BAJAJELEC,Bajaj Electricals Limited,Consumer Durables,Micro,LOW,confirmed,,,299.1500,300.1500,289.0500,290.0500,300.7000,-3.5417,560.9500,296.0000,2026-10-01,-2.3480,True,141208.0000,113434.0500,1.2448,1.2448,False,-0.5155,0.0901,-8.7077,False,yfinance
2026-10-08,BAJAJINDEF.NS,BAJAJINDEF,Indef Manufacturing Limited,Capital Goods,Micro,LOW,confirmed,,,203.9600,205.3800,197.5000,199.2400,203.9600,-2.3142,442.6000,200.0000,2026-10-07,-1.2500,True,12059.0000,21792.1000,0.5534,0.5534,False,0.0000,0.2208,-3.8501,False,yfinance
2026-10-08,BATAINDIA.NS,BATAINDIA,Bata India Limited,Consumer Durables,Small,LOW,confirmed,,,617.1000,617.1000,601.0000,603.3500,615.1000,-1.9103,1238.0000,605.0000,2026-03-30,-0.6612,True,91894.0000,154557.8000,0.5946,0.5946,False,0.3252,0.1460,-3.3666,False,yfinance
2026-10-08,BAYERCROP.NS,BAYERCROP,Bayer Cropscience Limited,Chemicals,Micro,LOW,confirmed,,,3510.0000,3522.3000,3366.3000,3381.6001,3491.5000,-3.1476,5149.8999,3478.0000,2026-10-07,-3.2116,True,46172.0000,35702.4000,1.2932,1.2932,False,0.5299,0.0981,-8.6857,False,yfinance
2026-10-08,BBL.NS,BBL,Bharat Bijlee Limited,Capital Goods,Micro,LOW,confirmed,,,2050.0000,2084.8000,2009.0000,2075.3000,2042.0000,1.6308,3411.0000,2037.0000,2026-10-07,-1.3746,False,24984.0000,19687.6500,1.2690,1.2690,False,0.3918,0.8747,-0.8083,False,yfinance
2026-10-08,BBTC.NS,BBTC,The Bombay Burmah Trading Corporation Limited,Fast Moving Consumer Goods,Micro,LOW,confirmed,,,1269.4000,1269.4000,1215.1000,1224.6000,1269.4000,-3.5292,2135.0000,1263.2000,2026-10-07,-3.8078,True,95885.0000,182203.8500,0.5263,0.5263,False,0.0000,0.1750,-10.2942,False,yfinance
2026-10-08,BDL.NS,BDL,Bharat Dynamics Limited,Capital Goods,Mid,LOW,confirmed,,,1083.7000,1087.6000,1047.7000,1050.5000,1085.0000,-3.1797,1633.4000,1071.2000,2026-10-01,-2.1938,True,853117.0000,1060345.0000,0.8046,0.8046,False,-0.1198,0.0702,-8.8911,False,yfinance
2026-10-08,BEL.NS,BEL,Bharat Electronics Limited,Capital Goods,Large,LOW,confirmed,,,378.0000,378.1000,366.2000,367.3000,378.3000,-2.9077,473.4500,377.0000,2026-10-05,-2.8647,True,13373488.0000,10689686.3500,1.2511,1.2511,False,-0.0793,0.0924,-2.5770,False,yfinance
2026-10-08,BHAGYANGR.NS,BHAGYANGR,Bhagyanagar India Limited,Metals & Mining,Micro,LOW,confirmed,,,39.0000,41.4000,39.0000,41.4000,454.5500,-90.8921,467.9000,92.0000,2025-09-30,-57.6087,True,118087.0000,240379.3500,0.4913,0.4913,False,-91.4201,1.0000,-82.4055,False,yfinance
2026-10-08,BHARATRAS.NS,BHARATRAS,Bharat Rasayan Limited,Chemicals,Micro,LOW,confirmed,,,992.4000,995.2000,958.0000,966.8000,985.2000,-1.8676,2987.5000,970.0000,2026-10-05,-1.2371,True,13280.0000,19720.5500,0.6734,0.6734,False,0.7308,0.2366,-10.2198,False,yfinance
2026-10-08,BIGBLOC.NS,BIGBLOC,Bigbloc Construction Limited,Capital Goods,Micro,LOW,confirmed,,,36.3000,36.9000,34.4600,34.6300,36.4700,-5.0452,80.0000,36.3000,2026-10-07,-5.0689,True,76141.0000,39346.7000,1.9351,1.9351,True,-0.4661,0.0697,-9.9061,False,yfinance
2026-10-08,BIKAJI.NS,BIKAJI,Bikaji Foods International Limited,Fast Moving Consumer Goods,Micro,LOW,confirmed,,,483.4000,488.0500,466.7500,468.6500,483.5500,-3.0814,768.5000,477.5500,2026-10-06,-2.2615,True,146925.0000,464332.8500,0.3164,0.3164,False,-0.0310,0.0892,-12.7259,False,yfinance
2026-10-08,BRNL.NS,BRNL,Bharat Road Network Limited,Construction,Micro,LOW,confirmed,,,15.8000,16.0000,15.4000,15.6000,15.9300,-2.0716,26.5000,15.6100,2026-10-05,-1.3453,True,31808.0000,24379.2500,1.3047,1.3047,False,-0.8161,0.3333,-2.2114,False,yfinance
2026-10-08,CAMLINFINE.NS,CAMLINFINE,Camlin Fine Sciences Limited,Chemicals,Micro,LOW,confirmed,,,94.5200,94.6500,88.2600,88.8400,94.5200,-6.0093,212.5000,89.1200,2026-10-01,-0.9650,True,775653.0000,643261.5500,1.2058,1.2058,False,0.0000,0.0908,-6.1207,False,yfinance
2026-10-08,CAMPUS.NS,CAMPUS,Campus Activewear Limited,Consumer Durables,Micro,LOW,confirmed,,,207.5800,207.5800,197.0000,199.0000,208.3700,-4.4968,287.8000,199.5400,2026-10-01,-1.2729,True,725417.0000,343167.2500,2.1139,2.1139,True,-0.3791,0.1890,-2.5297,False,yfinance
2026-10-08,CCCL.NS,CCCL,Consolidated Construction Consortium Limited,Construction,Micro,LOW,confirmed,,,13.2000,13.2000,12.7000,12.7900,12.9900,-1.5396,27.6000,12.7600,2026-03-30,-0.4702,False,143389.0000,198579.0500,0.7221,0.7221,False,1.6166,0.1800,-3.0402,False,yfinance
2026-10-08,CESC.NS,CESC,CESC Limited,Power,Small,LOW,confirmed,,,131.1800,132.3700,128.3100,128.7300,131.1800,-1.8677,204.5000,129.7500,2026-10-01,-1.1098,True,1690507.0000,2042488.7000,0.8277,0.8277,False,0.0000,0.1034,-4.9821,False,yfinance
2026-10-08,CHAMBLFERT.NS,CHAMBLFERT,Chambal Fertilizers & Chemicals Limited,Chemicals,Small,LOW,confirmed,,,396.4000,397.0500,376.1000,378.6500,396.3500,-4.4658,522.0000,394.5500,2026-10-07,-4.6762,True,715945.0000,446366.3500,1.6039,1.6039,True,0.0126,0.1217,-2.9175,False,yfinance
2026-10-08,CMSINFO.NS,CMSINFO,CMS Info Systems Limited,Services,Micro,LOW,confirmed,,,218.4300,221.9500,213.8600,214.3500,218.3700,-1.8409,393.3000,215.1200,2026-10-01,-0.5857,True,480125.0000,937926.5000,0.5119,0.5119,False,0.0275,0.0606,-3.8141,False,yfinance
2026-10-08,COROMANDEL.NS,COROMANDEL,Coromandel International Limited,Chemicals,Mid,LOW,confirmed,,,1740.0000,1748.8000,1662.2000,1673.7000,1745.5000,-4.1134,2499.0000,1701.0000,2026-10-01,-2.2810,True,239886.0000,176412.9000,1.3598,1.3598,False,-0.3151,0.1328,-8.7314,False,yfinance
2026-10-08,CRIZAC.NS,CRIZAC,Crizac Limited,Unclassified,Micro,LOW,confirmed,,,167.8000,167.8000,159.0200,159.9700,166.9100,-4.1579,333.0000,159.9500,2026-09-04,-0.5814,False,231178.0000,333252.1000,0.6937,0.6937,False,0.5332,0.1082,5.1627,False,yfinance
2026-10-08,CSLFINANCE.NS,CSLFINANCE,CSL Finance Limited,Unclassified,Micro,LOW,confirmed,,,209.9900,209.9900,199.9900,202.5300,206.9400,-2.1311,324.7000,205.0000,2026-10-01,-2.4439,True,18034.0000,40049.7000,0.4503,0.4503,False,1.4739,0.2540,-10.3559,False,yfinance
2026-10-08,DALBHARAT.NS,DALBHARAT,Dalmia Bharat Limited,Construction Materials,Mid,LOW,confirmed,,,1636.1000,1658.4000,1585.1000,1592.9000,1640.1000,-2.8779,2319.8999,1605.0000,2026-06-11,-1.2399,True,75425.0000,86333.2500,0.8736,0.8736,False,-0.2439,0.1064,-0.5528,False,yfinance
2026-10-08,DBCORP.NS,DBCORP,D.B.Corp Limited,Unclassified,Micro,LOW,confirmed,,,170.1400,172.9900,166.1000,167.3900,171.0500,-2.1397,280.5500,169.8100,2026-10-01,-2.1848,True,59442.0000,79210.7500,0.7504,0.7504,False,-0.5320,0.1872,-7.7573,False,yfinance
2026-10-08,DCXINDIA.NS,DCXINDIA,DCX Systems Limited,Unclassified,Micro,LOW,confirmed,,,157.6100,158.6600,152.0000,153.5100,157.8800,-2.7679,253.4000,153.3000,2026-03-30,-0.8480,False,348701.0000,330883.6000,1.0538,1.0538,False,-0.1710,0.2267,-5.1011,False,yfinance
2026-10-08,DEVIT.NS,DEVIT,Dev Information Technology Limited,Information Technology,Micro,LOW,confirmed,,,19.5200,20.5500,19.1100,19.4700,19.9600,-2.4549,44.4400,19.2600,2026-10-07,-0.7788,False,98244.0000,45357.2500,2.1660,2.1660,True,-2.2044,0.2500,-13.2703,False,yfinance
2026-10-08,DHANUKA.NS,DHANUKA,Dhanuka Agritech Limited,Unclassified,Micro,LOW,confirmed,,,895.8500,907.0000,885.5500,893.3500,891.8000,0.1738,1620.4000,889.6000,2026-03-30,-0.4553,False,26889.0000,23441.7000,1.1471,1.1471,False,0.4541,0.3636,-6.2261,False,yfinance
2026-10-08,DOLATALGO.NS,DOLATALGO,Dolat Algotech Limited,Financial Services,Micro,LOW,confirmed,,,62.2000,62.2000,59.2500,59.7200,61.6800,-3.1777,95.7600,60.2000,2026-10-07,-1.5781,True,129811.0000,106539.0500,1.2184,1.2184,False,0.8431,0.1593,-8.1298,False,yfinance
2026-10-08,DPSCLTD.NS,DPSCLTD,DPSC Limited,Unclassified,Micro,LOW,confirmed,,,6.4100,6.5500,6.1300,6.3700,6.4400,-1.0870,12.5100,6.4100,2026-10-07,-4.3682,True,128371.0000,85537.0500,1.5008,1.5008,True,-0.4658,0.5714,-4.7742,False,yfinance
2026-10-08,ELIN.NS,ELIN,Elin Electronics Limited,Unclassified,Micro,LOW,confirmed,,,79.1000,79.1000,74.0000,75.5600,77.0700,-1.9593,222.9900,76.8500,2026-10-07,-3.7085,True,92409.0000,154177.7500,0.5994,0.5994,False,2.6340,0.3059,-14.8991,False,yfinance
2026-10-08,EPACK.NS,EPACK,EPACK Durable Limited,Unclassified,Micro,LOW,confirmed,,,171.2000,171.8400,163.1000,165.1600,171.8400,-3.8873,360.0000,167.3600,2026-10-05,-2.5454,True,354621.0000,300407.6000,1.1805,1.1805,False,-0.3724,0.2357,-4.8544,False,yfinance
2026-10-08,ESSENTIA.NS,ESSENTIA,Integra Essentia Limited,Unclassified,Micro,LOW,confirmed,,,1.0100,1.0200,1.0000,1.0000,1.0000,0.0000,2.0800,1.0000,2026-09-29,0.0000,True,1493223.0000,2119088.4000,0.7047,0.7047,False,1.0000,0.0000,-2.5837,False,yfinance
2026-10-08,EUREKAFORB.NS,EUREKAFORB,Eureka Forbes Limited,Unclassified,Micro,LOW,confirmed,,,353.0000,353.0000,338.0000,339.7500,351.7500,-3.4115,668.3000,340.6000,2026-10-05,-0.7634,True,185554.0000,210712.6500,0.8806,0.8806,False,0.3554,0.1167,-9.8518,False,yfinance
2026-10-08,EUROPRATIK.NS,EUROPRATIK,Euro Pratik Sales Limited,Construction Materials,Micro,LOW,confirmed,,,178.0100,183.9300,170.3500,173.9800,179.1200,-2.8696,390.0000,176.1000,2026-10-07,-3.2652,True,330831.0000,233812.9500,1.4149,1.4149,False,-0.6197,0.2673,-25.7963,False,yfinance
2026-10-08,FIEMIND.NS,FIEMIND,Fiem Industries Limited,Automobile and Auto Components,Micro,LOW,confirmed,,,1810.0000,1810.0000,1742.5000,1746.6000,1799.3000,-2.9289,2674.8000,1752.0000,2026-10-05,-0.5422,True,41058.0000,64817.2000,0.6334,0.6334,False,0.5947,0.0607,-9.0671,False,yfinance
2026-10-08,FOCUS.NS,FOCUS,Focus Lighting and Fixtures Limited,Unclassified,Micro,LOW,confirmed,,,56.7600,56.7600,52.2500,54.9600,56.2600,-2.3107,98.8700,53.7000,2026-10-01,-2.7002,False,48824.0000,38783.4000,1.2589,1.2589,False,0.8887,0.6009,-7.1321,False,yfinance
2026-10-08,FRACTAL.NS,FRACTAL,Fractal Analytics Limited,Information Technology,Small,LOW,confirmed,,,721.0000,721.3000,698.0000,700.6500,721.3000,-2.8629,1118.0000,708.3000,2026-10-01,-1.4542,True,260764.0000,299860.0500,0.8696,0.8696,False,-0.0416,0.1137,-6.0428,True,yfinance
2026-10-08,GENCON.NS,GENCON,Generic Engineering Construction and Projects Limited,Unclassified,Micro,LOW,confirmed,,,36.2600,37.1400,36.0000,36.3400,37.0400,-1.8899,59.9600,36.3500,2026-06-11,-0.9629,True,293636.0000,388765.5500,0.7553,0.7553,False,-2.1058,0.2982,-6.9278,False,yfinance
2026-10-08,GHCL.NS,GHCL,GHCL Limited,Unclassified,Micro,LOW,confirmed,,,398.8000,400.6000,385.0000,388.0500,398.8000,-2.6956,667.2000,394.1000,2026-10-07,-2.3091,True,155133.0000,132004.3000,1.1752,1.1752,False,0.0000,0.1955,-3.9463,False,yfinance
2026-10-08,GICRE.NS,GICRE,General Insurance Corporation of India,Financial Services,Mid,LOW,confirmed,,,316.5500,317.6500,308.0000,309.1000,316.5500,-2.3535,417.9500,311.5000,2026-10-07,-1.1236,True,438547.0000,599997.2000,0.7309,0.7309,False,0.0000,0.1140,-5.1280,False,yfinance
2026-10-08,GMDCLTD.NS,GMDCLTD,Gujarat Mineral Development Corporation Limited,Metals & Mining,Small,LOW,confirmed,,,477.9000,485.9000,462.1000,463.3500,477.1000,-2.8820,771.9000,466.4000,2025-11-25,-0.9220,True,1009088.0000,1065720.9000,0.9469,0.9469,False,0.1677,0.0525,-10.3956,False,yfinance
2026-10-08,GODAVARIB.NS,GODAVARIB,Godavari Biorefineries Limited,Unclassified,Micro,LOW,confirmed,,,225.1000,228.2900,217.0000,221.0200,226.2400,-2.3073,353.0000,223.8100,2026-10-01,-3.0428,True,72871.0000,600342.7500,0.1214,0.1214,False,-0.5039,0.3561,-3.2622,False,yfinance
2026-10-08,GODFRYPHLP.NS,GODFRYPHLP,Godfrey Phillips India Limited,Fast Moving Consumer Goods,Mid,LOW,confirmed,,,1862.0000,1866.0000,1770.0000,1771.0000,1862.4000,-4.9076,3498.0000,1830.0000,2026-10-01,-3.2787,True,284307.0000,178991.5500,1.5884,1.5884,True,-0.0215,0.0104,-6.2085,False,yfinance
2026-10-08,GOODYEAR.NS,GOODYEAR,Goodyear India Limited,Unclassified,Micro,LOW,confirmed,,,685.0500,688.8500,676.0000,677.0500,685.0500,-1.1678,1273.7000,680.0000,2026-10-07,-0.5882,True,3650.0000,4427.3000,0.8244,0.8244,False,0.0000,0.0817,-0.8478,True,yfinance
2026-10-08,GPIL.NS,GPIL,Godawari Power And Ispat limited,Capital Goods,Small,LOW,confirmed,,,215.0100,215.5000,204.5200,205.6300,214.3100,-4.0502,320.0000,210.4200,2026-10-01,-2.8039,True,1261703.0000,1526865.6000,0.8263,0.8263,False,0.3266,0.1011,-9.2355,False,yfinance
2026-10-08,GUJENERGY.NS,GUJENERGY,GUJARAT ENERGY LIMITED,Unclassified,Micro,LOW,confirmed,,,228.4800,229.2700,219.0400,219.8600,228.4800,-3.7728,443.7500,225.5000,2026-10-01,-2.8647,True,2436601.0000,1708519.8500,1.4261,1.4261,False,0.0000,0.0802,-9.5544,False,yfinance
2026-10-08,HAPPSTMNDS.NS,HAPPSTMNDS,Happiest Minds Technologies Limited,Information Technology,Micro,LOW,confirmed,,,304.6000,315.6000,299.0000,300.2000,304.6000,-1.4445,535.9500,300.0000,2026-10-01,-0.3333,False,1112264.0000,665517.9500,1.6713,1.6713,True,0.0000,0.0723,-6.0984,False,yfinance
2026-10-08,HEIDELBERG.NS,HEIDELBERG,HeidelbergCement India Limited,Construction Materials,Micro,LOW,confirmed,,,127.1000,127.1100,125.0000,125.4800,127.4900,-1.5766,206.7000,127.0100,2026-10-07,-1.5826,True,152306.0000,213175.5500,0.7145,0.7145,False,-0.3059,0.2275,-15.3414,False,yfinance
2026-10-08,HEMIPROP.NS,HEMIPROP,Hemisphere Properties India Limited,Unclassified,Micro,LOW,confirmed,,,113.0000,113.4000,108.6200,109.2400,112.8700,-3.2161,190.6900,109.8100,2026-10-01,-1.0837,True,273782.0000,303845.3000,0.9011,0.9011,False,0.1152,0.1297,-6.1567,False,yfinance
2026-10-08,HIMATSEIDE.NS,HIMATSEIDE,Himatsingka Seide Limited,Unclassified,Micro,LOW,confirmed,,,63.4900,63.6600,59.9000,60.3200,63.2200,-4.5872,129.4900,61.0900,2026-09-22,-1.9479,True,660832.0000,688475.4500,0.9598,0.9598,False,0.4271,0.1117,-7.5057,False,yfinance
2026-10-08,HPL.NS,HPL,HPL Electric & Power Limited,Unclassified,Micro,LOW,confirmed,,,266.0000,267.1000,255.0000,256.4500,266.3000,-3.6988,479.9000,255.5500,2026-03-30,-0.2152,False,107096.0000,91075.5000,1.1759,1.1759,False,-0.1127,0.1198,-8.4489,False,yfinance
2026-10-08,HUBTOWN.NS,HUBTOWN,Hubtown Limited,Unclassified,Micro,LOW,confirmed,,,164.6800,165.7900,154.0000,155.1300,164.5200,-5.7075,339.0000,163.7500,2026-10-07,-5.9542,True,647056.0000,425992.1000,1.5189,1.5189,True,0.0972,0.0958,-11.8068,False,yfinance
2026-10-08,IEX.NS,IEX,Indian Energy Exchange Limited,Financial Services,Small,LOW,confirmed,,,105.7100,106.3300,103.5000,103.7500,105.8500,-1.9839,160.2700,103.9400,2026-10-05,-0.4233,True,3581560.0000,3597488.8500,0.9956,0.9956,False,-0.1323,0.0883,-5.1950,False,yfinance
2026-10-08,INA.NS,INA,Insolation Energy Limited,Unclassified,Micro,LOW,confirmed,,,82.0500,83.3700,79.0000,79.7300,82.0000,-2.7683,161.8100,79.7500,2026-03-30,-0.9404,True,633313.0000,615924.1000,1.0282,1.0282,False,0.0610,0.1670,-7.5491,True,yfinance
2026-10-08,INDRAMEDCO.NS,INDRAMEDCO,Indraprastha Medical Corporation Limited,Healthcare,Micro,LOW,confirmed,,,329.4000,332.2500,317.1500,319.9000,329.4000,-2.8840,640.8500,327.3500,2026-10-06,-3.1159,True,591365.0000,225951.0000,2.6172,2.6172,True,0.0000,0.1821,-2.4570,False,yfinance
2026-10-08,INNOVANA.NS,INNOVANA,Innovana Thinklabs Limited,Unclassified,Micro,LOW,confirmed,,,287.4500,290.7500,278.3500,283.2000,289.9000,-2.3111,524.9500,279.2000,2026-10-01,-0.3044,False,25642.0000,41353.8500,0.6201,0.6201,False,-0.8451,0.3911,0.3908,False,yfinance
2026-10-08,INOXGREEN.NS,INOXGREEN,Inox Green Energy Services Limited,Unclassified,Micro,LOW,confirmed,,,135.1700,135.1700,108.7000,115.0800,135.8700,-15.3014,279.0000,132.5800,2026-03-23,-18.0118,True,43594723.0000,1828047.5500,23.8477,23.8477,True,-0.5152,0.2410,-26.6946,False,yfinance
2026-10-08,INOXWIND.NS,INOXWIND,Inox Wind Limited,Capital Goods,Small,LOW,confirmed,,,67.1000,67.4000,62.4300,62.4300,67.1000,-6.9598,159.3000,66.7300,2026-10-07,-6.4439,True,21894766.0000,9802137.6000,2.2337,2.2337,True,0.0000,0.0000,-10.9135,False,yfinance
2026-10-08,INTELLECT.NS,INTELLECT,Intellect Design Arena Limited,Information Technology,Small,LOW,confirmed,,,591.3500,603.0000,564.0500,567.3500,591.3500,-4.0585,1244.6000,589.0000,2026-10-07,-4.2360,True,467950.0000,299594.9500,1.5619,1.5619,True,0.0000,0.0847,-10.3220,False,yfinance
2026-10-08,IOC.NS,IOC,Indian Oil Corporation Limited,Oil Gas & Consumable Fuels,Large,LOW,confirmed,,,130.3000,130.3100,125.2700,126.2500,130.0000,-2.8846,188.9600,129.5500,2026-10-06,-3.3037,True,12167724.0000,8321737.7000,1.4622,1.4622,False,0.2308,0.1944,-0.0781,False,yfinance
2026-10-08,IREDA.NS,IREDA,Indian Renewable Energy Development Agency Limited,Financial Services,Mid,LOW,confirmed,,,107.5000,107.9400,103.4100,103.8000,107.3300,-3.2889,158.7000,107.1200,2026-10-07,-3.4634,True,5964182.0000,4949048.3500,1.2051,1.2051,False,0.1584,0.0861,-1.5938,False,yfinance
2026-10-08,IRFC.NS,IRFC,Indian Railway Finance Corporation Limited,Financial Services,Large,LOW,confirmed,,,76.2400,76.2900,74.1200,74.3000,76.1500,-2.4294,137.1700,76.0400,2026-10-07,-2.5250,True,9189122.0000,9520273.0500,0.9652,0.9652,False,0.1182,0.0829,-3.9748,False,yfinance
2026-10-08,ITC.NS,ITC,ITC Limited,Fast Moving Consumer Goods,Large,LOW,confirmed,,,264.0000,264.6500,253.1500,255.0000,265.7000,-4.0271,426.4000,254.6500,2026-10-01,-0.5890,False,53680318.0000,15891822.1500,3.3779,3.3779,True,-0.6398,0.1609,3.2814,False,yfinance
2026-10-08,ITI.NS,ITI,ITI Limited,Telecommunication,Small,LOW,confirmed,,,245.2500,245.3900,236.1500,237.1800,245.8400,-3.5226,372.8500,237.0000,2026-03-30,-0.3587,False,121820.0000,212135.6000,0.5743,0.5743,False,-0.2400,0.1115,-5.8432,False,yfinance
2026-10-08,JAICORPLTD.NS,JAICORPLTD,Jai Corp Limited,Chemicals,Micro,LOW,confirmed,,,89.6100,90.3900,84.5800,86.5200,90.9000,-4.8185,173.4000,87.5100,2026-10-05,-3.3482,True,1224849.0000,322754.2500,3.7950,3.7950,True,-1.4191,0.3339,-5.7087,False,yfinance
2026-10-08,JISLDVREQS.NS,JISLDVREQS,Jain Irrigation Systems Limited,Diversified,Micro,LOW,confirmed,,,19.4800,19.4800,18.2000,18.7100,19.1800,-2.4505,34.2300,18.4000,2026-10-01,-1.0870,False,7763.0000,21619.8000,0.3591,0.3591,False,1.5641,0.3984,-8.4087,False,yfinance
2026-10-08,JKLAKSHMI.NS,JKLAKSHMI,JK Lakshmi Cement Limited,Construction Materials,Micro,LOW,confirmed,,,471.6500,475.0000,461.4500,470.0000,471.6500,-0.3498,884.9500,465.0000,2026-10-05,-0.7634,False,117933.0000,133245.6000,0.8851,0.8851,False,0.0000,0.6310,-0.8181,False,yfinance
2026-10-08,JKTYRE.NS,JKTYRE,JK Tyre & Industries Limited,Automobile and Auto Components,Small,LOW,confirmed,,,333.4000,335.8500,328.2000,330.2500,333.4000,-0.9448,611.9000,333.0500,2026-10-07,-1.4562,True,503166.0000,521460.8000,0.9649,0.9649,False,0.0000,0.2680,-3.8606,False,yfinance
2026-10-08,JSLL.NS,JSLL,Jeena Sikho Lifecare Limited,Consumer Services,Micro,LOW,confirmed,,,417.3000,419.8000,377.7500,381.2500,417.2000,-8.6170,839.0000,407.2500,2026-10-07,-7.2437,True,3804816.0000,705020.6000,5.3967,5.3967,True,0.0240,0.0832,-19.7144,False,yfinance
2026-10-08,JTEKTINDIA.NS,JTEKTINDIA,Jtekt India Limited,Automobile and Auto Components,Micro,LOW,confirmed,,,114.0500,115.2600,111.0000,113.1000,114.4600,-1.1882,171.3100,113.0700,2026-10-05,-1.8307,False,155937.0000,106815.8000,1.4599,1.4599,False,-0.3582,0.4930,-0.2529,False,yfinance
2026-10-08,JWL.NS,JWL,Jupiter Wagons Limited,Capital Goods,Small,LOW,confirmed,,,222.5000,223.0000,216.0000,216.4300,223.5600,-3.1893,358.2500,218.4500,2026-09-29,-1.1215,True,705633.0000,1957868.0500,0.3604,0.3604,False,-0.4741,0.0614,-5.1505,False,yfinance
2026-10-08,KARMAENG.NS,KARMAENG,Karma Energy Limited,Power,Micro,LOW,confirmed,,,35.0000,35.4200,34.0000,34.5100,34.8600,-1.0040,66.2500,34.0000,2026-10-05,0.0000,False,4388.0000,15736.2500,0.2788,0.2788,False,0.4016,0.3592,-0.9727,False,yfinance
2026-10-08,KEC.NS,KEC,KEC International Limited,Construction,Small,LOW,confirmed,,,363.5000,364.0000,348.0000,349.6000,362.5000,-3.5586,893.0000,362.0000,2026-10-07,-3.8674,True,1237294.0000,1147337.4500,1.0784,1.0784,False,0.2759,0.1000,-6.4519,False,yfinance
2026-10-08,KELLTONTEC.NS,KELLTONTEC,Kellton Tech Solutions Limited,Information Technology,Micro,LOW,confirmed,,,12.1800,12.2400,11.8000,11.8300,12.1500,-2.6337,26.1400,12.1000,2026-10-06,-2.4793,True,1595937.0000,2071171.8500,0.7705,0.7705,False,0.2469,0.0682,-6.6353,False,yfinance
2026-10-08,KPEL.NS,KPEL,K.P. Energy Limited,Construction,Micro,LOW,confirmed,,,214.2200,214.2200,206.2000,206.8700,212.8900,-2.8278,463.2500,206.5200,2026-09-16,-0.1550,False,201029.0000,338820.0000,0.5933,0.5933,False,0.6247,0.0835,-7.9563,False,yfinance
2026-10-08,KPITTECH.NS,KPITTECH,KPIT Technologies Limited,Information Technology,Small,LOW,confirmed,,,484.2500,493.8500,470.1000,471.0000,484.2500,-2.7362,1284.9000,483.4000,2026-10-07,-2.7513,True,1408072.0000,1635442.4000,0.8610,0.8610,False,0.0000,0.0379,-9.7223,False,yfinance
2026-10-08,KSCL.NS,KSCL,Kaveri Seed Company Limited,Fast Moving Consumer Goods,Micro,LOW,confirmed,,,710.0000,710.0000,670.8000,679.0000,710.7500,-4.4671,1095.9000,685.0000,2026-09-18,-2.0730,True,208432.0000,1577453.8000,0.1321,0.1321,False,-0.1055,0.2092,-0.7713,False,yfinance
2026-10-08,LAOPALA.NS,LAOPALA,La Opala RG Limited,Consumer Durables,Micro,LOW,confirmed,,,155.5000,156.2000,152.7100,153.9800,155.0400,-0.6837,250.9000,153.0100,2026-09-29,-0.1961,False,77178.0000,153916.3000,0.5014,0.5014,False,0.2967,0.3639,-3.9488,False,yfinance
2026-10-08,LATENTVIEW.NS,LATENTVIEW,Latent View Analytics Limited,Information Technology,Micro,LOW,confirmed,,,231.0000,245.0000,228.3700,230.2600,230.0800,0.0782,517.5000,229.1000,2026-10-07,-0.3186,False,1565857.0000,516853.6500,3.0296,3.0296,True,0.3999,0.1136,-5.5066,False,yfinance
2026-10-08,LEXUS.NS,LEXUS,Lexus Granito (India) Limited,Unclassified,Micro,LOW,confirmed,,,9.8900,9.8900,9.0000,9.7000,9.4800,2.3207,39.2500,9.0000,2026-10-07,0.0000,False,74806.0000,40463.0500,1.8487,1.8487,True,4.3249,0.7865,-20.9966,False,yfinance
2026-10-08,LIBERTSHOE.NS,LIBERTSHOE,Liberty Shoes Limited,Textiles,Micro,LOW,confirmed,,,218.4500,218.4500,209.0000,210.1800,216.4800,-2.9102,348.7500,210.5000,2026-03-30,-0.7126,True,18127.0000,27842.5500,0.6511,0.6511,False,0.9100,0.1249,-2.6513,False,yfinance
2026-10-08,LINC.NS,LINC,Linc Limited,Capital Goods,Micro,LOW,confirmed,,,87.9000,87.9500,83.3000,84.5700,86.8400,-2.6140,133.3800,85.0100,2026-03-30,-2.0115,True,17910.0000,31271.6500,0.5727,0.5727,False,1.2206,0.2731,-6.1271,False,yfinance
2026-10-08,M&M.NS,M&M,Mahindra & Mahindra Limited,Automobile and Auto Components,Large,LOW,confirmed,,,2800.0000,2806.1001,2744.3000,2751.2000,2800.0000,-1.7429,3839.8999,2800.0000,2026-10-07,-1.9893,True,3278766.0000,2373373.7500,1.3815,1.3815,False,0.0000,0.1116,-6.4295,False,yfinance
2026-10-08,MALLCOM.NS,MALLCOM,Mallcom (India) Limited,Capital Goods,Micro,LOW,confirmed,,,900.0000,909.7500,892.0000,900.8500,902.1000,-0.1386,1520.0000,892.2000,2026-10-06,-0.0224,False,1740.0000,3205.8500,0.5428,0.5428,False,-0.2328,0.4986,-1.3154,False,yfinance
2026-10-08,MARUTI.NS,MARUTI,Maruti Suzuki India Limited,Automobile and Auto Components,Large,LOW,confirmed,,,11433.0000,11463.0000,11225.0000,11228.0000,11450.0000,-1.9389,17370.0000,11305.0000,2026-10-01,-0.7077,True,431962.0000,426186.4000,1.0136,1.0136,False,-0.1485,0.0126,-5.4991,False,yfinance
2026-10-08,MASFIN.NS,MASFIN,MAS Financial Services Limited,Financial Services,Micro,LOW,confirmed,,,268.1500,270.7000,260.7500,262.9500,270.2500,-2.7012,358.8500,263.9000,2026-10-07,-1.1936,True,115672.0000,252487.1500,0.4581,0.4581,False,-0.7771,0.2211,-4.4327,False,yfinance
2026-10-08,MAXHEALTH.NS,MAXHEALTH,Max Healthcare Institute Limited,Healthcare,Large,LOW,confirmed,,,900.5000,903.6000,870.0000,873.4000,908.0000,-3.8106,1221.9000,891.6000,2026-10-07,-2.4226,True,2239281.0000,2947911.3000,0.7596,0.7596,False,-0.8260,0.1012,-5.4485,False,yfinance
2026-10-08,MAZDOCK.NS,MAZDOCK,Mazagon Dock Shipbuilders Limited,Capital Goods,Large,LOW,confirmed,,,2055.0000,2060.8999,1990.0000,1990.0000,2064.3999,-3.6039,2929.7000,2031.2000,2026-10-01,-2.0284,True,683614.0000,602285.5000,1.1350,1.1350,False,-0.4553,0.0000,-12.4073,False,yfinance
2026-10-08,MEDPLUS.NS,MEDPLUS,Medplus Health Services Limited,Consumer Services,Micro,LOW,confirmed,,,645.0000,645.0000,626.5000,631.9000,647.3000,-2.3791,1022.2000,640.1000,2026-10-05,-2.1247,True,44614.0000,90006.8500,0.4957,0.4957,False,-0.3553,0.2919,2.2931,False,yfinance
2026-10-08,MFSL.NS,MFSL,Max Financial Services Limited,Financial Services,Mid,LOW,confirmed,,,1350.0000,1361.4000,1316.0000,1322.4000,1345.1000,-1.6876,1892.5000,1330.2000,2026-10-06,-1.0675,True,519819.0000,1533608.8000,0.3390,0.3390,False,0.3643,0.1410,-6.4928,False,yfinance
2026-10-08,MHRIL.NS,MHRIL,Mahindra Holidays & Resorts India Limited,Consumer Services,Micro,LOW,confirmed,,,195.0700,195.3600,186.2100,187.2300,195.0700,-4.0191,355.5000,188.2100,2026-09-16,-1.0626,True,132243.0000,116683.0000,1.1334,1.1334,False,0.0000,0.1115,-2.3966,False,yfinance
2026-10-08,MINDTECK.NS,MINDTECK,Mindteck (India) Limited,Information Technology,Micro,LOW,confirmed,,,141.7000,142.5500,133.0000,135.0800,140.1200,-3.5969,307.6800,137.5900,2026-10-07,-3.3360,True,45751.0000,32490.9000,1.4081,1.4081,False,1.1276,0.2178,-13.4407,False,yfinance
2026-10-08,MITTAL.NS,MITTAL,Mittal Life Style Limited,Textiles,Micro,LOW,confirmed,,,0.7300,0.7300,0.6800,0.6900,0.7200,-4.1667,1.6200,0.6800,2026-10-01,0.0000,False,1326303.0000,1980862.1500,0.6696,0.6696,False,1.3889,0.2000,-18.4928,False,yfinance
2026-10-08,MOIL.NS,MOIL,MOIL Limited,Metals & Mining,Micro,LOW,confirmed,,,236.0000,238.4900,228.7000,229.5800,236.4000,-2.8849,404.9000,230.0100,2026-10-01,-0.5695,True,506838.0000,517948.9000,0.9785,0.9785,False,-0.1692,0.0899,-0.6282,False,yfinance
2026-10-08,MRF.NS,MRF,MRF Limited,Automobile and Auto Components,Mid,LOW,confirmed,,,123585.0000,123585.0000,122000.0000,122465.0000,123075.0000,-0.4956,163600.0000,122000.0000,2026-05-29,0.0000,False,2651.0000,3041.3000,0.8717,0.8717,False,0.4144,0.2934,1.5223,False,yfinance
2026-10-08,MUTHOOTFIN.NS,MUTHOOTFIN,Muthoot Finance Limited,Financial Services,Large,LOW,confirmed,,,2650.0000,2651.5000,2559.6001,2559.6001,2654.3999,-3.5714,4149.5000,2639.3000,2026-10-07,-3.0197,True,699689.0000,624397.0500,1.1206,1.1206,False,-0.1658,0.0000,-4.6178,False,yfinance
2026-10-08,NBCC.NS,NBCC,NBCC (India) Limited,Construction,Small,LOW,confirmed,,,76.7400,76.8600,73.9000,74.0000,76.7400,-3.5705,125.8500,75.7500,2026-10-05,-2.4422,True,4958138.0000,5349335.0000,0.9269,0.9269,False,0.0000,0.0338,-7.4463,False,yfinance
2026-10-08,NCC.NS,NCC,NCC Limited,Construction,Small,LOW,confirmed,,,126.8800,126.8800,119.0100,119.9300,126.8800,-5.4776,217.2500,125.8600,2026-10-07,-5.4426,True,3547134.0000,3641910.3500,0.9740,0.9740,False,0.0000,0.1169,-13.8950,False,yfinance
2026-10-08,NETWORK18.NS,NETWORK18,Network18 Media & Investments Limited,Media Entertainment & Publication,Micro,LOW,confirmed,,,25.6500,25.7000,24.2500,24.3900,25.7000,-5.0973,53.2400,25.0200,2026-10-01,-3.0775,True,4653625.0000,3124417.7000,1.4894,1.4894,False,-0.1946,0.0966,-5.2512,False,yfinance
2026-10-08,NFL.NS,NFL,National Fertilizers Limited,Chemicals,Micro,LOW,confirmed,,,63.5000,63.6500,61.1500,61.3400,63.7600,-3.7955,98.3000,62.8100,2026-10-01,-2.6429,True,816453.0000,520681.7000,1.5680,1.5680,True,-0.4078,0.0760,-6.2630,False,yfinance
2026-10-08,NILASPACES.NS,NILASPACES,Nila Spaces Limited,Realty,Micro,LOW,confirmed,,,11.3500,11.3700,10.7600,11.0100,11.3500,-2.9956,19.9700,10.8100,2026-10-05,-0.4625,False,555730.0000,1319124.4000,0.4213,0.4213,False,0.0000,0.4098,-3.4683,False,yfinance
2026-10-08,NMDC.NS,NMDC,NMDC Limited,Metals & Mining,Mid,LOW,confirmed,,,72.7500,72.7500,70.1000,70.6900,72.8000,-2.8984,97.4900,72.2400,2025-11-25,-2.9623,True,26538950.0000,12397058.2000,2.1407,2.1407,True,-0.0687,0.2226,-9.1875,False,yfinance
2026-10-08,NTPC.NS,NTPC,NTPC Limited,Power,Large,LOW,confirmed,,,316.0000,316.4000,308.4500,309.7000,316.7500,-2.2257,414.4000,313.0500,2026-10-01,-1.4694,True,12262742.0000,7734521.1500,1.5855,1.5855,True,-0.2368,0.1572,-0.2097,False,yfinance
2026-10-08,NUCLEUS.NS,NUCLEUS,Nucleus Software Exports Limited,Information Technology,Micro,LOW,confirmed,,,628.1500,633.9500,609.3000,619.8000,628.8500,-1.4391,1064.8000,616.5000,2026-10-07,-1.1679,False,24065.0000,15585.8000,1.5440,1.5440,True,-0.1113,0.4260,-7.2178,False,yfinance
2026-10-08,OMINFRAL.NS,OMINFRAL,OM INFRA LIMITED,Unclassified,Micro,LOW,confirmed,,,72.4500,72.9900,67.3900,68.8600,72.4500,-4.9551,135.0000,71.5000,2026-01-27,-5.7483,True,116818.0000,62818.2500,1.8596,1.8596,True,0.0000,0.2625,-11.1638,False,yfinance
2026-10-08,ONGC.NS,ONGC,Oil & Natural Gas Corporation Limited,Oil Gas & Consumable Fuels,Large,LOW,confirmed,,,222.5000,223.0000,218.5300,219.8000,221.8800,-0.9374,307.5000,220.6000,2026-10-01,-0.9384,True,9471873.0000,12154356.6000,0.7793,0.7793,False,0.2794,0.2841,0.5594,False,yfinance
2026-10-08,ORIENTCEM.NS,ORIENTCEM,Orient Cement Limited,Unclassified,Micro,LOW,confirmed,,,113.5500,113.8800,109.7000,110.0800,113.2100,-2.7648,226.8600,112.4100,2026-10-07,-2.4108,True,216317.0000,529710.1500,0.4084,0.4084,False,0.3003,0.0909,-6.5143,False,yfinance
2026-10-08,OSWALAGRO.NS,OSWALAGRO,Oswal Agro Mills Limited,Realty,Micro,LOW,confirmed,,,32.7400,33.4600,31.5000,31.9600,32.7400,-2.3824,81.0000,32.0000,2026-10-06,-1.5625,True,35587.0000,43009.9500,0.8274,0.8274,False,0.0000,0.2347,-6.1943,False,yfinance
2026-10-08,OSWALPUMPS.NS,OSWALPUMPS,Oswal Pumps Limited,Capital Goods,Micro,LOW,confirmed,,,263.0000,264.3500,254.5500,255.4500,264.6000,-3.4581,790.0000,259.2000,2026-10-01,-1.7940,True,297453.0000,441593.8000,0.6736,0.6736,False,-0.6047,0.0918,-0.3988,False,yfinance
2026-10-08,PENINLAND.NS,PENINLAND,Peninsula Land Limited,Realty,Micro,LOW,confirmed,,,14.7800,14.7800,13.7500,14.6000,14.6600,-0.4093,37.6000,13.8200,2026-03-30,-0.5065,False,334859.0000,183421.6000,1.8256,1.8256,True,0.8186,0.8252,-3.2022,False,yfinance
2026-10-08,PFIZER.NS,PFIZER,Pfizer Limited,Healthcare,Micro,LOW,confirmed,,,3815.1001,3817.7000,3731.0000,3750.0000,3815.1001,-1.7064,5578.5000,3792.1001,2026-10-01,-1.6112,True,22215.0000,64285.9000,0.3456,0.3456,False,0.0000,0.2191,-11.9090,False,yfinance
2026-10-08,PIIND.NS,PIIND,PI Industries Limited,Chemicals,Mid,LOW,confirmed,,,2212.7000,2212.7000,2100.0000,2100.0000,2210.0000,-4.9774,3832.8999,2191.0000,2026-09-11,-4.1534,True,246249.0000,295328.0500,0.8338,0.8338,False,0.1222,0.0000,-7.0731,False,yfinance
2026-10-08,POKARNA.NS,POKARNA,Pokarna Limited,Capital Goods,Micro,LOW,confirmed,,,706.2000,739.9500,675.1000,678.2500,704.4500,-3.7192,1146.2000,684.5500,2026-10-01,-1.3805,True,186379.0000,144722.8000,1.2878,1.2878,False,0.2484,0.0486,-9.0283,False,yfinance
2026-10-08,POWERGRID.NS,POWERGRID,Power Grid Corporation of India Limited,Power,Large,LOW,confirmed,,,253.9500,254.0000,244.6500,244.6500,253.0500,-3.3195,324.9500,250.0000,2026-02-02,-2.1400,True,14409222.0000,9653386.7000,1.4927,1.4927,False,0.3557,0.0000,-1.6745,False,yfinance
2026-10-08,PRAKASHSTL.NS,PRAKASHSTL,Prakash Steelage Limited,Unclassified,Micro,LOW,confirmed,,,3.3800,3.4900,3.3600,3.4100,3.4300,-0.5831,6.5700,3.4100,2026-10-07,-1.4663,True,68822.0000,102545.3000,0.6711,0.6711,False,-1.4577,0.3846,-2.5595,False,yfinance
2026-10-08,PRSMJOHNSN.NS,PRSMJOHNSN,Prism Johnson Limited,Construction Materials,Micro,LOW,confirmed,,,100.1000,102.0000,96.3000,96.8700,100.7100,-3.8129,165.9000,97.1000,2026-08-10,-0.8239,True,242512.0000,386232.2000,0.6279,0.6279,False,-0.6057,0.1000,-7.1636,False,yfinance
2026-10-08,PTC.NS,PTC,PTC India Limited,Power,Micro,LOW,confirmed,,,151.3000,151.4500,148.0000,148.5700,151.7200,-2.0762,229.5100,149.3500,2026-10-07,-0.9039,True,1768219.0000,1479070.1000,1.1955,1.1955,False,-0.2768,0.1652,2.4950,False,yfinance
2026-10-08,RALLIS.NS,RALLIS,Rallis India Limited,Chemicals,Micro,LOW,confirmed,,,198.9600,199.7000,195.0500,195.7600,200.0300,-2.1347,315.0000,196.7600,2026-09-29,-0.8691,True,538125.0000,503417.8000,1.0689,1.0689,False,-0.5349,0.1527,1.4672,False,yfinance
2026-10-08,RAMCOCEM.NS,RAMCOCEM,The Ramco Cements Limited,Construction Materials,Small,LOW,confirmed,,,844.5500,844.6000,811.6000,817.9000,845.0000,-3.2071,1214.5000,816.1500,2026-10-01,-0.5575,False,68677.0000,221448.8500,0.3101,0.3101,False,-0.0533,0.1909,0.3569,False,yfinance
2026-10-08,RAYMONDLSL.NS,RAYMONDLSL,Raymond Lifestyle Limited,Textiles,Micro,LOW,confirmed,,,625.0500,625.1500,593.9000,596.4000,624.8500,-4.5531,1246.4000,615.0000,2026-10-01,-3.4309,True,302600.0000,383112.6000,0.7898,0.7898,False,0.0320,0.0800,-4.8615,False,yfinance
2026-10-08,RCF.NS,RCF,Rashtriya Chemicals and Fertilizers Limited,Chemicals,Micro,LOW,confirmed,,,107.8000,107.8500,103.1000,103.5000,107.5800,-3.7925,157.2000,106.0000,2026-03-30,-2.7359,True,1027602.0000,1064929.8000,0.9649,0.9649,False,0.2045,0.0842,-2.6396,False,yfinance
2026-10-08,RKDL.NS,RKDL,Ravi Kumar Distilleries Limited,Fast Moving Consumer Goods,Micro,LOW,confirmed,,,17.0000,17.4000,16.0000,16.2000,16.9300,-4.3119,28.2000,16.3000,2026-03-05,-1.8405,True,22334.0000,13485.0000,1.6562,1.6562,True,0.4135,0.1429,-4.7257,False,yfinance
2026-10-08,RMC.NS,RMC,RMC Switchgears Limited,Capital Goods,Micro,LOW,confirmed,,,199.8000,199.8000,185.1000,186.4600,196.4100,-5.0659,530.0000,190.0000,2026-10-05,-2.5789,True,49421.0000,57124.2000,0.8651,0.8651,False,1.7260,0.0925,-13.5734,True,yfinance
2026-10-08,RTNPOWER.NS,RTNPOWER,RattanIndia Power Limited,Power,Micro,LOW,confirmed,,,6.7000,6.7300,6.3600,6.4300,6.7000,-4.0299,11.9400,6.6600,2026-10-01,-4.5045,True,14694768.0000,15107440.6500,0.9727,0.9727,False,0.0000,0.1892,-5.6513,False,yfinance
2026-10-08,RVNL.NS,RVNL,Rail Vikas Nigam Limited,Construction,Mid,LOW,confirmed,,,195.0000,195.6000,186.9000,187.2000,195.8700,-4.4264,400.7000,194.0500,2026-10-01,-3.6846,True,5378212.0000,4904838.2500,1.0965,1.0965,False,-0.4442,0.0345,-4.3712,False,yfinance
2026-10-08,SAFARI.NS,SAFARI,Safari Industries (India) Limited,Consumer Durables,Micro,LOW,confirmed,,,1313.4000,1320.8000,1280.0000,1289.3000,1319.2000,-2.2665,2507.1001,1299.2000,2026-10-06,-1.4778,True,37258.0000,42425.2500,0.8782,0.8782,False,-0.4397,0.2279,-9.6523,False,yfinance
2026-10-08,SAGCEM.NS,SAGCEM,Sagar Cements Limited,Construction Materials,Micro,LOW,confirmed,,,145.5500,145.9800,140.1000,144.3700,143.9100,0.3196,258.1000,141.5200,2026-09-16,-1.0034,False,48594.0000,47317.6000,1.0270,1.0270,False,1.1396,0.7262,0.4736,False,yfinance
2026-10-08,SAMMAANCAP.NS,SAMMAANCAP,Sammaan Capital Limited,Financial Services,Small,LOW,confirmed,,,132.5200,133.1400,127.4000,127.8200,132.9400,-3.8514,192.9500,129.0000,2026-03-23,-1.2403,True,4883082.0000,4135417.5000,1.1808,1.1808,False,-0.3159,0.0732,-11.5149,False,yfinance
2026-10-08,SANOFI.NS,SANOFI,Sanofi India Limited,Healthcare,Micro,LOW,confirmed,,,3032.3000,3032.3000,2967.0000,2979.7000,3023.8000,-1.4584,4898.0000,3001.1001,2026-10-01,-1.1363,True,17459.0000,18536.2000,0.9419,0.9419,False,0.2811,0.1945,1.9492,False,yfinance
2026-10-08,SANOFICONR.NS,SANOFICONR,Sanofi Consumer Healthcare India Limited,Healthcare,Micro,LOW,confirmed,,,3722.8999,3725.3000,3573.3999,3600.5000,3722.8999,-3.2878,5255.0000,3691.0000,2026-10-01,-3.1861,True,4312.0000,6928.5500,0.6224,0.6224,False,0.0000,0.1784,-5.8041,False,yfinance
2026-10-08,SBICARD.NS,SBICARD,SBI Cards and Payment Services Limited,Financial Services,Mid,LOW,confirmed,,,555.0000,559.4500,547.6500,547.6500,557.4000,-1.7492,965.0000,555.6500,2026-10-07,-1.4398,True,925527.0000,1350910.9500,0.6851,0.6851,False,-0.4306,0.0000,-12.3174,False,yfinance
2026-10-08,SECURKLOUD.NS,SECURKLOUD,SECUREKLOUD TECHNOLOGIES LIMITED,Unclassified,Micro,LOW,confirmed,,,15.4100,15.9700,14.5000,15.1700,15.3400,-1.1082,34.1800,14.5000,2026-10-07,0.0000,False,12600.0000,24222.0500,0.5202,0.5202,False,0.4563,0.4558,-4.8830,False,yfinance
2026-10-08,SHAKTIPUMP.NS,SHAKTIPUMP,Shakti Pumps (India) Limited,Capital Goods,Micro,LOW,confirmed,,,447.0000,447.3000,423.0000,426.6500,447.4000,-4.6379,831.0500,441.1500,2026-10-05,-4.1142,True,700324.0000,1153863.8000,0.6069,0.6069,False,-0.0894,0.1502,-2.1233,False,yfinance
2026-10-08,SIGNATURE.NS,SIGNATURE,Signatureglobal (India) Limited,Realty,Small,LOW,confirmed,,,714.4000,738.4000,695.0000,711.2500,712.5000,-0.1754,1153.9000,705.2000,2026-04-02,-1.4464,False,963963.0000,347006.5000,2.7779,2.7779,True,0.2667,0.3744,-4.5810,False,yfinance
2026-10-08,SJVN.NS,SJVN,SJVN Limited,Power,Small,LOW,confirmed,,,56.6000,56.6000,54.0100,54.2400,56.3600,-3.7615,92.1600,56.2000,2026-10-07,-3.8968,True,4063317.0000,2899485.0500,1.4014,1.4014,False,0.4258,0.0888,-10.7595,False,yfinance
2026-10-08,SKFINDIA.NS,SKFINDIA,SKF India Limited,Capital Goods,Micro,LOW,confirmed,,,1428.0000,1432.9000,1399.0000,1407.7000,1428.9000,-1.4837,5074.0000,1404.0000,2026-03-30,-0.3561,False,45781.0000,56950.4500,0.8039,0.8039,False,-0.0630,0.2566,-2.4738,False,yfinance
2026-10-08,SOLEX.NS,SOLEX,Solex Energy Limited,Power,Micro,LOW,confirmed,,,680.2000,680.2000,651.0000,653.1500,670.1500,-2.5367,1985.0000,651.2000,2026-09-10,-0.0307,False,42226.0000,101045.1500,0.4179,0.4179,False,1.4997,0.0736,-2.5818,False,yfinance
2026-10-08,STARCEMENT.NS,STARCEMENT,Star Cement Limited,Unclassified,Micro,LOW,confirmed,,,174.3000,175.0000,167.6200,169.6500,174.8800,-2.9906,273.0000,174.5000,2026-10-07,-3.9427,True,222369.0000,187534.3500,1.1858,1.1858,False,-0.3317,0.2751,-6.2243,False,yfinance
2026-10-08,SUMMITSEC.NS,SUMMITSEC,Summit Securities Limited,Financial Services,Micro,LOW,confirmed,,,1310.0000,1330.8000,1297.2000,1305.0000,1320.4000,-1.1663,2495.0000,1301.0000,2026-10-01,-0.2921,False,3943.0000,2782.7500,1.4169,1.4169,False,-0.7876,0.2321,-1.5785,False,yfinance
2026-10-08,SUNCLAY.NS,SUNCLAY,Sundaram Clayton Limited,Metals & Mining,Micro,LOW,confirmed,,,1149.8000,1149.8000,1096.1000,1100.8000,1131.8000,-2.7390,1728.0000,1112.8000,2026-01-27,-1.5007,True,4215.0000,5890.1500,0.7156,0.7156,False,1.5904,0.0875,-8.7768,False,yfinance
2026-10-08,SUPREMEINF.NS,SUPREMEINF,Supreme Infrastructure India Limited,Construction,Micro,LOW,confirmed,,,55.2100,55.5600,49.2100,49.9200,54.6700,-8.6885,110.8800,53.5100,2026-10-07,-8.0359,True,456795.0000,89291.2500,5.1158,5.1158,True,0.9877,0.1118,-35.2907,False,yfinance
2026-10-08,SURAJLTD.NS,SURAJLTD,Suraj Limited,Metals & Mining,Micro,LOW,confirmed,,,181.7000,187.9900,177.9900,184.5700,181.7000,1.5795,348.6500,180.0000,2026-10-06,-1.1167,False,6983.0000,1049.5000,6.6536,6.6536,True,0.0000,0.6580,-1.2078,False,yfinance
2026-10-08,SUZLON.NS,SUZLON,Suzlon Energy Limited,Capital Goods,Mid,LOW,confirmed,,,38.4300,38.4300,36.3100,36.4300,38.3400,-4.9817,61.5000,38.1900,2026-03-09,-4.9227,True,85701657.0000,56282069.8000,1.5227,1.5227,True,0.2347,0.0566,-13.5148,False,yfinance
2026-10-08,SWANCORP.NS,SWANCORP,SWAN CORP LIMITED,Chemicals,Small,LOW,confirmed,,,271.8500,271.8500,254.4000,260.2500,271.8500,-4.2671,493.6000,261.7000,2026-10-05,-2.7895,True,1229944.0000,3867562.1000,0.3180,0.3180,False,0.0000,0.3352,0.0886,False,yfinance
2026-10-08,SWIGGY.NS,SWIGGY,Swiggy Limited,Consumer Services,Mid,LOW,confirmed,,,246.0000,247.2000,234.0000,234.9500,246.0000,-4.4919,459.9500,235.5000,2026-10-01,-0.6369,True,8382103.0000,15603153.3000,0.5372,0.5372,False,0.0000,0.0720,-8.5046,False,yfinance
2026-10-08,SYMPHONY.NS,SYMPHONY,Symphony Limited,Consumer Durables,Micro,LOW,confirmed,,,560.0000,560.0000,536.2500,538.8500,558.1000,-3.4492,970.4500,553.0000,2026-10-07,-3.0289,True,57974.0000,314330.2500,0.1844,0.1844,False,0.3404,0.1095,0.4817,False,yfinance
2026-10-08,SYNGENE.NS,SYNGENE,Syngene International Limited,Healthcare,Small,LOW,confirmed,,,363.7000,363.7000,345.2000,346.0000,360.3000,-3.9689,678.9500,353.3000,2026-10-01,-2.2927,True,333710.0000,613973.3500,0.5435,0.5435,False,0.9437,0.0432,-4.6154,False,yfinance
2026-10-08,TATAELXSI.NS,TATAELXSI,Tata Elxsi Limited,Information Technology,Small,LOW,confirmed,,,3090.0000,3141.3999,2996.0000,2996.0000,3082.5000,-2.8062,5950.0000,3046.2000,2026-10-01,-1.6480,True,244061.0000,254890.0000,0.9575,0.9575,False,0.2433,0.0000,-7.8194,False,yfinance
2026-10-08,TATAPOWER.NS,TATAPOWER,Tata Power Company Limited,Power,Large,LOW,confirmed,,,347.0000,347.7500,334.0000,335.6500,345.1500,-2.7524,464.9000,341.0000,2026-10-07,-2.0528,True,6295578.0000,3838877.0500,1.6400,1.6400,True,0.5360,0.1200,-1.7100,False,yfinance
2026-10-08,THEINVEST.NS,THEINVEST,The Investment Trust Of India Limited,Financial Services,Micro,LOW,confirmed,,,92.4000,92.7900,89.0000,90.7200,90.2000,0.5765,152.9900,89.0000,2026-03-30,0.0000,False,5391.0000,5707.4500,0.9446,0.9446,False,2.4390,0.4538,-0.8174,False,yfinance
2026-10-08,TIRUMALCHM.NS,TIRUMALCHM,Thirumalai Chemicals Limited,Chemicals,Micro,LOW,confirmed,,,147.9000,148.0000,141.0000,142.8400,147.9100,-3.4278,293.9000,141.4000,2026-10-05,-0.2829,False,247640.0000,470254.8500,0.5266,0.5266,False,-0.0068,0.2629,-1.3261,False,yfinance
2026-10-08,TREJHARA.NS,TREJHARA,TREJHARA SOLUTIONS LIMITED,Unclassified,Micro,LOW,confirmed,,,127.4700,132.5000,121.2100,124.4300,127.4800,-2.3925,284.8500,125.7500,2026-10-07,-3.6103,True,22269.0000,20035.1000,1.1115,1.1115,False,-0.0078,0.2852,-8.9558,False,yfinance
2026-10-08,TRF.NS,TRF,TRF Limited,Capital Goods,Micro,LOW,confirmed,,,199.5000,199.5000,191.0000,191.7800,198.0200,-3.1512,404.9000,191.1900,2026-10-01,-0.0994,False,13862.0000,14284.3000,0.9704,0.9704,False,0.7474,0.0918,-11.9294,False,yfinance
2026-10-08,TRIDENT.NS,TRIDENT,Trident Limited,Textiles,Small,LOW,confirmed,,,22.1600,22.3200,21.8000,21.8300,22.3100,-2.1515,30.9400,21.8000,2026-10-05,0.0000,False,3000810.0000,2955045.1500,1.0155,1.0155,False,-0.6723,0.0577,-2.4586,False,yfinance
2026-10-08,TVSHLTD.NS,TVSHLTD,TVS Holdings Limited,Unclassified,Micro,LOW,confirmed,,,11799.0000,11799.0000,11475.0000,11529.0000,11735.0000,-1.7554,16297.0000,11600.0000,2026-10-07,-1.0776,True,10643.0000,7930.9500,1.3420,1.3420,False,0.5454,0.1667,-9.6334,False,yfinance
2026-10-08,UGROCAP.NS,UGROCAP,Ugro Capital Limited,Financial Services,Micro,LOW,confirmed,,,81.2900,81.2900,79.0000,79.7200,81.2800,-1.9193,192.5000,79.2000,2026-09-29,-0.2525,False,114480.0000,177533.3500,0.6448,0.6448,False,0.0123,0.3144,-0.1657,False,yfinance
2026-10-08,UPL.NS,UPL,UPL Limited,Chemicals,Mid,LOW,confirmed,,,497.7500,497.7500,476.4500,481.0500,495.0000,-2.8182,812.2000,494.6000,2026-10-07,-3.6696,True,2055106.0000,2370445.4500,0.8670,0.8670,False,0.5556,0.2160,-9.5400,False,yfinance
2026-10-08,V2RETAIL.NS,V2RETAIL,V2 Retail Limited,Consumer Services,Micro,LOW,confirmed,,,162.0000,163.9100,153.5000,154.8700,163.9500,-5.5383,259.2500,157.3500,2026-10-07,-2.4468,True,4585965.0000,2033866.5000,2.2548,2.2548,True,-1.1894,0.1316,-23.8633,False,yfinance
2026-10-08,VAML.NS,VAML,Vedanta Aluminium Metal Limited,Metals & Mining,Large,LOW,confirmed,,,394.0000,394.8000,372.0000,374.4500,394.0000,-4.9619,537.0000,391.4500,2026-10-05,-4.9687,True,6597010.0000,9752592.8500,0.6764,0.6764,False,0.0000,0.1075,-8.1773,True,yfinance
2026-10-08,VIKRAMSOLR.NS,VIKRAMSOLR,Vikram Solar Limited,Capital Goods,Micro,LOW,confirmed,,,148.9000,148.9000,143.0000,143.3100,148.9400,-3.7800,354.4000,148.5100,2026-10-07,-3.7102,True,2341088.0000,1599671.6000,1.4635,1.4635,False,-0.0269,0.0525,-7.0626,False,yfinance
2026-10-08,VINATIORGA.NS,VINATIORGA,Vinati Organics Limited,Unclassified,Micro,LOW,confirmed,,,1143.0000,1149.9000,1117.3000,1120.8000,1142.3000,-1.8822,1791.1000,1138.5000,2026-10-07,-1.8621,True,47711.0000,65459.4500,0.7289,0.7289,False,0.0613,0.1074,-7.2044,False,yfinance
2026-10-08,VIPIND.NS,VIPIND,VIP Industries Limited,Consumer Durables,Micro,LOW,confirmed,,,281.9000,282.4000,273.8000,275.2000,281.1000,-2.0989,447.3000,277.8500,2026-10-01,-1.4576,True,177297.0000,294708.0500,0.6016,0.6016,False,0.2846,0.1628,-7.6270,False,yfinance
2026-10-08,VMM.NS,VMM,Vishal Mega Mart Limited,Consumer Services,Mid,LOW,confirmed,,,100.1000,100.1500,96.8000,97.0000,100.5000,-3.4826,152.1800,98.0000,2026-09-29,-1.2245,True,17757126.0000,10580127.8500,1.6783,1.6783,True,-0.3980,0.0597,-0.2236,False,yfinance
2026-10-08,VOGL.NS,VOGL,Vedanta Oil and Gas Limited,Oil Gas & Consumable Fuels,Small,LOW,confirmed,,,31.1000,31.2100,29.5600,29.8700,31.1100,-3.9859,47.6000,30.4200,2026-06-19,-2.8271,True,27930239.0000,22873190.4000,1.2211,1.2211,False,-0.0321,0.1879,-12.6320,True,yfinance
2026-10-08,VOLTAS.NS,VOLTAS,Voltas Limited,Consumer Durables,Mid,LOW,confirmed,,,1053.0000,1058.2000,1024.1000,1032.0000,1056.8000,-2.3467,1582.5000,1040.6000,2026-10-01,-1.5856,True,491244.0000,775077.1000,0.6338,0.6338,False,-0.3596,0.2317,-5.0761,False,yfinance
2026-10-08,VSTIND.NS,VSTIND,VST Industries Limited,Fast Moving Consumer Goods,Micro,LOW,confirmed,,,201.3400,203.1000,200.0000,200.8600,201.3300,-0.2334,286.7800,200.0000,2026-03-30,0.0000,False,108251.0000,111518.4000,0.9707,0.9707,False,0.0050,0.2774,3.5597,False,yfinance
2026-10-08,WAAREEINDO.NS,WAAREEINDO,Indosolar Limited,Power,Micro,LOW,confirmed,,,209.9000,209.9000,196.8000,197.0000,207.1500,-4.8998,725.0000,199.4600,2026-10-01,-1.3336,True,211454.0000,149822.1500,1.4114,1.4114,False,1.3275,0.0153,-19.3072,False,yfinance
2026-10-08,WILLAMAGOR.NS,WILLAMAGOR,Williamson Magor & Company Limited,Financial Services,Micro,LOW,confirmed,,,21.7400,22.0700,19.6000,19.9100,21.6300,-7.9519,37.0000,20.5300,2026-10-01,-4.5300,True,10148.0000,3345.7000,3.0331,3.0331,True,0.5086,0.1255,-9.6965,False,yfinance
